-0.01992368 -0.03826620 -0.02398963 +0.01701947 -0.01031379 +0.01816437 -0.03313063 +0.05217863 -0.01083693 +0.04713090 +0.03423710 -0.03173164 -0.06104615 +0.03697275 -0.02611960 +0.05127141 -0.02913936 +0.02358436 +0.05057162 -0.01328761 +0.05515644 +0.00263464 +0.00746162 -0.01679488 +0.05133363 -0.03870011 -0.03335401 +0.05009791 +0.01323298 -0.04699370 -0.00937130 -0.00474223 +0.02605980 -0.03063234 -0.03716926 +0.01289534 -0.03418865 -0.02605090 +0.00612474 -0.03120648 +0.04324115 -0.02343951 -0.02251515 -0.03601173 -0.03900091 +0.05126534 -0.01276603 +0.02204276 -0.01043011 +0.04001302 -0.06061832 -0.00227270 +0.03946900 -0.02345971 +0.02081507 -0.02145496 -0.00118883 -0.02622891 -0.00581638 +0.03911297 +0.03184420 -0.08093958 +0.03935932 -0.04200115 -0.03984834 -0.02833745 +0.01603848 +0.05128051 -0.02370271 +0.03007999 -0.05502536 +0.02247492 -0.02810586 +0.01230491 +0.02022905 +0.03994036 +0.01371468 -0.04207096 -0.01702445 -0.02659739 +0.04851508 +0.00422130 -0.05629668 +0.01119650 +0.04800801 -0.02821264 -0.02123541 +0.00530141 +0.01394929 -0.04049317 -0.02017201 +0.02328121 +0.03361221 -0.05829212 -0.00748040 -0.00201397 +0.03744420 +0.00155820 -0.02192372 -0.02428265 -0.03690279 -0.02460747 +0.04117394 -0.02763790 -0.01687391 -0.02606812 +0.05899478 -0.03290518 -0.02556887 +0.02667697 +0.03080467 +0.02835400 -0.02781022 -0.02069063 -0.05546844 +0.05712230 +0.00359492 -0.02489034 -0.05248057 -0.04502007 -0.02891514 +0.00958351 -0.06137612 +0.00747933 +0.01753568 -0.02397053 -0.01927406 -0.04604026 +0.04312694 -0.01576478 -0.06282903 -0.05714264 +0.00499426 +0.03700140 -0.01466743 -0.06167731 +0.02151071 +0.03430974 +0.05072065 -0.04170751 -0.01900923 -0.04809849 -0.01174326 +0.06554592 +0.06931186 -0.03797740 +0.04976844 +0.06169439 +0.06460093 -0.06558034 -0.02867322 -0.00659364 -0.04879432 +0.03321841 +0.05402982 +0.04378661 -0.03918203 +0.05258992 +0.04453371 -0.01596005 -0.00399781 +0.03371893 +0.03128697 -0.03324441 -0.01347983 +0.00101136 +0.00267690 +0.04528329 -0.05895824 +0.05511825 +0.03269744 -0.03404934 -0.05873905 -0.02805359 -0.03059215 +0.02518212 -0.02758732 -0.02432504 -0.00785548 -0.02500485 +0.06938864 +0.01174978 +0.01945831 -0.00571454 -0.04763571 +0.02313154 +0.03781841 +0.05631748 +0.05648543 -0.04594831 +0.02883338 -0.04100089 -0.05002659 +0.04309297 +0.05997469 +0.00465197 -0.03378418 +0.03982773 +0.00244627 -0.05374071 +0.03540064 -0.03008659 +0.02664696 -0.03450913 +0.05695895 -0.05329974 -0.02320704 -0.05380381 -0.05116883 -0.02015504 +0.03804408 -0.01921989 -0.05662992 -0.05650591 +0.02734601 +0.03441952 -0.04889746 -0.01745911 +0.00731163 +0.02573976 -0.05180947 -0.05535842 -0.04036504 -0.04451958 -0.00161490 +0.03735899 -0.00382586 -0.03648519 -0.06122391 -0.02212589 -0.03617702 -0.02050059 +0.00733157 +0.00754460 +0.05556607 +0.04115690 -0.01077447 -0.00422967 -0.01943260 -0.03305027 -0.04452308 -0.00138140 -0.05540302 -0.01594519 +0.04338271 +0.01714667 +0.02849797 +0.00326578 -0.00648741 -0.01071387 -0.05574752 +0.02835668 +0.06599795 +0.05950803 +0.06034146 -0.05700428
-0.08785148 +0.08044315 -0.05210016 +0.10394676 -0.03175547 +0.00536841 +0.09774064 +0.04614556 -0.04709687 -0.04947766 +0.13562922 -0.03826832 +0.01270859 +0.07176295 +0.00366072 -0.09641842 -0.04351043 -0.00411697 -0.01368764 +0.07902801 +0.04449544 +0.02165030 -0.07922951 +0.02545887 +0.12776111 +0.04651246 -0.00361555 +0.00098153 +0.07326324 +0.00133911 +0.01133279 +0.01759167 +0.02311585 +0.08400601 +0.09105617 -0.08380924 -0.00386555 +0.08597971 +0.04776955 -0.07211620 -0.02769528 +0.06327736 +0.03542004 -0.04407529 +0.04830717 -0.00372175 -0.06669220 +0.04920638 -0.06271736 -0.00666803 -0.00182896 +0.00175838 -0.02376103 -0.05056876 +0.05704460 +0.03782981 -0.02196261 -0.11782701 +0.07053155 +0.00472743 +0.05959976 -0.12247009 +0.08599904 +0.07830495 +0.00059263 -0.07608270 +0.10389253 -0.05052587 +0.06655673 +0.03540846 -0.10874703 +0.03904811 +0.10431935 +0.00357360 +0.03586909 +0.03524804 -0.01580974 +0.08525624 +0.05054622 -0.04023189 -0.01799918 +0.02168600 -0.05362923 -0.02703861 -0.11714881 -0.08104522 -0.01943292 -0.06625054 +0.00269201 +0.06657548 +0.00956988 -0.04990241 -0.04077424 -0.09495846 +0.00120470 +0.05548831 -0.07913402 -0.04765153 +0.06810281 -0.03704238 +0.10082128 -0.09142870 -0.01053397 -0.06008213 -0.03912430 +0.03755229 +0.04785696 -0.07344135 -0.03897284 +0.06846000 +0.04495225 +0.04285571 +0.03101908 -0.05225988 -0.07537154 -0.08601479 +0.07760282 +0.06544247 +0.03009829 -0.06488517 -0.03476957 +0.03206851 +0.04548126 +0.01014479 -0.04814551 -0.10810127 -0.04089490 -0.00103531 +0.04519617 +0.02902379 -0.01990489 -0.01859782 -0.05753999 -0.07211595 -0.02191820 +0.02272370 -0.01141883 +0.04374082 +0.09986848 -0.07048823 -0.05115714 +0.05462166 +0.11661512 +0.03732906 -0.03213161 +0.07930240 +0.10722520 +0.03893773 +0.04621524 +0.04260986 +0.03152914 -0.02689255 +0.05518401 +0.07121211 -0.00744935 -0.03260860 -0.06431060 -0.01266177 -0.00876987 -0.03733850 +0.02592223 +0.02017481 +0.04132644 -0.07770471 +0.00793784 -0.07162660 -0.09375857 -0.05248884 +0.05065533 +0.02809394 +0.03414631 +0.04244919 +0.00851293 -0.00906755 -0.08839820 +0.09831986 -0.03895069 -0.04684326 +0.04175395 -0.02546005 +0.04329248 +0.08433675 -0.04068048 -0.04808278 -0.05452610 +0.08404055 +0.06473896 +0.05197310 +0.04667279 -0.00396897 +0.01730060 -0.04729839 -0.07007426 -0.05091451 +0.09191518 +0.05545143 -0.05418876 +0.04034367 +0.04809459 -0.02298504 -0.07316913 +0.00006165 -0.14658654 -0.04319258 +0.00427979 +0.00112374 -0.02597035 +0.04228376 +0.08628951 +0.10109604 +0.07233091 -0.00193279 -0.09928007 +0.06236410 +0.00995935 -0.00970230 -0.01020399 +0.05892035 +0.08086701 -0.10864189 -0.00349035 +0.01840786 +0.02856674 -0.05856234 -0.03089437 +0.02621214 -0.01245189 +0.06179996 +0.05599220 +0.03182911 -0.02805570 -0.12608951 -0.02161306 -0.01693108 +0.08644292 -0.08174081 +0.11202633 -0.03452655 -0.03168582 -0.01428117 -0.08802578 +0.14583808 -0.03511998 -0.02920199 -0.07126971 -0.07892957 +0.01967923 -0.00094132 +0.00147834 -0.09897406 -0.04025454 +0.02271681 +0.11258329 -0.04994109 +0.09867570 -0.14658029
+0.06987993 -0.00111194 +0.06135413 +0.07180136 +0.03288458 +0.04433828 +0.02683106 +0.02372553 +0.04185062 +0.02111376 +0.06287561 -0.00436839 -0.00173623 +0.05188544 +0.08732270 +0.04482832 -0.00211334 +0.00126883 -0.03567358 +0.06571589 +0.05397399 +0.13059257 -0.07298283 +0.02635527 -0.04601331 +0.06802622 -0.01179743 -0.01758151 +0.06909821 -0.03103341 +0.09208846 +0.03024875 -0.09385306 -0.06968056 -0.08874234 -0.02296683 -0.03278053 +0.09233107 +0.00915385 -0.04808086 +0.06204154 +0.05174716 +0.04915258 -0.01988251 +0.00109441 +0.01823350 -0.02561486 +0.09766549 +0.09776431 -0.02766069 -0.01976542 -0.08389138 -0.03827297 -0.04093891 +0.00713715 +0.05350939 +0.08788811 -0.09395653 +0.06225210 +0.10828476 -0.02829301 -0.10546094 +0.03658474 +0.05142721 +0.00090387 -0.05949361 -0.04174221 -0.04123298 +0.04281393 -0.09752507 +0.06155223 -0.04673928 -0.00476220 +0.02960855 +0.05462250 +0.08765338 -0.05785807 -0.02232157 +0.05233210 -0.11953115 -0.03469318 +0.01438982 +0.00437217 +0.01837064 -0.04762377 +0.06629913 +0.01364736 +0.01971276 +0.06997918 -0.12589484 +0.07085791 -0.04245013 -0.05134713 -0.04024498 +0.05392527 +0.00666499 +0.00814159 +0.01539346 -0.05226110 -0.00911296 +0.04946067 -0.13605563 +0.09161478 +0.01603199 -0.02042935 +0.04686270 +0.05506693 -0.03628673 -0.05589454 +0.04566934 +0.03158284 -0.10347088 +0.11084615 +0.06982491 -0.01682439 -0.07608766 -0.01865580 +0.01619935 +0.08440054 -0.04398368 +0.05539816 -0.03344052 -0.00880944 +0.13946326 +0.00981866 -0.01002832 +0.03402063 +0.06540123 +0.01036479 +0.08348758 +0.00951935 -0.11022125 +0.00727521 +0.01616284 -0.06429908 -0.07997537 -0.00112248 -0.13598293 +0.04569361 +0.02647099 +0.00937093 +0.00266250 +0.03742532 +0.12646635 +0.09854412 -0.08042710 +0.01276480 -0.01545794 -0.01942165 +0.01272336 -0.07193027 +0.05784434 +0.03208442 -0.16049856 +0.02837860 +0.08071727 +0.08338967 -0.01380162 +0.02233707 -0.05455697 +0.02891440 -0.02473458 +0.03466861 +0.08391200 +0.02641909 +0.09616409 -0.05598636 -0.01091550 -0.05672113 +0.05186591 -0.05914072 -0.05469937 +0.04398125 -0.03041477 +0.07980482 +0.01686124 +0.04178707 -0.00668219 -0.03369287 +0.07989179 -0.03981546 +0.05172115 +0.04661121 +0.03010403 +0.06234038 -0.07647808 -0.00806410 +0.13342331 +0.02731388 +0.07181735 -0.05925908 -0.03514028 -0.00137213 -0.05904204 +0.05473312 -0.07430889 +0.06818507 +0.13910232 -0.11046033 -0.00202427 +0.00629371 +0.09733327 -0.06083387 +0.05018444 +0.06283092 -0.01927253 -0.05661790 -0.06470387 +0.06693078 -0.06246945 -0.06218872 -0.04195323 +0.06868237 -0.05444382 +0.04855454 +0.08617422 -0.03469275 +0.05149166 -0.08823765 -0.00643362 -0.06661250 -0.09342103 +0.04221687 +0.07999836 +0.02992832 -0.09732783 -0.06278426 -0.02542822 -0.04863159 -0.08451319 +0.03136389 +0.02878725 -0.11026613 +0.01056011 +0.06470227 +0.02657772 +0.01011478 -0.08211460 -0.06963230 -0.01417750 +0.07039747 -0.02127875 +0.04958212 +0.09009296 -0.07215707 +0.06669600 +0.06086100 +0.00661224 +0.05840005 -0.10013463 +0.01756910 +0.04517779 +0.05921583 -0.04071234 +0.03266510 -0.03115053
+0.08085959 -0.06128849 +0.06037088 -0.05705928 -0.03486096 -0.02595516 -0.10092010 +0.04286513 +0.08018293 -0.02818398 -0.00563094 -0.00228496 +0.05589645 +0.00256640 -0.02699428 -0.02153724 +0.06216232 +0.04559255 +0.10521837 +0.00192801 -0.01661150 +0.03530761 +0.03513859 -0.01186558 +0.05661174 +0.07135651 +0.06130642 -0.06314294 +0.04337360 +0.01991233 -0.04845544 -0.02667788 -0.03526415 -0.05187337 +0.01076956 +0.20397264 +0.06659038 -0.02842674 +0.02102779 +0.10049850 +0.01177836 +0.01384525 +0.08114568 +0.08000561 +0.05783202 -0.05850624 -0.01785165 -0.15145853 -0.03204598 -0.09168604 +0.05395447 +0.00962148 -0.12870736 -0.03727501 -0.08358953 -0.05039974 +0.11895258 +0.05368777 -0.07114899 -0.05439642 -0.03576297 -0.03285874 +0.01578275 +0.02034091 -0.00745472 -0.04375412 -0.01974344 +0.03612785 +0.03806335 +0.03825729 +0.00497188 -0.04383199 -0.04541001 +0.01343136 -0.11715955 -0.08849213 -0.09235792 +0.05115541 +0.09826799 -0.03402314 -0.13567397 +0.05877784 +0.08568818 -0.01404189 +0.03947984 +0.10564847 +0.03496289 +0.03823651 +0.01147119 -0.02858574 -0.00182360 -0.00485619 +0.14335324 -0.00042126 +0.05090592 -0.02637983 +0.01920709 -0.00857091 +0.02455511 -0.10425796 -0.12180329 +0.01554233 -0.02324312 -0.04096677 -0.04506218 +0.03581708 -0.05353770 -0.00428140 +0.08170048 -0.02029167 +0.05387252 +0.06509168 +0.07865848 -0.03535627 -0.06446551 +0.08662964 +0.07471709 -0.03276175 -0.00639840 -0.13258566 +0.15595305 -0.04075095 +0.02682846 -0.04676348 -0.05727250 +0.07543188 -0.05479421 -0.04271217 +0.02089475 -0.00141119 +0.12506454 +0.04240727 +0.02572011 -0.04697438 +0.09776205 +0.02121611 -0.02277914 -0.03089274 -0.02117749 -0.03538230 -0.07216399 +0.07477879 -0.04784393 +0.04301093 -0.02208169 +0.01784954 +0.01552746 +0.05064359 +0.04393742 -0.05107888 -0.01137594 +0.06316067 +0.03271631 +0.12143084 -0.00996112 +0.00267976 +0.04646600 +0.05027519 +0.02838138 +0.05081685 -0.02663985 +0.00150528 +0.03723766 -0.01875463 +0.06246044 +0.01369391 +0.08072443 +0.11101524 +0.04501639 -0.06852183 +0.07496270 -0.00777117 +0.04052093 +0.06994574 -0.01329751 -0.00544086 +0.04423447 -0.03499024 +0.03487723 +0.00704507 +0.05948707 -0.08478492 +0.07821041 -0.06380022 +0.10764095 -0.15281305 +0.03316338 -0.04415635 -0.05825254 -0.11627338 +0.05333550 +0.06659800 +0.02882068 -0.01020691 +0.03383318 +0.00903222 +0.04784634 -0.01955621 -0.09105041 +0.05956024 +0.08460096 -0.05702882 +0.04885127 -0.06250047 -0.00156828 -0.00149326 -0.04027579 -0.07519874 +0.00632619 -0.04015464 -0.06670997 +0.04077874 +0.07193594 +0.00977547 +0.03239069 -0.05940604 +0.07255260 -0.01497336 +0.01819654 +0.04315632 +0.11290362 -0.01285053 -0.02118013 +0.03412680 +0.11000120 -0.05560442 -0.05591229 -0.01764284 +0.01984292 +0.04977049 -0.05170181 +0.00120106 +0.08085069 -0.00186497 +0.02156877 -0.00538600 -0.01955172 +0.11520590 -0.05760366 -0.03810599 -0.09947257 -0.13618354 -0.08684428 -0.02863125 +0.06180737 +0.06158981 +0.03062570 +0.03059364 +0.07596160 -0.01246515 +0.01471632 -0.03961618 -0.08765892 +0.04985362 +0.07894721 +0.02460916
+0.06839730 -0.08121890 -0.00513643 +0.03158536 -0.04700658 -0.00277067 +0.01229961 -0.06965087 +0.03391203 +0.04697173 +0.00168821 -0.03610943 -0.00790817 +0.01261156 -0.01610270 +0.02436015 +0.06738882 -0.00113345 -0.02017857 +0.03486636 +0.03735116 +0.05262049 +0.05885429 +0.02245878 -0.00465942 +0.09045105 +0.01292497 -0.01435237 -0.02815025 +0.02581093 +0.00649574 -0.02115491 +0.06930966 -0.02416729 +0.02392380 +0.04107035 +0.08804646 -0.05031988 +0.00979323 -0.01600829 +0.00088053 -0.11559388 +0.02435493 +0.06635687 +0.08848660 -0.04543032 -0.04083398 -0.10268746 +0.00484359 -0.00553240 -0.03433958 -0.01600423 -0.05888927 -0.05022561 -0.05415184 -0.01371212 +0.05191160 +0.00851969 -0.01835554 -0.05629116 +0.03393973 +0.01006238 -0.00675475 -0.00178769 -0.05023652 +0.03889871 -0.07412539 +0.04473918 +0.02857161 +0.03246562 -0.00993911 +0.02827617 +0.00099312 +0.04001940 -0.04870532 -0.02413506 -0.04474921 +0.06171993 +0.02398631 +0.04683102 -0.05669514 -0.03712088 +0.09058298 +0.03174614 +0.03229900 -0.01302713 -0.02505525 +0.02207876 -0.04448755 +0.02272153 +0.01610697 +0.03783008 +0.04436303 +0.08463272 -0.04863976 -0.03670824 +0.04184811 -0.07894808 +0.04391472 -0.01679455 -0.08822552 -0.02930226 -0.03133532 -0.06088739 +0.02883272 -0.05880513 -0.09034158 -0.03406996 -0.00479244 -0.08042835 +0.01025928 +0.04978887 +0.01610765 +0.06192589 +0.07525607 +0.02757946 +0.05112258 +0.08918307 -0.05294711 +0.05219447 +0.06713173 -0.00149192 +0.04406023 +0.03866560 +0.02290647 -0.05525372 -0.01415552 -0.06128556 -0.03073627 +0.02578970 -0.06109722 -0.03793209 +0.01983029 +0.03526925 -0.01653902 +0.10539036 -0.06446242 -0.03811780 -0.02802838 +0.06571669 +0.03791362 +0.06234284 -0.00519942 +0.04148703 +0.05987989 +0.12820502 -0.02227687 +0.04458708 -0.00185142 +0.00604768 +0.02168610 -0.00143495 -0.03709904 +0.05392008 +0.00393749 -0.00901602 -0.03113708 +0.00110732 +0.01695435 -0.05237295 +0.02519136 +0.07065645 +0.02831151 -0.06236810 -0.06206333 -0.01849329 +0.08711676 -0.05001632 +0.05691797 -0.02929111 +0.01050573 +0.00925052 +0.04789546 +0.05448794 +0.06645375 -0.01446280 -0.07013969 -0.02067191 +0.00205704 -0.01839941 -0.03924970 +0.02899382 +0.08085609 -0.02172180 -0.06721971 +0.02756688 -0.01783431 -0.08336479 -0.05285896 -0.00772629 +0.13214020 -0.00699986 -0.08039909 +0.09489089 -0.05646929 -0.04196335 +0.01918953 -0.00846755 +0.01092701 -0.03276385 -0.00492427 +0.02538241 +0.06016370 +0.04321027 -0.03435483 +0.03727843 +0.05480478 -0.06066886 +0.01971143 -0.05336282 +0.03610864 +0.01174651 +0.01890458 +0.02058895 -0.05909106 +0.03691798 -0.04048638 +0.04318278 +0.07214291 +0.13637808 -0.01196684 +0.05427622 +0.04461225 +0.00354700 +0.05189588 -0.02593322 -0.03897865 +0.02072687 +0.02505542 +0.04395732 -0.05076893 +0.07841667 -0.02405320 +0.06762446 +0.05605023 +0.02456808 -0.05011626 +0.07482296 +0.00601716 -0.03722881 +0.05573038 -0.01919063 -0.06829512 -0.02202613 -0.06955406 -0.00704299 +0.00859322 -0.09507879 -0.02485176 -0.02930599 +0.06805947 -0.00040745 +0.00935191 +0.03784176 -0.05684460 +0.05778173
+0.05561026 -0.01527771 +0.00955980 -0.03022481 -0.05717105 +0.00835734 -0.05632627 -0.01482475 +0.00375420 +0.03479826 -0.02534478 +0.00346434 +0.05979188 -0.07370409 +0.02487741 +0.05744792 -0.05132759 -0.08339440 -0.07879001 +0.06259367 +0.04267224 +0.03900101 +0.11895373 +0.06657550 -0.03287499 +0.02420799 +0.04907475 +0.13712828 -0.00993732 -0.10838712 +0.05586684 -0.05678331 -0.05092713 -0.16759109 -0.05777518 -0.07267372 -0.09127953 -0.11436088 +0.02549052 +0.03056683 +0.08410603 +0.04281278 +0.04262650 +0.05004508 -0.05331695 +0.06872395 +0.04352471 -0.05081953 +0.02242236 +0.08900098 +0.03029724 -0.10126583 -0.01270061 +0.00347850 -0.05589946 +0.02851643 -0.12907079 +0.10684095 +0.03489401 +0.00475035 +0.09159106 +0.14542121 -0.02987450 +0.09870630 -0.03795826 -0.02354293 -0.09968290 -0.04522966 -0.04557144 -0.02043999 +0.14736649 +0.04275161 -0.07956271 +0.04258434 +0.00052281 -0.08555414 -0.00421145 +0.10919512 +0.06401929 +0.01421819 +0.11250719 -0.09624329 +0.09757780 -0.07043231 +0.06387058 -0.06933446 -0.12571435 -0.00670205 +0.00370234 +0.03576346 -0.00006725 +0.01616372 +0.00412190 -0.01782660 -0.06221698 -0.10139628 -0.00708517 +0.05292862 -0.09694559 +0.06519970 +0.10209101 +0.01025238 +0.04985886 -0.02005735 +0.09129221 -0.08929125 +0.03954592 +0.11212053 +0.10873680 +0.03524254 +0.01345001 -0.10747856 +0.02746159 -0.02428491 +0.04570028 +0.07403146 -0.13995971 +0.03830718 -0.06736455 +0.13567607 -0.09383199 -0.11625327 -0.05153390 -0.01186734 +0.03297417 +0.05579787 +0.08009282 +0.00063217 -0.09191664 +0.01940926 +0.06742832 -0.08069366 +0.01018317 -0.00392681 +0.09385250 -0.01644357 +0.05614651 +0.03704768 -0.06577726 +0.04229141 +0.01694762 -0.06980078 -0.02977624 +0.04494022 +0.02192193 -0.04588002 +0.05270337 -0.07706198 +0.06186413 -0.02849534 +0.03339579 +0.01181213 -0.01913727 -0.08703358 -0.00875813 -0.03732781 +0.04001349 -0.02498833 -0.04909787 -0.00771324 +0.00215219 +0.04787304 -0.09004345 +0.09980562 -0.00632064 -0.04012564 +0.02151058 -0.08200213 -0.01915948 +0.01151216 +0.03107025 +0.05101856 -0.03934752 -0.03284368 +0.02904152 +0.08477083 -0.05386198 -0.05015511 -0.02501865 +0.07633895 +0.00344930 +0.01212098 +0.03039046 +0.07657636 +0.03061287 +0.05493747 -0.03541488 +0.03434294 +0.05356539 +0.02440582 +0.00323626 +0.02289816 +0.14413439 +0.14440115 +0.03679752 -0.03664570 +0.07515127 -0.16547470 +0.13635489 -0.04524840 +0.10969001 -0.09554658 +0.02071945 -0.03784147 +0.12983131 -0.05034429 +0.02205090 +0.00509011 -0.07677058 +0.00213313 -0.07970694 +0.01758497 +0.03179479 -0.01335560 +0.08685911 +0.10098544 +0.10663258 +0.01105950 -0.01833324 +0.11671437 -0.07012405 -0.06737103 +0.02350019 +0.00356292 -0.11601007 +0.04730738 +0.03787243 -0.03603255 -0.04744184 -0.09561807 -0.00419997 -0.00732982 -0.12123776 +0.01214169 +0.00029583 +0.03624116 -0.01998436 -0.02286770 +0.06380508 +0.04689224 +0.03947583 -0.00362036 +0.03359100 +0.03187766 +0.07117762 +0.04933955 +0.08518836 +0.08390095 +0.00455702 +0.07158905 -0.10831218 +0.14328536 -0.09287612 +0.06316386 -0.03925767 +0.09200099
+0.00273378 -0.12713224 +0.07723438 -0.04916886 +0.04118825 +0.04025970 +0.02908732 -0.01174942 -0.03187265 +0.03461510 +0.02290144 +0.01302689 -0.04676633 -0.06110459 -0.01595853 -0.07183589 +0.05072804 -0.02289308 +0.04864226 -0.04703506 -0.07712808 +0.01548918 -0.09291029 -0.02769375 +0.13196732 +0.07124890 -0.01636919 -0.02775097 -0.10361455 -0.02212499 +0.00386204 -0.03280887 +0.01437227 +0.02992931 +0.03115371 -0.05358506 -0.02511602 +0.03832473 -0.00913964 -0.10271808 -0.03866529 -0.02065593 +0.01783701 +0.01660206 -0.04302118 +0.01000500 +0.03145490 +0.03900604 +0.08645209 -0.01694957 -0.02587720 -0.00895885 +0.00152246 +0.06345603 -0.00938412 +0.03047965 -0.03616583 -0.01726411 +0.08604100 -0.00091810 +0.08511439 +0.01996548 +0.01931374 +0.05521262 +0.05478251 +0.06362647 +0.13164151 -0.04652447 +0.10528987 -0.01676269 -0.13803649 -0.08644307 +0.00525084 -0.04347244 +0.05403590 -0.01352270 -0.00350563 +0.02455920 -0.04320595 +0.03023367 +0.08633153 +0.07971120 -0.07605969 +0.06875955 +0.03302949 -0.00918629 +0.07983726 +0.08607378 +0.02048028 +0.01748755 +0.06119438 +0.04935685 -0.08722609 -0.00889456 +0.01306051 +0.06165269 +0.10076393 -0.09105401 +0.01070854 -0.00380166 -0.04769206 +0.06385538 -0.04103386 -0.04104503 +0.09969855 +0.02552927 +0.07582009 +0.05538377 -0.08533478 +0.00749990 -0.00298969 +0.11031423 +0.06930165 +0.03615016 +0.04872555 -0.02951828 +0.08194298 -0.08548395 -0.03309573 -0.01786522 -0.04154226 +0.09472013 +0.05418235 -0.09862854 +0.08176399 +0.04975543 -0.02304422 -0.03065562 +0.03276711 +0.02906641 +0.00309752 +0.11831118 -0.03713538 -0.06324086 +0.09163478 -0.04251805 -0.07645666 -0.00771993 +0.09521694 -0.01920441 +0.04606209 +0.02705303 -0.03689280 -0.10671430 -0.02098770 -0.13432471 +0.09084377 -0.05523489 -0.04217288 -0.07800517 +0.08524489 +0.03626639 +0.00189023 +0.02924309 +0.03976315 +0.02076064 -0.05036769 +0.04539491 -0.00837570 +0.06612824 -0.00370823 -0.04670348 -0.07362069 -0.08682282 -0.05296877 -0.06892198 -0.01459906 +0.04337644 -0.03484154 -0.08964033 +0.07280916 -0.09836714 -0.08057290 +0.00475009 -0.08750824 -0.15649161 +0.06471026 +0.01014280 +0.04563579 -0.07717757 +0.02252147 -0.01421371 -0.08994799 -0.12361152 -0.07083602 +0.09086185 -0.03185262 +0.04848151 +0.01712160 +0.01643006 -0.02383986 +0.01752775 +0.04892319 +0.03015863 +0.05385932 +0.01212144 -0.01548239 -0.13753708 -0.05930803 +0.01079048 -0.01203425 +0.04082832 -0.03810128 -0.05939702 +0.03438143 -0.03513962 -0.06802009 +0.00417221 -0.00857952 +0.05636906 -0.03896895 -0.01325590 +0.00273800 +0.11246890 -0.07805943 +0.01667772 -0.00246921 -0.05524047 +0.01643870 -0.08935473 +0.08046782 -0.00254551 +0.02292279 +0.05685723 +0.01562429 -0.02325090 +0.00317235 +0.06207468 -0.03035049 -0.02296598 +0.01929263 -0.01972699 +0.01854909 -0.07649213 +0.09416509 -0.06800719 +0.06000017 -0.03169015 +0.10089118 -0.00609441 -0.06587093 +0.05143461 +0.05025203 +0.00179526 +0.05684891 -0.07793935 +0.01822846 -0.03883516 -0.08733170 +0.09021948 +0.01492942 -0.04493058 +0.03155738 +0.05855390 +0.08736134 -0.04372497
-0.00110573 +0.12582949 -0.01503472 +0.02839139 -0.06654648 -0.02703518 +0.09315616 -0.02046126 -0.08089111 +0.07297184 +0.08789019 -0.05221942 -0.03089893 -0.02258961 -0.00833514 -0.01451001 -0.00134804 +0.01325230 -0.04565429 +0.07632382 -0.01107438 +0.07656664 -0.00822494 -0.05484343 -0.01850906 -0.07326496 -0.05405448 -0.01025251 +0.08550456 -0.00397069 -0.03680937 -0.04091571 -0.00284769 -0.05245702 +0.02719320 -0.04785997 +0.08402613 +0.03511576 -0.03708211 +0.03759179 +0.02399544 +0.01439371 +0.02246688 +0.00873927 +0.03147910 +0.04866754 -0.02599280 +0.01840392 +0.04360122 -0.00104406 -0.01034547 -0.01900350 +0.06582712 -0.02301477 +0.01176025 +0.02414750 +0.06207821 +0.03015564 -0.04811586 +0.05320768 -0.03637892 -0.01652989 +0.02766518 +0.06186009 -0.02936336 -0.01497486 -0.09518638 -0.07732692 -0.00047102 -0.00750877 +0.03973695 +0.08261421 +0.04249489 +0.04203167 -0.01423660 +0.05005354 -0.04863344 -0.06204791 +0.04207903 +0.03036046 +0.00387560 -0.02404585 -0.03368515 +0.05785511 -0.02138801 +0.05594232 -0.09184992 +0.01526687 +0.00696887 -0.10542578 +0.00879677 -0.05340317 +0.00364734 -0.01065204 -0.02881475 -0.01696433 -0.00695369 +0.02398120 +0.00059567 +0.00168833 +0.09633390 -0.03503164 +0.05892617 -0.01008031 +0.00287666 +0.07870024 +0.05547614 +0.01847931 +0.09899497 +0.03049771 -0.04957683 -0.07164669 -0.01222844 +0.02460103 -0.09523708 +0.05317412 +0.05396413 -0.01266574 +0.03485340 +0.03432576 +0.01541037 -0.00936445 +0.03333957 +0.08176568 -0.02689176 -0.07850525 +0.02823721 +0.21536838 +0.06729361 -0.04221103 -0.01346338 -0.00391531 +0.02203484 -0.06953409 -0.05015694 -0.02418717 +0.02557063 -0.11141751 -0.08905730 -0.01901914 +0.07594217 -0.02575688 -0.04436646 -0.01248480 -0.02707514 +0.03637823 +0.00390774 -0.02470680 +0.09708537 +0.06526146 -0.05627751 +0.04292415 -0.00159008 -0.01505996 -0.01545374 -0.00735435 +0.00062247 +0.00636715 -0.00617017 +0.04016127 +0.03401257 +0.06775894 +0.07340704 +0.03648129 +0.04788857 +0.07243886 -0.03124328 -0.06531906 -0.04212881 -0.00538034 -0.04101855 +0.05911886 +0.00121820 +0.04517389 +0.01002456 +0.09149027 +0.05295163 +0.06377009 -0.01137517 +0.07327665 +0.02445272 +0.05577420 -0.04237365 +0.01223599 -0.00673091 -0.07986192 +0.01653835 +0.04557092 -0.03549486 -0.03783996 +0.10070562 -0.00880469 +0.03762197 +0.03732195 +0.06290115 -0.04827723 +0.08024259 +0.15062895 +0.01359572 +0.00034900 +0.06579737 -0.00084417 -0.03506722 +0.06964232 +0.05201876 +0.07839622 +0.00579349 +0.04639918 +0.04687431 +0.06062411 +0.02331362 -0.01764685 -0.07147338 -0.01150720 +0.03754348 -0.09022664 -0.01642664 +0.01626980 -0.04055671 -0.01780849 -0.01786736 +0.01253857 +0.03958580 +0.03723314 +0.03525162 +0.08501080 -0.00615454 -0.03097843 -0.07484541 -0.06796899 -0.01414511 +0.07777394 -0.08461492 +0.03860672 +0.04653024 -0.05879920 -0.02153667 +0.00412990 +0.02316316 +0.01041587 +0.00053696 +0.00504499 +0.03479464 +0.03934367 -0.02521783 -0.00808297 -0.02152420 -0.02340142 +0.02651332 -0.06877679 +0.03613579 +0.00883141 +0.08796453 -0.06300534 -0.04090822 +0.04230468
-0.01952415 -0.04736406 +0.04341037 +0.03211222 +0.03235060 +0.02930803 +0.07339539 +0.02007302 -0.02367280 +0.02358525 -0.04970859 +0.04690308 -0.06869685 -0.00450907 +0.04028207 -0.01037974 +0.02717608 +0.06053163 -0.04438045 -0.14730138 -0.01328962 -0.10657161 +0.01523468 +0.00634623 -0.08002925 +0.04189912 +0.03997350 +0.05559813 +0.06881490 +0.09861587 -0.02092515 -0.15949979 +0.02123809 -0.01870452 +0.07399117 +0.06365226 +0.08243957 -0.07259712 -0.02869219 +0.06009942 +0.03328329 +0.01091862 +0.05370950 +0.05335380 +0.10677090 +0.03364899 +0.04084679 +0.00717780 +0.00319737 -0.03096921 +0.03850615 +0.09441182 -0.04918335 +0.03740873 -0.05855123 -0.08171494 +0.03987718 +0.04428122 +0.03570541 -0.06723797 -0.00038849 -0.01624234 -0.00307059 -0.03808101 +0.02574095 +0.05832777 +0.04333540 +0.01124781 -0.00938175 +0.06794906 +0.01427592 +0.01384901 -0.04946376 -0.04181962 -0.10475439 +0.03107362 -0.02679570 +0.11485951 -0.04049875 +0.04379258 +0.01629574 -0.04875501 -0.00998043 +0.03910367 +0.03925788 +0.00357630 +0.01202571 +0.01592350 +0.04804228 +0.04411581 -0.00033149 +0.06771632 +0.07081288 +0.05990729 -0.05104980 -0.04864774 -0.04018685 +0.04023503 -0.03006171 +0.04450365 -0.01792284 +0.14711653 -0.07674521 +0.01124719 -0.09326804 -0.00466332 +0.07162651 +0.08390057 +0.06499498 -0.00216836 +0.02112872 -0.02586257 +0.06247772 -0.01939806 -0.00328814 -0.02205013 +0.04512873 -0.01905216 -0.00712699 +0.03774664 -0.01986392 -0.00827981 -0.01780508 +0.01341850 +0.07291967 +0.06474170 -0.03313938 +0.01693176 +0.05235149 -0.10809795 +0.03537256 -0.03579691 -0.13125196 -0.01863674 -0.00639000 -0.00345423 -0.07596711 +0.02846077 +0.06587140 -0.01866944 +0.02372947 +0.08922028 -0.05782011 -0.02634304 -0.02970701 -0.05985079 +0.06798595 +0.01426868 +0.03022210 +0.02549074 -0.01828259 +0.02673938 +0.01447836 +0.07371839 -0.04651162 -0.03780578 +0.01897945 -0.03708524 -0.04036212 +0.04009978 -0.02044233 -0.04727425 -0.01120682 -0.01490756 +0.08832116 +0.00353659 +0.02930921 -0.00928301 -0.02261905 -0.02199450 +0.07771631 +0.06570084 +0.10294241 +0.04104193 +0.02419837 -0.02388323 -0.06304379 -0.06377893 -0.09026460 +0.06318525 -0.06194977 -0.02665886 +0.07964943 +0.00741865 -0.05501677 -0.07453758 -0.05318263 -0.11619391 -0.06502822 -0.06556202 +0.06211114 -0.01460386 +0.05936453 -0.06997287 +0.02755467 -0.01457986 -0.02717200 +0.07448205 +0.05796112 -0.06148911 +0.04275306 -0.01170725 +0.03024271 +0.09038364 -0.10071439 +0.07195597 +0.09589718 +0.07749296 -0.03442429 +0.01430644 -0.04995002 -0.01307249 -0.02837352 +0.06301043 +0.02035514 -0.03254974 +0.04914556 +0.02097246 +0.01427994 +0.07424980 -0.04047058 +0.11991422 -0.00278367 -0.12340675 +0.09219342 +0.07144110 -0.04514663 -0.00693223 +0.05269350 +0.02167236 -0.09051841 +0.10434101 +0.04846572 -0.04405333 +0.03601849 -0.06221918 -0.11031769 -0.00325066 +0.00549422 -0.06520786 -0.05800668 -0.04574790 -0.01393539 -0.06767488 -0.01535294 -0.03513779 -0.09111570 +0.03570077 +0.04333798 -0.01612364 -0.03353968 -0.02798393 +0.04253057 +0.04421660 +0.04102680 +0.06080225
-0.02667396 +0.06009853 -0.00758428 +0.04029097 +0.04540431 +0.02927406 +0.02089592 +0.02159952 +0.00498777 +0.05027694 -0.05231690 +0.00952185 -0.01330125 -0.03425425 -0.02824740 -0.00481410 +0.01991318 -0.05923868 -0.00831911 -0.03837233 +0.02091755 +0.05510266 +0.00863711 +0.02720072 +0.02152660 -0.00072838 -0.01337001 +0.03039699 -0.05997319 -0.00145627 +0.00491095 +0.04713247 +0.01306434 +0.04809659 +0.05101227 +0.04135586 -0.04855641 +0.04227325 +0.03199867 +0.03256531 -0.02936944 +0.05839596 -0.05745659 -0.01125008 -0.04892006 -0.03249707 +0.05980260 +0.01682266 +0.05171791 +0.06703340 +0.03850953 +0.05637097 -0.03929494 +0.02130256 -0.02584423 +0.01590225 +0.04094014 -0.01488828 +0.03330747 -0.06900327 +0.02688137 +0.01526901 -0.01258808 +0.01455191 -0.06170387 -0.02066915 +0.00104535 +0.01977011 -0.01473475 -0.01799034 +0.04148663 -0.03006924 +0.01083169 +0.04787517 -0.06326731 -0.04286003 +0.02757591 -0.03904958 -0.06441557 -0.02647492 -0.03089183 -0.05469207 -0.01496554 -0.03207285 -0.04636227 -0.03594433 +0.01327503 +0.04205326 +0.03516651 +0.01389764 +0.03880267 -0.03480235 +0.04867798 +0.03638816 -0.05817543 +0.03628168 -0.01081530 +0.00994699 -0.01626652 -0.04081013 -0.03647650 -0.02540800 -0.06134590 -0.01642468 -0.00341879 -0.03011199 -0.01596413 -0.01688127 -0.00673601 -0.01703058 -0.03684393 +0.00851877 +0.06431373 -0.01514091 -0.04271116 +0.02920673 +0.06233094 +0.03626400 -0.05914765 -0.00037176 -0.05633353 +0.06830522 +0.05323900 +0.01364504 -0.01456820 -0.05303752 +0.00212689 +0.01994053 +0.02853083 -0.00864872 -0.05989133 +0.03183410 -0.00733181 -0.03229303 -0.02939968 -0.05915615 -0.05713069 -0.02334605 +0.03222753 -0.02920385 -0.02784068 -0.04021170 +0.00149451 +0.06081256 -0.04710357 +0.00151247 +0.01866486 -0.01803161 +0.00371162 -0.05570321 +0.05451818 -0.05981860 +0.02430575 +0.01951356 -0.03293603 -0.02626379 -0.01964253 +0.02078256 -0.05639198 -0.02140795 -0.02912631 -0.06227839 +0.00340788 -0.03383206 -0.04488302 +0.04529682 -0.01171446 +0.03403711 +0.00801108 +0.02818692 -0.02132896 +0.05743981 +0.01476109 -0.03663501 +0.04014720 -0.00515410 +0.01672865 -0.03413029 +0.00774493 -0.03217700 +0.00650315 -0.04549401 -0.01976128 +0.03461792 +0.04104176 +0.01312938 -0.05466261 +0.06552617 -0.04802547 +0.03080452 -0.03860534 -0.00022468 -0.04782277 -0.01810648 +0.01013529 -0.01856429 +0.02161020 -0.05070532 -0.05614191 -0.00591145 +0.00251993 -0.03327053 +0.04377593 -0.03786592 +0.05930150 -0.03807817 -0.06174036 -0.01764993 +0.06889517 -0.04654576 +0.06446928 +0.02068905 +0.03143368 +0.05144916 +0.03665810 +0.00653959 -0.06230701 -0.02707361 +0.05630541 -0.00406914 +0.06830037 -0.01506166 -0.00824651 +0.02314121 -0.04109473 +0.02776243 -0.05937732 -0.04025194 -0.04128029 -0.01274291 -0.00538289 +0.01555441 +0.06676805 +0.00702216 +0.02317503 -0.01754898 -0.02708501 +0.03473123 -0.03036373 -0.05144108 +0.00912397 -0.04923574 -0.02894414 +0.01350539 -0.01678463 +0.02353543 +0.01935470 -0.04732906 -0.00295621 +0.05568785 -0.03127742 -0.05146732 -0.01582272 -0.06403704 +0.00271622 -0.05256123
-0.08220665 -0.01750355 +0.05694278 +0.01792150 -0.01453981 +0.02096548 -0.02806769 -0.04449373 +0.07344963 +0.00735296 +0.09395227 +0.02504318 -0.04925305 +0.00873316 -0.04716026 +0.06776091 -0.06099765 -0.05378434 +0.02792162 -0.01665462 +0.06569289 +0.07618497 -0.01741955 -0.04457757 +0.02219779 +0.04653149 -0.05655033 -0.01617206 -0.04404899 -0.01745306 -0.01243761 -0.02287616 +0.01562455 +0.11639652 -0.02336244 -0.10654868 -0.08010552 +0.04040787 +0.03301066 -0.08509749 -0.05102142 +0.05367508 +0.00812223 -0.08758315 +0.01650887 -0.05309061 -0.02209328 +0.05224042 -0.04467297 -0.05778092 +0.03899306 -0.09020994 -0.01325937 +0.03422893 +0.01903092 -0.01309383 -0.02680229 -0.09071847 +0.04645983 -0.04283930 +0.02031328 +0.02222924 +0.06789519 +0.00056945 +0.03804454 -0.02454021 -0.01681091 -0.04267826 +0.05444250 +0.04719714 -0.03115766 +0.06950525 +0.12150539 -0.04124963 +0.06598249 +0.03241942 +0.05458995 +0.04144209 -0.04646518 -0.03706736 +0.04504709 -0.02593491 -0.03071273 +0.03827957 -0.10816132 +0.03169375 -0.05428070 +0.06330167 -0.03028983 +0.03452312 -0.01280179 -0.01224732 -0.08577428 +0.02880706 -0.01344619 +0.04645491 +0.00583162 -0.04817960 +0.01012589 -0.02535440 +0.01229524 -0.06204898 +0.04554127 +0.00710306 +0.01966006 -0.03960539 -0.02193300 -0.00588912 +0.04892359 -0.06056639 -0.00727114 +0.03242183 +0.09748916 +0.02465131 -0.05150902 -0.07480031 -0.00153013 -0.04600554 +0.03064573 -0.04598523 -0.03859205 +0.10226111 +0.04024534 -0.06095617 -0.01843859 -0.01059324 +0.02600526 +0.04284925 -0.01389784 +0.07056142 +0.00329252 +0.04264163 +0.07280202 +0.07970811 -0.04613467 +0.00133976 +0.05196771 +0.01268038 +0.01563811 +0.02863759 +0.05896159 -0.01207842 +0.07485124 +0.00514331 +0.00145612 +0.02592740 +0.06051064 +0.07695121 -0.00004764 +0.05128589 -0.04757999 -0.04691818 -0.01475722 -0.01900732 +0.04272619 -0.04215118 +0.00758365 +0.02129719 +0.01745721 -0.04643738 -0.00447144 +0.07320770 +0.07621668 +0.01781501 +0.02666248 -0.05340403 +0.00692662 -0.02579792 +0.03976334 +0.01303500 -0.04524242 -0.00302340 +0.03921244 -0.05232156 -0.04107509 +0.07587331 +0.03205757 +0.05237271 +0.05252521 -0.00305520 +0.01121746 +0.06847033 +0.02467135 -0.03550025 +0.02682845 -0.02504082 +0.05597206 +0.05928278 -0.04011848 -0.04701964 -0.05469731 -0.08751184 +0.00331941 -0.03849787 +0.05996979 +0.03019925 +0.05947145 +0.05472373 -0.03230279 -0.01393563 +0.00096442 +0.06129597 +0.03972521 -0.00390262 -0.00237496 +0.05279454 +0.04248392 -0.00123932 -0.03502770 -0.03197401 +0.06373957 -0.03276525 +0.01570410 -0.04516941 +0.03589961 +0.06073144 -0.00676599 +0.05792949 +0.00625863 -0.02294290 -0.07601221 -0.01781722 +0.04970160 +0.01999256 -0.03445241 +0.02368279 +0.03671258 -0.06169839 +0.00952132 -0.06393699 -0.05528212 -0.08777029 -0.02103589 +0.09906745 +0.00477645 -0.04291752 +0.01264185 -0.05972334 -0.00400160 +0.05180229 -0.00231477 +0.08480721 -0.04200199 +0.05281548 +0.02670012 +0.00049878 +0.00207404 -0.00582673 +0.00378250 +0.03102787 -0.02963604 +0.01340207 +0.00790855 -0.01586738 -0.00004613 -0.10124261
-0.00629689 -0.00747686 +0.06942909 -0.06286786 +0.07262947 +0.03228126 +0.04623191 -0.03508835 +0.02278884 +0.01214090 -0.05891690 -0.02398370 -0.04324243 -0.01156940 +0.04576689 +0.03404954 -0.05877622 -0.00899322 +0.07033058 +0.04546582 -0.02635961 +0.00787520 +0.04167486 -0.03871124 -0.03897374 -0.04285404 +0.00985803 -0.04031223 -0.05078166 -0.02059389 -0.04180373 -0.02132895 -0.05616041 -0.06437833 +0.04839106 +0.00188273 -0.01526035 +0.02814575 +0.01874231 -0.03904764 +0.04511096 -0.00512621 -0.04557055 +0.01133125 -0.01705968 +0.00661218 +0.04384827 -0.00903337 -0.03383007 +0.00833386 -0.00728406 +0.04124581 -0.02718392 +0.01329060 -0.04821385 +0.04400755 +0.07939207 -0.04729778 +0.03956035 -0.03397832 -0.03560995 +0.03328147 -0.04532938 -0.01002845 -0.07178713 +0.06982393 -0.04232115 -0.02217046 +0.07379891 -0.03071461 -0.01938412 -0.05542528 +0.04672004 +0.06314991 +0.02593226 -0.03040713 +0.04125142 +0.03311402 -0.04243654 +0.03088167 -0.03090738 +0.03828860 +0.01995751 +0.00779426 -0.03922843 -0.00844448 -0.00863665 +0.06401705 +0.02624112 -0.00622459 -0.03188331 -0.00576470 -0.00023866 +0.02252655 -0.01983711 -0.04328107 +0.04459829 -0.01278681 -0.00642876 -0.02436946 +0.01755283 +0.02597976 +0.02873376 -0.00340621 +0.00338526 +0.01590023 -0.05044256 -0.00988893 -0.06914577 +0.03525347 +0.01843890 +0.04916119 -0.01644145 -0.02162957 -0.06117288 -0.03406237 -0.03444995 -0.04588351 +0.00111359 +0.01222832 +0.07507274 -0.06257643 +0.05821250 -0.00313736 +0.05019199 -0.04501894 -0.04694017 -0.01128754 +0.04107608 -0.01276395 +0.00521556 +0.05063735 +0.05662198 +0.03213277 +0.06794284 -0.05585318 +0.02188435 +0.01102543 -0.02951446 -0.03887405 +0.00332339 -0.04701824 -0.01676759 +0.03009098 -0.03778562 -0.00087902 -0.06695769 -0.01658135 -0.04076365 -0.06155134 +0.04209735 -0.00352713 +0.02303641 +0.02736421 -0.00942472 +0.00056860 -0.01327922 -0.03296583 +0.02534480 -0.05247476 -0.03905087 +0.04205365 +0.06089282 +0.02608641 +0.05666480 -0.00581619 -0.00770846 +0.05177229 +0.00264443 +0.01770937 -0.05874553 +0.01145801 -0.02317536 -0.01721799 +0.01552265 -0.06023038 -0.01150552 -0.01498320 -0.06746122 -0.00031594 +0.05021678 -0.00016546 -0.02911120 +0.00121363 +0.02176104 -0.01249410 +0.03998671 +0.01713560 -0.06645245 +0.05080491 -0.00468477 +0.00286833 -0.04054937 +0.02986368 +0.05073101 +0.03024970 -0.05636742 +0.00100466 -0.05868729 +0.07556662 -0.00613500 +0.00863034 +0.05126111 -0.00890753 -0.03782843 +0.02238346 -0.02428190 -0.01484526 +0.01610682 -0.00780218 -0.04728239 +0.03989215 +0.00192280 -0.04880993 -0.05514856 +0.02933595 +0.02480397 +0.03706481 -0.03351657 +0.04002448 +0.01881678 -0.06821453 -0.00542367 -0.04181120 -0.04738269 +0.01881530 -0.03778545 -0.02534210 +0.00574050 -0.04414273 -0.03615128 +0.00704891 +0.00363506 -0.01127423 -0.02402948 +0.04511758 +0.01488158 +0.00236314 +0.00229939 +0.02028885 -0.02182839 +0.02372758 +0.07190876 -0.00139925 +0.06213340 -0.01240614 +0.01409594 -0.01688295 +0.01673681 -0.03210822 +0.03118558 -0.04386004 -0.05611090 -0.02407403 -0.00695315 +0.05217068
+0.00037242 +0.01277108 -0.05096441 -0.03261803 +0.03230184 -0.03344383 +0.04718311 -0.03715349 +0.05030373 +0.05859716 +0.01421137 -0.05376071 -0.04094353 -0.04305137 +0.04519738 -0.03707805 -0.03517012 +0.00341314 -0.02651078 +0.00853240 +0.02999811 -0.00518704 -0.05596506 +0.01740714 +0.02360539 +0.02943277 +0.03641016 -0.03483858 +0.03749854 -0.05145411 +0.02818226 -0.00524891 +0.02283790 +0.01966355 -0.03080128 +0.02121604 +0.04423870 -0.05766896 -0.04520987 -0.06185920 +0.02002345 -0.01961097 -0.02206759 -0.01619676 +0.05004380 +0.03622495 +0.00225084 -0.04870599 +0.00385811 -0.02989725 -0.05235127 +0.02661309 -0.03969447 -0.05252797 -0.00685046 -0.02949898 -0.05788751 -0.01401102 -0.04698577 -0.01759054 -0.06893347 -0.04815485 +0.01160851 +0.02623764 +0.00141679 -0.03797346 -0.03295347 +0.00251981 -0.01880318 +0.03239454 -0.01085106 -0.02413082 +0.02692795 -0.05653875 +0.02180639 -0.02027380 -0.06184745 +0.03373637 +0.05069098 -0.01356417 +0.02975373 +0.04843484 +0.05010467 +0.02531634 -0.04028442 -0.03218329 -0.02813772 +0.02262224 -0.03846683 -0.05783625 -0.00538898 -0.00575213 +0.01019585 -0.02006976 +0.05027656 -0.05492578 -0.03804385 -0.02977329 +0.01441003 +0.03698270 -0.01794556 +0.01908871 -0.06271408 -0.03378624 +0.00537107 +0.02075049 -0.03141394 +0.03492291 -0.03442329 +0.05744703 -0.02195127 -0.02190313 -0.05738052 -0.06207613 +0.04320493 -0.05628899 -0.01502332 -0.00562185 -0.03510358 -0.03048938 +0.02411104 +0.02806810 +0.04974530 +0.05498791 +0.02747795 +0.02334670 -0.03833444 +0.00334492 -0.02672967 +0.00933165 +0.03342171 -0.00197349 -0.01841476 +0.00238733 -0.03709024 +0.04259830 -0.05991485 +0.00014247 +0.01664851 -0.06093978 -0.02276353 +0.01368036 +0.04149764 -0.02742432 -0.02676130 +0.02788015 -0.00434078 -0.05132485 +0.05387664 +0.04850896 +0.00133704 +0.03616909 -0.01827563 -0.05793021 -0.01675254 +0.01831567 +0.05183276 -0.01307558 -0.01815400 -0.06062162 +0.00439266 -0.05065965 +0.04090651 +0.03946333 +0.05365848 +0.02233330 -0.02691946 -0.05750078 +0.03334771 -0.02821561 -0.01552453 +0.02285595 +0.05660826 -0.02840468 -0.06539802 -0.06283104 +0.01419808 -0.05105372 +0.01164607 +0.00862313 +0.04056145 +0.03924269 +0.05342230 +0.03176025 +0.06253410 -0.03634074 +0.03757266 -0.02511148 -0.05281019 +0.02334355 -0.06147620 +0.04768683 -0.03147439 +0.00808084 -0.04581892 -0.00545359 -0.05565635 -0.00011693 -0.01590561 -0.02967593 -0.04504419 -0.01845551 +0.04639312 -0.03808292 +0.03825767 -0.03825174 -0.03293182 +0.05619834 -0.03939149 -0.03003930 -0.00533467 -0.00977258 +0.00409274 +0.00028822 -0.01409437 -0.03774965 +0.00744724 -0.02717242 +0.03379476 -0.05823762 -0.01120006 +0.03144547 -0.05847658 +0.02906573 -0.06098133 +0.02763765 +0.05275639 +0.05854455 +0.02001285 -0.02405296 +0.00440149 -0.01448769 +0.03417609 -0.00302170 -0.01627806 -0.02745306 -0.03227117 -0.01864131 +0.03801756 -0.01200742 -0.01573733 -0.00025640 +0.03462129 -0.04564944 +0.03711756 +0.03428628 +0.00026577 -0.01648711 +0.04769053 -0.02419313 +0.03542845 +0.03577829 -0.00902562 +0.00162673 +0.06038287 -0.03427649
-0.01014098 +0.04398075 -0.01518115 +0.04531721 +0.03104275 +0.02777424 +0.02553602 -0.02604080 -0.00948116 +0.03926628 -0.04238529 -0.02780639 -0.02635510 -0.00180212 +0.01204458 -0.03291990 +0.00252174 -0.02417850 +0.00154961 -0.02152046 +0.03174861 +0.05312853 -0.01632217 -0.04983049 -0.05269672 -0.03945956 +0.04115247 -0.05642476 -0.03638453 +0.06894864 +0.00276991 -0.04041541 -0.03201420 -0.04751934 +0.04140772 -0.00230482 +0.04149948 +0.05936655 -0.01797057 -0.02373715 +0.05274611 -0.04809052 -0.05469715 +0.05470761 +0.03022161 +0.00451662 +0.00663987 +0.02397414 -0.03689540 -0.03187869 +0.04841262 +0.01449358 +0.01088157 +0.03164892 -0.01124765 +0.06753277 +0.01920517 +0.02087003 +0.04641778 +0.00637590 +0.03398551 -0.01961919 -0.04389107 -0.01698326 +0.03483431 -0.05700314 -0.07402459 +0.02361358 -0.04528914 -0.01475119 -0.04379514 -0.04584796 +0.03610383 -0.02437030 +0.06691997 -0.01914989 -0.02408682 -0.04905180 -0.03932787 -0.00541749 -0.06690931 +0.05612779 +0.02615425 -0.03338145 +0.03049908 -0.04765342 +0.02844308 +0.00149525 -0.01126812 -0.03266376 +0.06165843 -0.02092031 +0.04625836 +0.06856740 +0.04289470 +0.05362538 +0.06812457 -0.05715391 +0.02431109 +0.05442709 -0.06161603 -0.05881738 +0.03226421 -0.03707077 +0.03712101 +0.02113025 +0.01613090 +0.03416989 -0.01010976 +0.01385393 +0.05956713 -0.06986124 +0.01184008 -0.04658864 -0.03406648 -0.03763772 -0.03647097 +0.03754148 -0.00057694 -0.03885609 +0.02697848 -0.04959539 +0.04058895 -0.01334766 -0.00832012 -0.05704612 +0.04286253 -0.03033687 +0.00967100 +0.02489592 -0.05836414 +0.01572323 -0.01442811 -0.04717838 +0.01511598 -0.00432804 +0.00166929 -0.03533458 -0.00505200 +0.03943770 +0.04891993 +0.03763736 +0.07597262 +0.05315893 +0.03780981 +0.02208794 -0.02544922 +0.07585349 -0.00555697 -0.02299596 +0.00124120 -0.02482605 +0.05890965 -0.06303908 +0.02792569 +0.05919649 -0.00399373 -0.04382020 -0.02353750 -0.05134593 -0.01591143 +0.01798480 +0.05310696 -0.04446707 -0.00489385 -0.00322616 -0.05181405 +0.02895115 -0.06260043 -0.05974285 -0.06462168 +0.04194329 +0.05468682 -0.04748835 +0.01856065 -0.00835621 +0.04228488 +0.05066898 -0.03789245 +0.06013146 -0.05203908 +0.03109091 +0.01770049 -0.01046829 +0.02602127 +0.04492933 +0.04177358 -0.05625703 -0.00519806 -0.04201423 -0.04575077 +0.02291409 +0.01246114 +0.01479996 -0.05025441 -0.01282844 -0.06131129 +0.04275222 +0.00778102 +0.03952074 -0.05790602 +0.02945963 +0.06214845 -0.02334473 +0.01048899 +0.05305033 -0.05771813 -0.03175056 -0.01725580 +0.01799155 -0.06101311 -0.05764604 +0.00857865 -0.03923255 -0.00731109 -0.05116104 +0.05053940 +0.00020140 +0.02126003 -0.05666316 -0.06228061 +0.02951730 -0.01797484 +0.03160986 +0.00782066 -0.02684312 +0.05758606 +0.00193216 -0.04421514 -0.04432026 +0.05003509 -0.02902911 -0.06440950 -0.01451230 -0.01821164 +0.00134756 +0.01586356 +0.00043349 -0.01594546 +0.05507268 +0.02462718 +0.02758451 +0.02930801 -0.00012563 -0.04949016 -0.00402732 +0.06188432 +0.05507968 +0.00543585 -0.06101967 +0.05140126 -0.02677236 -0.06708921 +0.05999744 -0.05188842 +0.01978168
-0.00060076 +0.06773518 +0.02830082 +0.04907973 +0.00804710 +0.10443775 -0.01006085 +0.08754563 -0.05001974 +0.04658952 +0.09841745 -0.04109974 -0.00038035 +0.05125736 +0.05154499 -0.03497010 -0.07192025 +0.03293432 +0.05610858 +0.04041509 +0.03934519 +0.04244006 +0.11874276 +0.00809116 -0.09223232 -0.06582745 -0.11133906 +0.05606957 +0.07526766 -0.07822534 -0.05437743 -0.04563093 -0.12671761 -0.02794963 +0.08580560 -0.01150236 +0.05571933 -0.06526750 -0.09481649 +0.10239801 -0.02785690 +0.06399292 +0.00253191 +0.14274730 -0.04087936 -0.15113634 +0.00119334 -0.06299701 -0.03039227 +0.09763044 -0.03940255 +0.12937513 +0.02189800 -0.13056962 +0.05632425 -0.03672832 +0.08544561 +0.17691879 -0.11505717 +0.03134775 -0.12842248 +0.06299261 +0.01643657 -0.05192905 +0.03466330 -0.10923826 +0.18547447 -0.18945077 +0.05944650 +0.04967383 +0.07742999 +0.18140221 -0.07246149 +0.05030225 +0.03592936 +0.04296997 -0.17965356 -0.07794429 -0.00797332 -0.11104741 +0.02085009 -0.10729846 +0.05095546 +0.20540354 -0.03120778 +0.00924486 +0.08499710 -0.05561919 -0.02129977 -0.15800816 -0.03292349 -0.00363712 +0.05753344 +0.08186677 +0.06777236 -0.01562759 -0.14149080 +0.02583331 +0.02528437 -0.06651817 -0.00779168 -0.03825536 +0.02832277 -0.00681473 -0.03107575 +0.13961138 +0.08657649 +0.04177485 +0.13895373 -0.07845958 +0.04842412 +0.09408209 +0.05687540 -0.00779940 -0.16704331 -0.00080264 -0.01737886 -0.09925573 +0.10537840 -0.04453204 +0.14486405 -0.00813130 +0.03573475 -0.03271085 -0.12097549 -0.11997902 +0.05216518 +0.11251116 +0.06626163 -0.15791269 +0.07533757 -0.00830875 -0.05301603 -0.03493644 +0.01182987 -0.04906635 -0.01630610 -0.05450589 +0.00620840 +0.06121559 -0.08477955 +0.12969775 -0.05779463 +0.06893378 -0.11219047 +0.05512412 -0.07031558 -0.05777598 -0.02122056 +0.11080127 -0.11887297 -0.10670573 -0.08656370 -0.02079252 -0.04247286 -0.00916502 -0.02991204 -0.00851743 +0.12230736 +0.09794284 +0.15126970 -0.02928635 +0.08494981 -0.02798318 +0.09739070 +0.04683031 -0.02676233 -0.00617924 +0.05597041 +0.04970736 +0.07909395 -0.02187819 +0.10202020 -0.08482019 -0.01592721 +0.03099188 -0.03244932 -0.05483903 -0.00579108 +0.01371174 -0.07660156 -0.07429245 +0.07822875 +0.09549267 +0.06883102 -0.12477592 +0.05024459 +0.00383206 +0.06478759 -0.00046971 +0.02953232 +0.08858725 +0.06299239 +0.01848892 -0.14637037 -0.03506977 +0.04998495 +0.10244853 -0.00853263 -0.11685092 +0.09219961 +0.00372945 +0.04034266 +0.13406426 -0.02988192 +0.07548839 +0.03971698 +0.04991044 -0.00606423 +0.11582692 -0.01890900 +0.06057233 -0.05293666 -0.04577197 +0.05774281 -0.03768770 -0.03459673 -0.07586524 +0.03058350 +0.02090268 -0.10800132 +0.12629959 +0.01986406 -0.09756044 +0.10748778 +0.07439543 -0.13634734 +0.16752508 +0.00798329 +0.03908153 -0.05277098 -0.03103167 +0.05063715 -0.00803739 -0.03568588 -0.01461832 +0.00629590 +0.02371194 +0.08239691 -0.03084167 +0.07476386 -0.01764232 -0.08139136 +0.05122361 -0.02734526 +0.03492478 -0.04000570 +0.05996016 +0.03595929 -0.12639663 +0.09575308 +0.06239539 +0.03265232 -0.04197149 -0.03750649 +0.08527601
+0.01677308 +0.03694484 +0.05263092 -0.02212379 -0.02082040 -0.02260398 +0.04656561 +0.06731135 +0.06903865 +0.08904944 +0.05151274 +0.03265582 +0.02888501 -0.01578878 +0.05006367 -0.05827380 -0.00673154 +0.01364974 +0.02482323 -0.02208614 -0.00108683 -0.02739848 -0.00542949 -0.00727268 -0.00552873 +0.05312043 -0.03900932 +0.00917387 +0.04165491 +0.03762408 +0.01487451 -0.04230173 -0.03364014 -0.09674115 +0.00975199 +0.07418123 -0.04933326 +0.02503400 +0.00839358 +0.00429459 +0.03794951 +0.05048758 +0.00381621 +0.05718270 -0.03656583 -0.03569607 -0.02183726 -0.06098801 +0.04777098 +0.06629020 -0.03388614 +0.05516061 +0.05291292 -0.03548100 +0.00560209 -0.09814324 +0.05622421 -0.01776834 +0.07272860 +0.07719035 +0.03986555 +0.00471853 +0.06038512 +0.02729615 -0.09015985 +0.02359719 -0.04946481 -0.03626065 +0.07605508 -0.00486708 -0.05766068 -0.06054302 -0.03201856 +0.04643801 +0.03047924 -0.02073715 +0.01078250 -0.05426749 -0.06011035 +0.01225472 +0.00577379 +0.01636703 -0.03833728 -0.04659855 -0.00238971 -0.00680605 -0.02525415 +0.00304875 +0.03217972 -0.05147794 +0.07098992 +0.10772527 +0.05680668 -0.02794534 +0.01453138 +0.00632198 -0.05581795 +0.07606477 +0.03578203 +0.07927936 +0.03351140 +0.05306852 +0.02252121 +0.05584487 -0.02527912 +0.07370034 -0.01375963 +0.06112009 -0.02358264 -0.00946745 +0.04726639 -0.02120117 +0.08457526 -0.02991035 +0.01071123 +0.05837126 +0.04297397 -0.03612105 +0.07384913 -0.09153537 +0.06870554 -0.10571020 +0.03900807 -0.05890442 +0.04597576 -0.03026175 +0.01487890 +0.00544588 -0.04284580 +0.01048119 -0.02963644 -0.02028272 +0.04309864 -0.05438859 +0.11194149 -0.03216254 +0.03177140 +0.03000182 +0.00912669 -0.05053360 +0.05186390 +0.05655896 +0.00963184 +0.03853317 +0.02705219 -0.06433104 +0.01296387 +0.02593625 -0.05836338 +0.04395790 +0.01957432 +0.04018940 +0.01671456 -0.06775990 -0.03384732 -0.01423522 -0.02865544 +0.02367765 -0.02754955 +0.02282811 -0.05639140 -0.00976586 -0.03717295 -0.04361689 -0.04874480 +0.06449549 -0.00187387 +0.11137583 +0.05133377 -0.00314891 +0.01156951 -0.03696330 +0.01745608 +0.03036141 +0.02816617 -0.09055337 -0.02596272 -0.07242366 -0.06623086 -0.02518214 +0.01582057 -0.00697003 -0.01534434 -0.08974050 +0.02377668 -0.05308499 -0.04445261 +0.04176135 +0.01979307 -0.04977331 -0.01639130 +0.00555064 +0.09801662 +0.04232396 +0.08791729 -0.03063647 +0.00680555 +0.01314807 -0.01867239 -0.05053250 +0.00085620 +0.00288221 +0.09184086 -0.07588894 +0.02728831 +0.04114734 -0.09480856 +0.04942678 +0.01751757 -0.04446583 -0.08957188 +0.07460473 +0.04334856 +0.01912014 +0.01855486 +0.02790806 +0.01155530 +0.01548773 -0.10753221 -0.06556964 -0.00235666 +0.01749619 +0.02815102 -0.01436733 +0.02948173 +0.00523138 +0.00286529 +0.05033371 +0.03151212 -0.02779758 -0.01248271 +0.05929637 +0.06184275 -0.06024104 +0.01777058 -0.04507498 -0.00260271 +0.05478493 +0.02219206 -0.05699889 +0.04079212 -0.01325620 -0.00817145 -0.01590337 -0.05510637 +0.08454301 +0.00386797 +0.00450524 -0.06051234 +0.03354247 -0.03875455 +0.02971700 -0.03288058 -0.01676403 -0.00746331 +0.02127297
-0.01119058 +0.06311972 +0.01205694 -0.04366808 +0.01481704 -0.04841479 +0.01611647 +0.04910848 -0.06775311 -0.00204875 -0.03619299 -0.01259284 -0.02216481 +0.04842101 +0.01361601 +0.06870438 -0.05923216 +0.03221854 -0.05541055 -0.02027378 -0.01870878 +0.05282121 -0.08630289 +0.03789709 +0.09654119 +0.04225830 -0.01856988 +0.02664448 +0.04922315 -0.05258066 +0.00236609 -0.00837126 +0.03259279 +0.05705129 -0.07108036 +0.00947502 +0.01969430 -0.03495621 +0.05184785 -0.09551848 -0.06092346 +0.01139795 +0.03905012 -0.04847011 +0.04800562 +0.07482184 -0.05300244 +0.08159177 -0.03405366 -0.05064555 -0.02462711 -0.07666726 +0.05025849 +0.03765758 +0.08038735 +0.06533550 -0.06657518 -0.00321547 +0.04160782 -0.02070788 -0.02335024 +0.05685697 -0.00825986 -0.01910332 -0.01846085 +0.01754529 -0.01795682 -0.06166027 -0.03763428 -0.07904245 +0.02459975 -0.01850247 +0.08073678 -0.01285124 +0.01274610 +0.12520681 +0.01240246 +0.04709183 -0.05393178 +0.06570625 -0.02152155 +0.04780394 -0.05361532 -0.02550302 -0.08345614 -0.03477171 -0.00290533 +0.08401111 +0.04414663 +0.03665905 +0.03541234 +0.04822996 -0.01091462 +0.07551318 -0.06866000 +0.02585217 -0.01457542 -0.06195737 +0.03798326 -0.01334223 +0.04284770 +0.04941809 -0.04252752 +0.03109455 +0.00122769 -0.06965607 +0.03986411 -0.00785653 -0.03930013 +0.06837951 -0.07391240 -0.03930347 +0.07623176 +0.01293056 -0.01555369 -0.01385039 -0.05907418 -0.09943521 +0.07439056 -0.04906167 +0.01541102 -0.00279380 +0.02762805 +0.03028172 +0.08916616 -0.04167994 -0.05181178 +0.11269978 +0.00162473 -0.05755645 -0.08758252 -0.00324657 -0.02835132 +0.02096270 -0.11345593 -0.03315443 +0.01322402 -0.00224073 -0.02188652 -0.01465122 +0.05811452 +0.00628471 -0.02896238 -0.06537699 -0.00433275 -0.04458314 +0.05273982 +0.00790519 +0.06602528 -0.03480772 +0.02538775 +0.03173744 +0.04436826 +0.07722863 -0.01345054 -0.04496582 +0.00796956 +0.00370686 -0.08060083 -0.02705161 -0.04680026 +0.05731455 +0.05128550 -0.02529335 +0.01789245 -0.02456679 +0.07255588 -0.09535801 -0.06348024 -0.00070970 -0.00055884 +0.05530014 +0.00555214 +0.01840696 +0.04101118 -0.01631465 +0.00582116 +0.03465815 -0.04900574 +0.00163276 -0.07040441 -0.00451990 -0.06185344 +0.01511327 -0.03123412 +0.00328546 +0.03522903 -0.08034031 -0.04778377 +0.01957677 +0.05645798 +0.04294508 +0.00167588 -0.00256309 -0.07968087 +0.07110191 +0.09214475 -0.00693742 -0.04749450 +0.02197383 -0.02937651 +0.08680598 +0.05389799 +0.03635653 -0.09000161 +0.06301051 +0.07823559 +0.02893118 -0.03914216 +0.06353599 -0.01021498 -0.02725590 -0.10181435 +0.05264452 -0.05364028 +0.05113358 -0.05413120 +0.00931380 +0.03970664 -0.04733269 +0.01933571 +0.07849326 +0.06755715 +0.00959888 +0.03943880 -0.00909403 +0.00719099 -0.02509777 -0.00101438 -0.01823416 -0.01434876 -0.05425737 -0.08041021 +0.09574250 -0.04819390 +0.01338364 +0.01361788 -0.01946555 -0.02691962 +0.02516617 +0.08443882 +0.11020717 -0.02894326 -0.02143253 -0.03445443 +0.00323118 +0.02236518 -0.00568258 -0.03501952 +0.04653772 -0.03530384 +0.02902358 +0.08351447 +0.07581759 +0.04196355 +0.01954738
-0.00321201 +0.02745445 +0.08262818 -0.01375660 +0.07031287 -0.00998597 +0.02827795 +0.01702154 -0.00751598 -0.01051329 +0.01829882 +0.02388193 +0.05549814 -0.04005452 +0.02629956 -0.02605534 -0.01936677 -0.06000365 +0.04556586 +0.02598342 +0.00714649 +0.00208575 +0.03074376 +0.02233991 -0.00779679 -0.01039191 -0.01499756 +0.04957090 +0.04333412 -0.03297688 -0.00186325 +0.02372511 -0.01128002 -0.04580579 +0.01629636 -0.00781064 +0.03968732 -0.00023795 -0.01966904 +0.00633077 +0.03939635 -0.00267472 +0.06791405 +0.07579266 +0.00025709 -0.04816523 +0.02585190 -0.01684972 -0.02932973 +0.04601859 -0.01468134 -0.05986431 -0.05839010 -0.01356956 +0.04127324 -0.00843159 +0.10355458 -0.02758021 -0.05535564 -0.02808172 -0.00136662 +0.01601632 +0.07617507 -0.05994406 +0.05061234 -0.06553970 +0.06747540 -0.03596204 -0.03083909 -0.03635880 +0.07688857 -0.08275525 +0.02876077 +0.05639358 -0.03972380 +0.06332225 -0.01623943 -0.08137469 -0.01424808 +0.01694264 -0.07297331 -0.02963179 +0.04828290 +0.06873520 +0.06756125 +0.03688681 -0.01476177 -0.01909998 -0.03283043 -0.06275457 -0.04056932 +0.06918533 +0.03332192 +0.04027802 -0.04149042 -0.01673096 -0.04610479 -0.06220989 -0.02983912 +0.04004790 +0.03971193 -0.04186141 +0.05025298 +0.02985114 -0.00753958 -0.01923854 +0.02370444 +0.04614657 +0.03959084 -0.07478605 -0.02081681 +0.03512967 +0.05780246 -0.02425042 -0.01237873 -0.02553947 +0.02238431 -0.05306757 +0.07880701 -0.06682010 +0.00492441 -0.08981028 -0.05429725 +0.00290565 +0.00981071 +0.01432081 -0.01991101 -0.01212920 -0.05651911 +0.02861647 +0.07382328 -0.06681222 +0.01180776 +0.01779244 +0.08938870 -0.01034260 -0.05353651 -0.00179795 +0.05107981 +0.02780739 -0.06475367 -0.04557523 +0.00002201 -0.02467073 -0.02594452 -0.01321066 -0.06574512 +0.00292768 -0.00568999 -0.01830006 -0.01185340 +0.02869384 -0.05368491 -0.05888017 -0.07299183 -0.07338592 +0.08043804 +0.07683003 +0.04420995 +0.05536048 -0.04628748 +0.02741578 +0.03766643 +0.00268233 +0.03594270 -0.06063049 +0.01371941 +0.07047867 -0.04167180 -0.01078571 +0.05150818 +0.03221887 +0.06288171 +0.04316006 -0.07103790 +0.05105076 +0.01823913 +0.03630573 -0.00183376 +0.03217744 -0.04814772 +0.05614153 +0.06417216 -0.00914534 -0.03826577 -0.03999660 +0.04491755 -0.04719922 +0.02041452 +0.06984910 -0.03517739 +0.06115367 +0.03076197 +0.01456341 -0.03422789 -0.00027024 +0.01992757 -0.00022662 -0.07081986 -0.04852773 +0.02740005 +0.00973680 +0.03082552 -0.05929657 -0.01067272 +0.00130878 +0.04610231 -0.02044876 +0.04769572 -0.04446496 -0.06541311 -0.00287677 -0.01683482 +0.05109962 -0.00405931 -0.04600554 +0.04778475 -0.02915496 +0.00788632 -0.02413317 -0.01103521 +0.05250770 -0.00197181 -0.04786482 +0.01297392 +0.01851874 -0.02545573 -0.00189362 +0.03325138 +0.05681180 +0.03906257 -0.03447422 -0.00125137 -0.02840048 +0.04714040 +0.02628526 +0.01323673 +0.01521924 -0.04538267 +0.00230295 -0.01575973 -0.07673659 -0.02212507 -0.00838227 -0.06457558 +0.04601997 +0.02935617 +0.03235003 +0.05672188 -0.08267898 -0.05728094 -0.04353388 -0.00282468 -0.05055283 +0.01532932 -0.05780223
-0.00332954 -0.08761109 -0.05430764 -0.05436933 +0.03087732 +0.04165227 -0.05003998 +0.04332992 -0.02944269 -0.03358334 +0.05425698 +0.07021205 +0.02384842 -0.01287535 -0.00426562 -0.00404628 +0.07200740 +0.02523747 +0.01145846 +0.02359946 -0.05885271 +0.06329852 +0.06137866 -0.11198358 +0.00137801 +0.04584903 +0.03000288 -0.07103945 -0.09157012 +0.11528792 +0.02581111 +0.02389038 +0.03804258 -0.03341311 -0.00684413 -0.07115162 +0.11377588 +0.01107818 +0.05320858 +0.02814360 -0.00007831 +0.01158033 +0.00303015 +0.01356534 +0.06849157 +0.05424840 +0.02586979 -0.05450678 +0.05720609 +0.01658597 +0.06936146 +0.04130727 +0.00420142 +0.02770584 -0.02033649 -0.02388359 -0.08778682 +0.06325042 -0.00265449 +0.03938881 +0.03965208 +0.06958525 +0.00002992 -0.04890705 -0.03740431 +0.01772431 -0.05291885 +0.00140235 -0.01150776 +0.02538264 -0.03426441 -0.00456561 -0.05996915 -0.02104230 +0.03535525 -0.03796961 -0.02380465 +0.00103938 +0.05279027 +0.02852357 +0.03661690 -0.00071053 +0.02286028 -0.08037097 +0.03531061 -0.05015492 +0.00120576 +0.01375049 -0.03986708 -0.00214867 +0.05899256 +0.00188279 +0.02597297 +0.06914589 +0.00004307 +0.01140812 +0.04360022 -0.04368966 -0.01803781 +0.07638713 -0.07007965 +0.03286548 -0.01434025 -0.05253947 -0.05221819 -0.04282633 -0.08474184 +0.06146893 -0.00138097 -0.04290814 +0.04789751 +0.05766797 -0.06432984 -0.01288517 -0.01062452 +0.03896650 +0.04348720 +0.04401300 -0.01896858 -0.02728969 -0.05138967 -0.01756433 +0.01976521 -0.11375055 +0.00463131 -0.07100544 +0.04272723 -0.09743823 -0.05256357 +0.01063245 +0.03758261 +0.04754298 +0.04522685 -0.04070327 +0.08650766 +0.01792210 -0.06895315 +0.09359755 -0.02579686 -0.00634948 +0.03331386 +0.01339052 -0.02641422 +0.00190142 +0.02779327 +0.04279219 -0.05538225 +0.00773478 +0.01696959 -0.01358511 -0.01071731 +0.03943116 -0.02018848 +0.06198334 -0.02356150 -0.02073312 -0.00441352 +0.07885422 -0.03333070 +0.00462262 +0.04782919 -0.05605201 -0.00637227 -0.01913855 -0.03802375 +0.05392611 +0.02931094 +0.05577719 -0.01085260 -0.00491977 -0.01814212 +0.01109127 +0.01118071 +0.05398941 -0.06502218 -0.03593871 -0.03998646 -0.03863126 -0.05465675 -0.00699154 +0.02240613 +0.02747356 +0.02559157 +0.01193211 -0.00522682 +0.08348468 +0.00581821 -0.08608640 +0.07698646 -0.01434031 +0.00421454 +0.09939381 +0.00624965 +0.02897491 +0.05880783 -0.01357858 -0.01729607 -0.00623920 +0.01314742 -0.03188521 +0.01812666 -0.08258992 +0.10395369 -0.02191541 -0.01466895 +0.04890874 -0.08124192 -0.05399072 -0.00593852 -0.01702875 -0.01648763 +0.04374694 +0.05719597 +0.01933816 +0.02321810 -0.02664931 +0.08702028 -0.03221321 +0.03838152 -0.00491211 -0.00399763 -0.01531527 +0.05435514 -0.00912206 -0.05601102 -0.04373402 +0.03355762 -0.00550954 +0.06434429 +0.04614462 -0.05349613 -0.02159232 +0.07833140 +0.00637855 +0.01544492 -0.01152324 -0.04965072 +0.02364626 +0.05373279 +0.00203657 -0.05176203 +0.04212740 -0.01363272 +0.02225463 -0.02720284 +0.06620842 +0.04144146 -0.02127567 -0.02196252 +0.01765339 +0.03951210 +0.06040706 -0.12422571 -0.00970491 -0.00254372 +0.00293744
+0.02839143 +0.00942494 -0.02964718 +0.03957820 -0.07232570 +0.00240832 +0.10033850 -0.02435253 -0.02535907 +0.02174808 -0.04495817 -0.03199117 +0.04497810 +0.06050434 +0.05341517 -0.00606855 +0.02745099 -0.01408818 +0.02292915 -0.08478077 +0.03115231 -0.04579794 +0.03936680 +0.04576939 +0.04311480 -0.02204175 -0.01585639 +0.07676291 +0.06476890 +0.13859117 +0.08474497 -0.11887973 -0.01063235 -0.06445318 +0.02614761 -0.04519958 -0.02519252 +0.00502631 -0.07621971 -0.06075514 +0.01183144 +0.12184899 +0.02033276 +0.09422436 +0.05548046 +0.00671592 -0.04937997 +0.01841813 -0.03110667 -0.00915238 -0.04954361 -0.05622972 -0.04224613 +0.06543051 -0.03447544 +0.02833486 +0.01173439 -0.00285235 +0.03166107 -0.02288616 -0.04023619 +0.01531052 -0.01257121 -0.00996308 +0.07664051 -0.02921935 -0.06090305 -0.02464058 -0.03779626 +0.06360516 +0.04293309 +0.04266055 -0.01146043 +0.04826111 -0.02270685 +0.02470136 -0.01390958 +0.04724965 -0.04915400 +0.06668878 -0.00173698 -0.05985117 -0.01383623 -0.03274452 -0.02892023 +0.03777638 -0.04956523 -0.04551550 -0.04075695 -0.02871771 +0.01200890 +0.09104472 +0.15382071 -0.01334402 -0.02216138 -0.09172788 -0.03648188 +0.06258564 +0.08200175 -0.00736532 +0.00409440 +0.07552920 -0.03594572 +0.01350275 +0.05686977 -0.06618749 +0.01861089 +0.01889116 +0.03178361 -0.04131135 -0.02057640 -0.04605516 +0.04020306 -0.02877937 +0.00450731 +0.01194853 +0.02472754 +0.05205412 -0.00555391 +0.13650095 -0.06914493 -0.04762910 -0.05450482 +0.01804970 +0.07598977 +0.04674865 -0.04440041 +0.11604057 +0.01377092 -0.02808098 -0.00970629 +0.01127150 -0.03093413 -0.11958438 +0.07776322 +0.00685781 -0.04851217 +0.03697228 +0.00440730 -0.01678876 -0.02662781 +0.05853095 +0.04334074 -0.04690184 +0.00967531 -0.09304436 +0.07952384 -0.01309860 +0.08293226 -0.02282410 +0.03497691 -0.03396584 +0.05522981 -0.03196873 +0.02774645 +0.03580069 -0.11204601 -0.05816136 -0.06133982 +0.07216488 -0.04878404 -0.01448586 -0.03022703 +0.01163608 -0.05278073 +0.01742020 -0.00624535 -0.06595246 +0.04949256 -0.04094436 -0.02584319 +0.03153409 +0.05194844 +0.03562806 +0.00023804 -0.02886921 +0.03720434 -0.07026074 -0.00215027 +0.06133683 -0.00359212 +0.04454122 +0.02295543 +0.05469675 -0.00149003 +0.03441960 +0.04197533 +0.03155870 -0.00044433 +0.00242529 +0.04118257 -0.07588912 +0.06754042 +0.06568277 +0.06913371 +0.02317247 -0.07900760 +0.02692107 +0.01623807 +0.00061420 +0.04686450 -0.07967098 +0.02606353 -0.03626006 -0.10760581 +0.04121406 -0.01506842 +0.06371649 -0.05310307 +0.02785419 -0.07100529 -0.02212130 +0.03315782 +0.02331913 -0.07022487 -0.05055198 +0.01127047 -0.08390152 +0.05231333 +0.05541202 +0.07573096 +0.11402311 +0.02422266 +0.03177296 -0.02886537 +0.10587659 -0.03905737 -0.03350180 +0.00627450 -0.07189857 -0.02317633 +0.00178777 +0.00809149 -0.05103398 -0.02973675 -0.01588301 -0.08393579 +0.05974804 -0.03274543 +0.01514850 -0.04889724 +0.06301127 +0.05972506 +0.03546482 -0.00828574 -0.06798846 -0.03564961 +0.12882102 -0.05802340 +0.10406562 -0.07214793 +0.04194196 -0.01613841 -0.01575500 +0.01044300 +0.02658948
+0.01690452 -0.04345156 +0.02713240 -0.05167703 -0.01963776 +0.00691918 -0.04385817 -0.05174040 +0.03341156 -0.04463612 +0.06719162 +0.02614986 +0.06658182 -0.03825171 +0.04515494 +0.02658450 +0.07019340 +0.06904798 -0.02481345 +0.04031793 +0.01866762 +0.08014960 +0.08738173 -0.03137993 +0.06023738 -0.06259059 +0.01854210 -0.03699137 +0.01217377 -0.04092140 +0.03672322 +0.07245548 +0.01688933 -0.00261207 +0.06056233 +0.00345743 +0.03505975 +0.02941743 +0.03674199 -0.02971847 +0.02474104 +0.05495216 -0.02647141 -0.05678010 +0.07228838 -0.00879105 +0.01750571 -0.05964037 -0.03714795 +0.10116621 +0.01486008 +0.04335615 -0.04219419 -0.01386657 -0.04418817 +0.00418959 +0.04425285 -0.01557075 +0.00915614 +0.00326300 -0.01768580 +0.06378492 -0.01111758 -0.04955154 -0.02369590 +0.02647466 +0.02827290 -0.06066572 +0.00744050 +0.04355403 +0.06873544 -0.00182256 +0.00174301 +0.03716499 -0.00026001 +0.00294759 -0.01860905 -0.05377543 +0.03579859 -0.04435335 -0.02199864 +0.02339177 +0.02650613 +0.02485420 -0.01659004 +0.01843620 +0.02976044 -0.04281210 -0.01966074 -0.05296829 +0.03946693 +0.02175713 -0.07454817 +0.04666370 +0.04791286 -0.02980942 +0.01366902 -0.00655870 -0.02350615 -0.03589067 -0.04238975 +0.03427933 -0.04139728 -0.04758452 +0.06894381 +0.06144643 +0.00651095 -0.06872190 -0.01054628 -0.04726566 +0.02135256 -0.04628224 -0.03205659 +0.04416916 +0.02992221 -0.04341904 -0.05520643 +0.02353567 -0.02147171 +0.06216662 +0.00928839 +0.04190121 +0.01713824 -0.02113269 -0.03403828 +0.00020744 +0.02384486 +0.01057680 +0.03847195 -0.04245861 +0.02811850 -0.06953815 -0.00179265 +0.08201066 -0.00796742 +0.05311326 -0.00057372 +0.01525417 -0.07906451 +0.05272337 -0.02759078 -0.01160333 -0.05008920 -0.00071667 -0.03434208 +0.04263057 -0.02409340 -0.08007409 -0.00300362 +0.02604587 +0.00049528 -0.00875041 -0.00354012 +0.03582725 +0.00118892 -0.06241889 +0.03003761 -0.01734833 +0.01479470 +0.04291246 +0.05414958 +0.06983206 +0.04704115 +0.03118656 +0.04074547 +0.02006038 +0.02773383 -0.00386731 +0.00546793 +0.04448686 -0.05253748 -0.02272934 +0.01082630 +0.06035325 +0.04840656 +0.10060218 -0.04754986 -0.01267968 -0.01390197 +0.05938362 -0.03111478 -0.04815238 +0.00881720 +0.07956056 -0.00142210 +0.06673860 -0.06942534 -0.06592640 +0.05023995 -0.04967438 -0.01400710 +0.00744247 -0.05292537 +0.01123572 +0.03614603 +0.06296417 +0.00440164 -0.06328991 +0.06371155 -0.01747158 -0.02369752 +0.07062424 -0.05005179 +0.02812397 -0.01292517 +0.02163370 +0.01085540 -0.04669350 +0.01845171 +0.03809113 -0.04975479 -0.01039603 +0.05214585 -0.05196807 +0.02286802 -0.05533586 -0.00709736 -0.03658682 -0.06025145 -0.00857290 -0.06934012 +0.01222475 -0.06368823 -0.05545562 -0.03610872 +0.03619140 +0.05245735 -0.05026857 +0.05744588 +0.01411084 +0.04801169 -0.02525288 -0.01677286 +0.06830516 +0.06397730 -0.00205864 -0.01772937 -0.01268875 +0.03634752 +0.06163619 -0.00256136 +0.00947363 -0.06547134 +0.02942448 +0.04459954 -0.03384223 -0.06883850 +0.01517963 +0.05552399 +0.01187523 +0.00137685 -0.00591124 +0.01349874 +0.00757566 -0.01005107 +0.06159631
+0.07634228 -0.03867366 +0.06977714 -0.00512434 -0.02559428 +0.02847805 +0.00728670 +0.01317842 +0.02785989 +0.02175772 -0.01835437 -0.03126295 +0.09936728 +0.03844570 -0.00425582 +0.01077034 +0.10964477 -0.02063038 +0.04743876 +0.07153027 -0.02863102 -0.01021166 +0.03043302 -0.08513882 +0.09720977 +0.00936747 -0.00369428 -0.08989572 +0.03261756 +0.02151244 -0.08031299 +0.03932397 -0.06857342 +0.08169571 +0.04526453 -0.01326590 -0.00302515 +0.09708592 +0.08039985 -0.03624341 -0.03928269 -0.09584056 -0.01482274 +0.05105964 +0.09368946 -0.04412789 +0.03161810 -0.03858385 +0.06760919 +0.03958872 +0.02189026 +0.05939558 -0.07365474 -0.04577176 -0.03262812 +0.00887779 +0.06861271 -0.01669273 -0.04676129 +0.05839873 +0.07562442 -0.06933314 -0.01838465 -0.04012854 +0.07903961 +0.03361933 +0.03219962 -0.01085051 +0.04434321 +0.05047664 -0.02148588 -0.02105072 +0.08400785 -0.00839885 +0.00770713 -0.01213314 -0.11769140 -0.01924120 +0.13547732 +0.05684027 -0.10122243 -0.05274360 +0.00843416 +0.05847414 +0.01963436 -0.08195081 -0.02692283 +0.05404064 -0.07096172 +0.09070893 -0.06327792 -0.02975780 +0.10812818 -0.02910370 -0.00133946 -0.05116745 +0.11926102 -0.06229514 +0.10920437 -0.06401769 -0.00929367 +0.02177153 +0.08757747 -0.04169312 +0.01248073 -0.03389325 -0.05571692 -0.05193740 -0.00916279 +0.01124612 -0.05627411 +0.03975930 -0.01203389 -0.07364442 +0.06826467 -0.01000126 +0.02207588 +0.01982502 -0.00784081 +0.00432487 -0.00918119 +0.06255187 -0.05528479 -0.08253687 -0.01618225 +0.06969731 -0.02145264 -0.02844322 +0.08504772 +0.01832977 -0.04757294 -0.02205793 +0.00146488 +0.03494422 +0.05606686 +0.03336455 -0.02411676 +0.07229023 +0.06273621 +0.00294963 +0.00441843 +0.05861035 -0.02665547 +0.02505500 -0.05461516 +0.15898082 -0.08759239 +0.01165540 +0.01798398 +0.06955793 -0.01457064 -0.03410753 -0.00493370 +0.12851577 -0.03261553 -0.06714669 -0.05331941 +0.09089612 +0.06525943 -0.02027798 +0.02568428 +0.04442028 +0.04116497 -0.04731293 +0.05527172 -0.03634214 +0.06979913 +0.01238744 +0.04500787 +0.02506262 +0.00149806 -0.01955410 +0.03090080 +0.02052177 +0.05908529 +0.01043465 +0.04059312 -0.00988826 +0.13463061 +0.00062053 +0.02410377 -0.03735682 +0.05849835 +0.02428674 -0.00624304 +0.00962136 -0.02738595 -0.16449241 -0.04780005 -0.10558874 +0.03568971 +0.01028620 +0.01569212 +0.05452655 -0.05078811 +0.05901621 +0.06122848 -0.06575178 -0.07058713 +0.00479117 -0.02060464 +0.00136708 -0.02215004 -0.04790946 -0.08941916 +0.03884361 -0.10003363 -0.03609842 +0.03643254 +0.01326384 +0.05940000 +0.14414142 -0.00285534 +0.02866915 -0.00614651 -0.00450736 -0.05075251 -0.02327528 +0.07646727 +0.07921074 +0.02391828 -0.03331828 +0.00570619 -0.01356065 -0.06154761 -0.02159445 -0.03924209 -0.01601384 +0.05393608 +0.02458377 +0.03919799 -0.03043888 +0.08808633 +0.07310999 +0.09492788 +0.01925733 +0.00701688 +0.09130946 +0.07506440 -0.05106936 -0.02356541 -0.03917931 -0.09392279 -0.01142746 -0.03306336 -0.00120471 -0.01160461 -0.07384699 +0.01558829 -0.01221610 +0.03736133 -0.03733333 -0.04767155 +0.05054885 +0.07883289 +0.00908184
+0.00414089 +0.05869248 +0.04978707 +0.01450726 +0.07559764 +0.06044976 +0.02667596 +0.07750270 +0.07658328 -0.00089670 +0.07228103 -0.05934656 -0.03820929 -0.01408244 -0.05946676 -0.05088773 -0.00663304 +0.02159677 -0.02103939 -0.04119861 +0.05846163 +0.02253450 -0.01003429 -0.02122131 +0.02312589 -0.07842323 +0.00415049 +0.03866389 +0.06006588 -0.08363394 -0.01028851 +0.05579437 -0.00918952 +0.08590378 -0.02631514 -0.07037693 +0.06871875 +0.04502679 +0.03117459 -0.04542585 -0.04643423 +0.01227260 -0.04065856 +0.00608499 +0.04569656 -0.06007260 +0.00279698 +0.06078213 -0.04770835 +0.06670914 -0.00955558 +0.01346412 +0.04864571 +0.01467593 +0.00649673 +0.00087674 +0.03108851 +0.09297102 -0.00074841 +0.04191885 -0.10710338 -0.07009734 -0.00720136 +0.04877053 +0.03148334 +0.03249333 +0.01614833 -0.01255501 +0.00535194 -0.03574157 +0.02801555 +0.03670571 -0.02704101 -0.00979798 +0.04327400 -0.00516397 -0.09149177 -0.09344529 +0.08865838 -0.03601947 +0.04279439 -0.00344090 -0.03970173 +0.10133418 -0.03462970 -0.04366219 -0.04852199 -0.04542874 +0.02476240 -0.00727075 -0.00504301 +0.03516626 +0.04061119 -0.03705589 -0.02959971 +0.00715297 +0.05431577 +0.06002479 +0.08285008 -0.02230652 +0.03547540 -0.05703149 +0.02289751 -0.01621753 +0.02830990 +0.12955579 +0.02528787 -0.00467314 +0.07798541 -0.02119395 -0.00142864 -0.06144757 +0.02903820 -0.07518388 +0.01268611 -0.05269064 -0.00824493 -0.06725607 -0.04330223 -0.03362662 -0.03862637 +0.04832496 -0.04258291 +0.03818189 -0.03356256 +0.06069162 +0.00969979 +0.02382080 +0.10934528 -0.00742874 -0.01809624 +0.03262506 -0.00672035 +0.01658166 -0.02461276 -0.01256766 -0.06153370 -0.03598699 -0.08384637 +0.00264010 -0.05333127 +0.04905652 -0.04565526 -0.07532846 -0.04140044 -0.05317548 -0.03480924 -0.02515725 +0.09203576 +0.06182491 -0.06936104 +0.00426721 -0.01112438 +0.03770364 +0.04616534 -0.04915493 -0.08105042 -0.03087638 +0.06575578 -0.02836600 +0.07834633 +0.05857923 +0.06839255 +0.05697190 +0.07597217 +0.07036293 +0.01551644 +0.05142457 +0.01308311 -0.00536986 -0.01275627 +0.06438166 +0.02577599 +0.00259942 -0.01115244 -0.03522747 -0.02289352 -0.02604991 +0.01401981 +0.04187869 -0.00012694 -0.00356919 -0.00617001 +0.06716769 +0.05536834 +0.02193610 -0.00465951 +0.02049185 +0.00693411 +0.06886572 +0.07804628 +0.04733994 -0.03993339 -0.04462551 -0.03191125 -0.02294900 +0.00778569 +0.01083531 -0.04271785 -0.03837412 +0.00856249 +0.04143173 -0.04403057 +0.03862236 -0.02632733 +0.03441004 +0.05715227 -0.04020671 -0.08078852 +0.01325856 +0.06510920 +0.01587241 -0.04179821 +0.02599755 +0.00381930 -0.00978122 -0.07667319 -0.02645851 +0.05210044 +0.02856253 -0.09074165 +0.03297552 +0.02891257 -0.01271246 +0.05158273 +0.00047295 -0.03915490 -0.03007103 +0.03247951 -0.01203503 +0.02945115 -0.03241960 +0.03988293 -0.02345885 -0.01262775 -0.02351396 -0.00601697 -0.05550437 -0.02477350 +0.01960164 -0.04404757 -0.02765665 -0.01648550 -0.05166338 -0.02890771 -0.01156674 -0.07451832 +0.05149274 +0.02224838 -0.06535541 -0.04115662 +0.03466725 +0.05878579 +0.03633241 +0.06767149 -0.02482579
-0.05180298 -0.00504685 +0.06218259 -0.06131166 -0.01747932 -0.02233356 +0.08135631 -0.04475461 +0.02074546 -0.05755620 +0.01141479 +0.03425736 +0.03894121 -0.02761283 +0.02170244 -0.07401973 -0.00146301 +0.05631856 +0.03228704 -0.02553948 +0.05411159 -0.00914451 -0.03653773 +0.05728828 +0.11638143 +0.04939364 -0.03261595 -0.05238004 -0.06860532 -0.09029938 -0.02077894 -0.05436446 +0.03990049 +0.08053123 -0.04185053 -0.05343326 -0.06038738 +0.02121398 -0.01517667 -0.02752668 -0.03165836 -0.02472852 +0.01995230 +0.02518532 -0.09169179 +0.00938309 -0.00190586 -0.01891969 +0.07600734 +0.05404018 +0.03463683 -0.10308717 +0.03278128 +0.08018776 +0.05280273 +0.02133464 -0.06254701 -0.06493465 +0.03194194 +0.05551745 -0.04235122 +0.03599450 -0.01967498 +0.00278041 -0.05369175 -0.00447503 +0.10620046 +0.02088900 +0.07420438 +0.03823633 -0.00535107 -0.01419743 +0.07594813 -0.03037655 -0.03525325 +0.00586347 +0.07899580 +0.03918926 -0.00102311 +0.03777421 -0.05637763 +0.05544158 -0.06737571 +0.01486809 -0.02683931 -0.01268283 +0.03979991 +0.01662759 -0.02361061 +0.01328344 +0.04685989 -0.03239015 -0.08011431 -0.03933150 +0.03057940 -0.01498000 +0.03189748 +0.03306874 -0.00450261 +0.04066820 +0.03983158 +0.03980976 +0.00724465 +0.04078131 +0.07964692 +0.05345905 -0.03185160 -0.02496784 -0.00775270 -0.02640242 +0.05589981 +0.00311620 -0.04769649 +0.01825744 +0.06807161 -0.06426951 +0.03233991 -0.04154646 +0.02802882 +0.02518618 +0.06878065 +0.07234251 +0.03332276 +0.04665009 -0.03193214 +0.08918361 -0.01132854 -0.02855116 -0.08633333 +0.09052874 -0.00852482 +0.06277063 +0.05042378 +0.03765114 +0.01804040 -0.04072770 -0.02698934 +0.00522186 -0.01979658 +0.01839511 -0.07562387 +0.02848841 +0.06845634 -0.00187054 +0.01564020 -0.03101388 +0.05379910 -0.06399284 -0.04129800 -0.02939779 +0.07922430 -0.01789367 +0.00910302 -0.06803823 -0.01231125 -0.07416867 +0.04647238 -0.05753946 -0.10349064 +0.02153410 -0.02826770 +0.02099399 +0.04328825 -0.01929078 -0.04256357 -0.03691426 +0.03542820 +0.02226342 +0.01317925 +0.03415241 -0.02305542 -0.03977738 -0.04751261 +0.01837156 -0.10594484 +0.07375444 +0.05273017 -0.05508954 +0.07295097 -0.06192647 +0.05711125 +0.00877061 +0.01613448 -0.02461093 -0.05151971 +0.02769866 -0.03645504 +0.07057115 +0.03906180 +0.01434812 -0.04613170 -0.02836902 +0.03173107 -0.03634540 +0.08039980 +0.01409366 -0.01524298 -0.08822274 +0.08513139 +0.02653693 -0.09934998 +0.07297500 -0.04577137 +0.01315024 +0.04813248 +0.02260886 +0.09396090 -0.06832901 +0.07841902 +0.00246630 +0.04272557 -0.09081417 -0.03577485 +0.02900323 +0.03613303 +0.05871144 -0.04437857 +0.05909953 -0.02733798 +0.03288136 -0.03553471 +0.02410050 +0.02761777 +0.04148522 -0.05426895 -0.04542639 -0.05712422 -0.03602046 -0.05148217 +0.06692109 +0.02912335 -0.04083772 -0.03087983 -0.02648041 -0.01152417 -0.02710173 +0.03194298 -0.06393845 +0.00656228 -0.03499084 +0.01443701 +0.00154032 -0.03761266 +0.00543663 -0.06603612 +0.00975582 +0.05566398 -0.04025298 +0.00435173 +0.00220398 -0.01920573 +0.02161716 -0.05188169 -0.05405656 +0.01084848 -0.05363636
+0.08549652 -0.02531279 -0.03592763 -0.02989347 +0.05795166 -0.01265840 -0.00536433 -0.01780072 -0.03411485 +0.09679892 -0.02710262 -0.00245769 -0.09072669 +0.01776290 +0.05152149 -0.12650844 -0.01267611 +0.00450172 +0.01741303 -0.06350747 +0.02503089 +0.03685575 +0.03257784 -0.04431145 -0.07331279 -0.03415670 -0.01823690 -0.00293960 -0.02532474 +0.01651572 +0.03502150 -0.09248386 +0.04585910 -0.07191285 -0.02133290 -0.00550495 +0.03730654 +0.03485695 -0.04046619 -0.05339981 +0.00098241 +0.04565298 +0.01016672 +0.01383992 +0.02498451 +0.06764713 -0.05028861 +0.04503716 -0.01670512 +0.02741975 +0.01875114 -0.03180874 -0.02852791 +0.03326858 +0.08434191 -0.00015878 +0.02985462 -0.10108898 +0.04182929 +0.01846992 -0.00083677 +0.07136381 -0.04622056 +0.06380055 -0.03922876 +0.02254883 -0.02313520 -0.01279683 +0.06012423 -0.00386398 -0.07561656 -0.12375018 -0.02063735 +0.02829947 +0.04627910 +0.09425151 -0.03015731 -0.10185084 -0.11262402 +0.05468735 +0.04697082 -0.01638538 -0.08021704 +0.00360275 -0.03942062 +0.04478254 +0.07973103 +0.05754856 +0.04839066 -0.02542339 +0.03449177 +0.05254413 +0.00507108 +0.04255951 -0.05242984 -0.03888435 -0.06019630 -0.01839172 -0.08818334 +0.07794883 -0.07621576 +0.09003726 -0.04394206 -0.03315218 +0.09403649 +0.09887420 +0.01764050 +0.07156783 -0.03127103 +0.00128658 +0.06708830 +0.10719872 +0.06810217 +0.01298641 +0.03012827 -0.00908537 +0.03874984 -0.06792807 +0.05406342 -0.06175913 +0.03797764 +0.01109155 -0.04412120 +0.00498124 +0.07548698 -0.07256003 +0.01928604 +0.08336977 -0.07506783 -0.02668485 -0.04201342 -0.10070816 +0.02575529 -0.04576780 +0.06028323 -0.03709784 -0.07678083 +0.06331376 +0.08400324 +0.01346190 +0.04288417 +0.02785442 +0.04486197 +0.01672861 -0.04628460 -0.16535252 +0.02192753 -0.06972648 -0.07057670 -0.00347042 +0.06373050 -0.00514661 +0.06487608 -0.06228315 +0.02330734 -0.05819329 +0.02897587 +0.07462493 +0.03207352 -0.09808528 -0.05146106 -0.07816996 -0.08008140 -0.08774688 -0.04773892 +0.03417516 +0.01713246 +0.07592656 -0.04882666 +0.00380239 -0.01819391 -0.10267403 +0.01989465 +0.02379641 -0.05551376 -0.10600512 +0.01343202 -0.04665841 -0.06971984 -0.00672519 -0.08080658 +0.04101271 -0.03926669 -0.00598622 +0.04950446 +0.05591829 +0.04892955 +0.05731057 +0.00101614 +0.08143628 -0.09267896 +0.06401075 -0.04248186 +0.01409187 +0.01755680 -0.00021011 -0.00894184 -0.02068983 -0.04052009 -0.05754466 -0.00277703 -0.00755226 +0.05601772 -0.06937684 +0.05199974 -0.04940110 -0.03884597 +0.03443974 -0.02845810 -0.00278913 -0.00117610 -0.01381217 +0.06131476 -0.02034765 -0.04551739 +0.04313183 +0.00548389 -0.03990377 -0.01286343 -0.03737136 -0.02016248 -0.03583456 -0.00147878 +0.00359257 +0.00432796 +0.02748175 -0.05697802 +0.06865812 +0.02925754 +0.02705721 -0.02457388 +0.04746420 +0.09094202 -0.07485798 +0.07558934 -0.03524661 -0.09202496 -0.00691838 -0.01616237 +0.01057808 -0.05313182 +0.00814691 +0.04100981 +0.05036303 +0.07315207 -0.03797037 +0.01746304 -0.05090125 -0.00568620 -0.04681011 +0.05847411 -0.05602671 -0.00974309 +0.02213638 -0.02453434 +0.09082090
+0.05519103 +0.06320959 +0.04741616 +0.04813326 -0.00384012 +0.04671312 -0.10932015 -0.06860293 -0.04778421 -0.07730202 +0.04345356 +0.03743796 -0.01991189 +0.02610799 -0.00104040 +0.10907808 -0.06243051 +0.00262260 -0.05431778 -0.00851036 +0.07615931 +0.10231414 +0.07432862 -0.08687387 -0.05330028 +0.03456077 +0.00513403 +0.06076960 -0.02366305 -0.02951005 -0.00949017 +0.09354646 +0.07257470 -0.00554196 +0.04410917 -0.00630553 +0.05409497 -0.01520475 -0.02684420 +0.01064108 +0.03513823 -0.02630393 -0.02753246 +0.01545579 +0.03422504 +0.02683350 -0.07195221 -0.08272380 +0.04184908 +0.04750934 +0.00789085 -0.03112470 -0.02337162 +0.01239085 +0.05752355 +0.02914420 -0.08631223 +0.06581370 +0.08885861 -0.02927201 +0.09436953 -0.05625805 -0.07607233 +0.03674857 -0.12377291 -0.05657096 -0.04193201 +0.11493938 +0.00334170 +0.07365716 +0.00541808 -0.01463781 +0.05421226 -0.03312638 +0.05294390 -0.04781302 -0.03217337 +0.09759583 +0.09712072 +0.01135800 +0.04030614 +0.04215125 +0.11519676 -0.03686416 +0.01381524 -0.04790230 -0.08384666 -0.07183506 +0.04480837 +0.05669798 +0.00585403 -0.00155043 +0.08646180 +0.07079085 +0.06942309 +0.03556981 -0.08171202 -0.05879403 +0.05596413 -0.00110533 -0.02286481 +0.03701696 +0.03009690 +0.03607693 -0.10970993 -0.01242321 -0.09548728 +0.05095992 +0.05025788 -0.01313528 +0.03615938 -0.09703976 -0.02863108 +0.00437161 -0.03502580 +0.02146188 -0.10823970 +0.07584420 -0.09053265 +0.06218681 +0.01386768 -0.06446201 +0.04474518 -0.05753613 +0.10186487 +0.00058495 +0.06281079 -0.11027673 -0.04156073 +0.08381886 -0.04417449 +0.00847854 +0.07915599 +0.02601428 +0.00476453 -0.01124356 -0.07356273 +0.01462016 -0.10166171 +0.04930203 +0.00536010 -0.09973175 +0.03507326 +0.11264116 +0.10000224 +0.17178676 -0.05869063 +0.01455095 -0.08037093 +0.11260280 -0.07506430 -0.01557340 +0.02664948 -0.03941796 +0.08186723 -0.05412390 -0.04087666 +0.06189289 -0.03860315 -0.01351230 +0.07609613 +0.06684438 -0.02425056 +0.01988381 -0.03508530 -0.00483354 +0.01378328 +0.02380366 -0.02295701 +0.00249635 -0.01917788 +0.09081016 +0.04012635 +0.03615413 +0.04059624 +0.12033471 +0.00163327 +0.01827527 +0.09322824 -0.05095525 +0.08222014 +0.01770550 +0.02296474 +0.09459117 +0.05219698 -0.05696338 -0.10892946 -0.10028905 +0.00616075 +0.04337164 +0.06398071 -0.00914282 +0.00764630 +0.10949647 +0.08666936 -0.05509309 -0.03338934 -0.06073472 +0.03055303 +0.05367398 -0.04189239 -0.05913392 -0.00423590 +0.01183168 -0.01432384 +0.04174174 -0.04327184 -0.02060615 -0.00669358 -0.00437653 +0.02979071 +0.02262337 +0.02533202 -0.07030611 +0.02844149 +0.00437692 -0.02172824 -0.00507748 +0.06955983 +0.14959860 -0.03192336 -0.00940533 -0.01177894 +0.02212253 -0.01519675 +0.09956421 +0.01669864 -0.03427648 +0.00107759 -0.00730373 +0.04729848 +0.03863027 -0.00462757 +0.16469671 +0.06842626 +0.00090871 +0.04721937 -0.02494795 +0.01330438 +0.00735570 +0.04409956 -0.00579205 -0.03642662 +0.00514899 -0.02121487 -0.00883111 -0.00017680 -0.08844698 +0.08364550 +0.07625899 +0.05155209 +0.06577927 -0.10565089 -0.05164448 -0.02363128 +0.05029944
+0.00761095 -0.03492133 -0.00553985 -0.03394458 +0.02591072 -0.03959123 +0.01781103 -0.02602137 +0.03235895 -0.09618351 -0.02975941 +0.04807556 +0.00851865 -0.02545720 +0.02959087 -0.00505520 -0.01409119 -0.02196600 +0.07121810 -0.02825491 +0.02833390 -0.04731240 -0.07715157 -0.01973508 -0.00768309 +0.07567200 +0.04403850 -0.00753030 -0.01079076 -0.05180758 -0.05080580 +0.14552151 +0.00984307 +0.05601604 -0.03553075 -0.09314470 -0.00028099 -0.06512048 +0.05298724 +0.05686240 -0.03581436 -0.02649838 -0.04134001 +0.04471657 -0.06492472 -0.01706647 +0.03843021 -0.01278145 -0.04516097 +0.01549993 -0.00971313 -0.07277324 -0.01562932 -0.02076563 -0.01740823 +0.11020476 -0.02355915 +0.05751301 +0.06301699 +0.01357520 +0.05942986 -0.10418455 -0.06323660 +0.06089285 +0.02508092 -0.03087722 +0.00250964 -0.03445335 -0.05632105 -0.03776579 +0.02156717 +0.04315805 +0.10285965 -0.03005144 -0.00830752 -0.04056886 -0.03475146 +0.09801012 +0.05061955 -0.01105508 +0.01815571 -0.01657384 +0.11585903 -0.03651338 -0.08884265 -0.02999460 -0.04372672 +0.00693107 -0.07397202 +0.06928290 +0.02999800 -0.04902960 +0.01784539 -0.05234213 -0.00646393 +0.00629070 +0.01390507 -0.06980623 -0.02594113 -0.01249873 -0.03905354 -0.05669675 +0.06567562 +0.00138936 +0.01469282 +0.05480891 +0.00110222 +0.01361710 +0.02756778 -0.05975106 +0.03504200 -0.01858743 -0.04844579 -0.00037517 +0.08633476 -0.00375601 -0.02992657 +0.03094864 -0.01971486 -0.00622997 -0.04852748 +0.00246586 -0.00186430 -0.04878850 -0.08297278 +0.00868193 +0.06006222 +0.00397187 +0.01233295 +0.04110892 +0.04393209 -0.00769335 +0.01063353 -0.01419803 +0.03008089 -0.04186949 -0.01985548 -0.01493800 +0.07244538 +0.03489063 +0.02214194 +0.01074883 -0.07222132 +0.01662667 +0.00760067 -0.03594746 -0.01275362 +0.02252041 +0.03730718 +0.00444073 -0.03444806 +0.02622622 +0.04753556 -0.04408934 -0.03650739 -0.06326331 +0.04576883 +0.05009497 +0.00760312 -0.05559500 +0.04795973 +0.01296136 +0.02392447 -0.04993564 +0.06374485 -0.03567264 +0.01338712 +0.02659452 -0.03228853 +0.03914608 -0.01310589 -0.00063955 -0.05673862 +0.03805865 -0.01718146 +0.07417442 -0.04681869 -0.02680328 +0.08781126 +0.05545773 -0.01829980 +0.05074065 +0.01092401 +0.01982097 -0.02990827 -0.05692524 +0.02651376 +0.01548823 -0.00589129 +0.04445469 +0.04767763 +0.00072885 +0.02589367 +0.11826070 +0.03085229 -0.00840666 +0.03356406 -0.07588325 +0.06480406 +0.04359167 -0.09388705 +0.05818449 -0.01962414 -0.00392815 -0.03159939 +0.02960531 +0.02830472 -0.02711295 +0.03615207 +0.01623651 +0.07735702 +0.03546356 +0.03673468 -0.00296895 -0.03513286 +0.03062373 +0.02724780 -0.01280634 +0.00448892 +0.07253298 +0.05491948 -0.04337683 -0.02045070 +0.04166205 -0.03113310 +0.06085835 -0.03150439 +0.00946469 -0.01541347 -0.01300232 -0.01091934 -0.04705206 +0.04735120 +0.01759757 -0.06074009 +0.07442717 +0.10073078 +0.02619910 +0.02119028 +0.05542165 -0.02357025 -0.05438590 -0.03267067 +0.00605522 -0.04205780 +0.08367255 +0.03617023 -0.01136173 +0.05411460 +0.07720941 -0.06463161 +0.06595235 +0.04675589 +0.05559165 -0.04220152 -0.11825038
-0.00778445 -0.01275099 +0.03644245 -0.01244757 +0.03626948 -0.00348192 -0.01665159 +0.05374528 -0.02493905 -0.02611257 -0.04780463 +0.04635494 +0.05526633 -0.00305910 -0.06560685 +0.04021265 +0.04050827 -0.02835598 +0.03960643 +0.04526572 -0.02478127 -0.00910039 +0.03129255 +0.01114805 +0.02368842 +0.01584507 -0.00393615 -0.04365303 +0.05061611 +0.07064926 -0.01695853 -0.01744875 -0.03262206 -0.02584259 -0.03835201 -0.03725952 -0.03057967 -0.04995168 -0.03790324 -0.03558018 +0.02398581 +0.04602244 +0.00926209 +0.02672326 -0.00261156 +0.01123155 -0.04158866 -0.02430240 +0.03930671 -0.04599983 +0.02277195 -0.05265544 +0.04486754 +0.00056168 +0.00893829 +0.00288592 +0.04541417 +0.00820982 -0.05283136 -0.03654237 -0.06334101 +0.06946586 +0.07731331 -0.05569484 +0.06350640 +0.02338227 +0.04426170 -0.01557612 -0.04249975 +0.04989507 -0.01819464 -0.06326643 +0.00722908 +0.03886320 +0.04125104 +0.04550166 +0.01744128 -0.00831850 +0.05729210 -0.04931855 -0.01425456 -0.06467830 -0.02273669 -0.02678466 -0.02731130 -0.02000226 -0.06182143 -0.00411093 +0.01129869 -0.05677174 +0.02729412 -0.00746323 +0.02503504 +0.03243406 -0.03495299 -0.03022389 +0.01122514 +0.05962824 -0.01794310 -0.02266241 +0.04907709 +0.00435589 -0.02458665 +0.01277405 -0.00451817 +0.01705105 +0.04564870 +0.01577580 -0.00056991 +0.03963412 -0.01201660 -0.02922714 +0.04406860 -0.02959655 +0.03087797 -0.01970493 +0.01108301 -0.01392277 -0.02140882 +0.06019456 -0.01666916 -0.04672881 +0.01817858 +0.03403701 +0.03658769 +0.06230218 -0.02696400 +0.01435853 +0.02547255 +0.04797750 +0.05759010 -0.05502411 -0.05142239 -0.03523874 -0.02580362 -0.04065613 +0.05347965 -0.00977575 -0.03927787 +0.04784767 -0.03443336 -0.05325726 -0.08051261 +0.05274837 -0.01805833 -0.03804134 +0.07197829 -0.01421131 +0.04784827 +0.02149758 +0.03754834 -0.06249734 -0.04496806 -0.02488904 -0.01183704 -0.01324760 +0.02488955 +0.00860380 +0.04668858 +0.02701505 -0.06004712 +0.06540402 +0.03355965 -0.03174835 -0.02038102 +0.01650967 +0.01770083 -0.00611568 -0.01014979 -0.03847564 -0.02568130 -0.06018770 +0.02971984 +0.05342913 +0.00234319 +0.05438635 +0.01541302 -0.04311623 -0.06060020 +0.03605315 -0.01654130 -0.05917910 -0.02701768 -0.03591243 +0.07382085 -0.07258915 -0.04648516 -0.02404520 -0.00483783 +0.03966830 +0.03507533 +0.04086490 -0.01791731 +0.02960246 -0.03229679 -0.05557343 +0.01252675 +0.03876413 -0.01207167 +0.05212272 +0.03990725 +0.00107367 -0.00443894 +0.04689399 +0.00944582 -0.01834038 +0.04677487 -0.03341093 +0.00297502 -0.04469365 +0.02417072 -0.04199051 +0.06275408 -0.06718585 +0.06008509 +0.03855504 -0.03645269 -0.00508233 +0.01865622 +0.06016105 -0.06238818 +0.05238497 -0.02631090 -0.03082737 -0.00011393 -0.03894800 -0.00871489 -0.07404181 -0.04097544 -0.02667430 +0.06759483 +0.03241274 -0.05336206 -0.06918073 -0.00118065 -0.00107596 -0.02626506 +0.05817949 -0.04441512 -0.03621906 +0.00233578 -0.07761387 +0.02563403 -0.03823840 -0.05975101 -0.01864621 -0.03433983 +0.05815593 -0.02643694 -0.05982900 +0.02883318 +0.02090661 -0.01154075 +0.02451214 +0.06035974 +0.04253589
+0.02581951 -0.03237130 +0.08791563 -0.00116847 +0.06589475 +0.06949759 -0.04515913 +0.05478311 +0.02499348 -0.07636265 -0.04084467 -0.08761930 -0.03677548 +0.00458839 +0.04679133 -0.03801932 +0.07885586 -0.02324504 -0.04105234 -0.01649435 -0.07901010 -0.07450663 -0.04002142 +0.06163117 +0.02516020 -0.02521297 -0.01210379 -0.03050308 +0.05330924 -0.03399835 -0.04140303 +0.06122032 -0.05921138 -0.01494035 -0.00925962 -0.06354385 +0.09336604 +0.04965062 -0.02748862 -0.04234443 +0.01566291 -0.04449766 +0.00424286 +0.10442061 +0.00079277 -0.07391428 +0.01314702 -0.05924951 -0.02591933 -0.01856517 +0.06028377 +0.06029000 +0.00632334 -0.06645347 -0.06818676 -0.05698464 +0.10914762 +0.07972895 +0.00028792 +0.00240497 -0.09048039 -0.05265228 +0.01570684 +0.00930634 +0.03676139 +0.03220519 +0.02620962 -0.05944659 -0.04783697 -0.07054500 -0.00673687 +0.08433790 +0.05443590 +0.02602049 -0.00813972 +0.01973442 -0.01954919 -0.12475418 -0.07839457 -0.02315562 +0.02212342 +0.04040146 +0.07485500 +0.04804386 -0.01203149 -0.01517535 +0.07427187 -0.05410687 -0.08025704 -0.11853043 +0.03601100 +0.01524295 +0.06714941 -0.00402477 -0.00147604 +0.04016312 -0.04668721 +0.03520307 +0.06710562 -0.10007722 +0.02176256 -0.01141662 +0.09157664 -0.02213676 -0.07229286 +0.12444109 -0.00384617 -0.01949583 +0.03276222 -0.00686280 -0.03271020 +0.03470372 +0.07601096 -0.01391649 -0.04823130 -0.04049053 -0.05154527 +0.06890324 +0.03086146 -0.04310859 +0.16509567 +0.00236820 -0.05516371 +0.03320589 -0.06169773 +0.02653234 +0.00102959 -0.02294178 +0.10939610 -0.10156538 +0.03237788 +0.06132177 -0.04269238 +0.02600445 -0.00838432 +0.02624247 -0.03596055 +0.00031953 +0.02736428 +0.06659207 -0.13504818 +0.09940723 -0.02345144 +0.07646719 -0.03000417 -0.06747855 -0.08522245 -0.02444674 +0.02946073 -0.00645490 -0.10133854 -0.04712071 +0.02720745 +0.04919271 +0.02034177 -0.09032710 +0.03891024 -0.01681201 +0.09773978 +0.08643613 +0.07034973 +0.04179022 +0.02055205 +0.01188444 +0.01213873 +0.01105015 -0.06924330 +0.06281146 +0.05911165 +0.00333412 +0.09634110 -0.06355847 +0.08912925 -0.05338062 +0.04009940 +0.00303384 -0.06991559 -0.03460946 -0.05119388 -0.04769718 -0.06986886 -0.08307420 +0.05581635 +0.03779125 -0.04649398 -0.04330196 +0.02450107 -0.02314109 -0.02467412 -0.06606899 +0.01102380 +0.01806486 +0.04108593 -0.02832271 -0.07775870 -0.06984304 -0.02615213 +0.03384923 -0.03998186 +0.00239041 -0.02910763 +0.08839951 -0.03412548 +0.07884912 -0.02406088 +0.03295153 -0.00087673 -0.05300307 -0.03142257 -0.00540479 +0.04084742 +0.00021923 +0.05874338 -0.08159217 -0.04684293 +0.01359894 -0.04795430 -0.00942582 -0.02080798 +0.00949797 +0.03696522 +0.06229572 -0.07160805 -0.10425711 +0.02697274 +0.08178535 -0.06871454 +0.02264003 +0.01145307 +0.04458926 -0.01629145 -0.00740638 +0.04745831 -0.05915658 -0.12064032 -0.09147241 -0.05770844 +0.07431474 +0.11140636 +0.05793372 -0.01290913 -0.13225597 +0.01026663 +0.02152445 +0.05553387 +0.06569482 -0.05094544 +0.09147812 -0.04851117 -0.06356167 +0.03319890 +0.00698846 +0.01479022 -0.04715314 +0.04652444 +0.10620820
+0.03834704 +0.01932800 -0.01915264 -0.00833066 -0.02719899 +0.06138742 -0.01844922 +0.01412986 -0.04088405 -0.01685830 -0.03381895 +0.03998795 +0.03798629 +0.03259522 -0.01143462 +0.02822955 -0.02481556 +0.07137933 +0.01472233 -0.03815860 -0.00296494 -0.00671451 -0.02574426 +0.01634985 -0.03687865 +0.03070841 +0.05457570 -0.03136474 +0.03449660 +0.09961355 +0.01406540 +0.03697677 +0.03760390 +0.00621825 +0.05321317 +0.02897755 +0.05200439 -0.01960236 +0.00036979 -0.02896670 +0.01265925 +0.00300182 -0.00751402 +0.06887352 -0.00149036 +0.00417082 +0.02076537 -0.03899015 +0.04685917 +0.01743247 -0.01862910 +0.03072879 -0.08264331 -0.04051949 +0.00484473 -0.05222253 +0.11275157 +0.11217691 -0.00656220 +0.00766151 -0.04573913 -0.05427169 -0.01669821 -0.06289291 -0.00335526 -0.05688277 +0.03256994 +0.05488575 -0.04498232 -0.00011138 +0.02319469 -0.00210185 +0.03536367 -0.03151759 -0.02998751 +0.02895563 -0.03112688 -0.06098540 +0.04197128 -0.02736021 -0.02390669 -0.01230838 +0.03433068 +0.08509260 +0.05677091 +0.07395506 -0.02868747 +0.01877951 -0.04866983 +0.04634390 -0.01765909 +0.02592691 +0.00323055 +0.06340070 -0.00332995 -0.06436864 +0.03615407 +0.01588183 -0.00385292 -0.04830351 -0.10947999 +0.07210226 +0.04959709 -0.06342050 +0.00348148 +0.11386792 +0.05723755 +0.02873871 +0.04012288 -0.01735398 -0.06846135 +0.07667035 +0.06949032 +0.02379107 +0.00477002 +0.05801531 +0.03004267 -0.05533747 +0.04956169 -0.00928367 +0.08175502 -0.04339311 +0.03806825 -0.03465375 -0.02035480 -0.05554530 -0.00169884 -0.04014768 +0.07444571 -0.02105791 -0.03516577 -0.03363504 -0.01491325 -0.07843882 +0.04576046 +0.06392421 +0.00965934 -0.06263091 +0.03394352 +0.02417761 -0.05138575 +0.09672654 -0.04727530 +0.00642538 -0.06414057 +0.00221487 -0.03649266 -0.02948305 +0.04369865 +0.01533739 -0.02998619 +0.06717451 +0.03192297 +0.01187728 -0.01987551 -0.01167282 -0.00913239 +0.07132798 +0.07150956 +0.00811745 +0.02408200 -0.06257459 -0.02249551 +0.00590021 -0.02683230 -0.02676612 -0.02916208 +0.12928307 -0.03712795 -0.02058481 +0.10478713 -0.02288680 +0.01221422 -0.00752556 -0.00001581 -0.11889376 -0.03399508 +0.04208222 -0.00730001 +0.04906559 -0.01774410 +0.00233421 +0.05443964 -0.01561146 +0.07284282 -0.11819782 +0.05398101 -0.04449591 +0.00547467 -0.05135668 +0.08012228 +0.08596010 -0.01252386 -0.00421810 +0.03531220 -0.02175961 +0.00911208 +0.00000226 -0.09078290 -0.00252611 +0.05494208 +0.00769136 -0.00109287 -0.04847581 +0.04893560 +0.04440814 -0.01558079 -0.05337699 -0.03518423 +0.07230256 +0.03131247 +0.04342028 +0.01063499 -0.01063076 -0.02722643 +0.00421231 +0.04225489 -0.00537064 +0.03404804 -0.00415477 +0.02926290 +0.08042996 +0.04313440 +0.04120626 +0.07144016 +0.10546365 -0.01630788 +0.06641696 +0.04892208 +0.08042075 -0.05464477 +0.01298940 +0.02190011 -0.02010983 +0.01694202 -0.03191528 +0.01608861 +0.03048585 +0.01094373 +0.03387472 -0.00857778 -0.13334268 +0.02831797 -0.01248230 +0.04277018 +0.02770407 -0.05421930 -0.04277103 +0.04431343 +0.08128088 +0.07180499 +0.05506791 -0.00256414 +0.01128129 -0.04203976 -0.00813537
+0.09571774 -0.02867177 +0.01776835 -0.06586554 +0.04181795 +0.02687335 +0.01300704 +0.03701526 +0.00825811 -0.00881769 -0.02874889 +0.04297712 +0.01908466 -0.03128313 +0.00962135 -0.06846976 +0.02687699 +0.08270559 +0.03010970 +0.04695100 -0.03684704 +0.00104852 +0.02144165 +0.02283201 +0.00265698 +0.03757897 -0.02703542 +0.00016394 -0.04238469 +0.11175165 +0.03418541 +0.00990073 +0.00490363 -0.12731682 -0.04533818 +0.01005800 +0.00968744 -0.06813538 -0.04712487 +0.05127946 -0.05793152 +0.12582287 +0.01639631 +0.03713968 +0.00918274 -0.02070879 -0.06630564 +0.05409204 +0.04301134 +0.02442778 -0.05635290 -0.01331550 -0.06066911 -0.02204410 -0.00058016 +0.04854940 +0.11386666 +0.00091647 +0.01666679 -0.00202149 +0.01996339 -0.00778506 +0.01103811 +0.02212528 -0.06693310 +0.03284016 -0.03436607 -0.06426844 -0.02371127 +0.03040128 -0.00668897 -0.06160684 -0.02141251 +0.00302030 -0.00136304 +0.04128911 -0.06631044 -0.08195443 -0.00716377 +0.05007971 -0.06997084 +0.07582592 +0.01365409 -0.04595807 +0.06367344 -0.02524114 +0.07700555 -0.00511303 +0.05643909 -0.10500562 -0.02201881 -0.04654680 +0.07431433 +0.05453239 -0.02683307 -0.03963270 +0.00713587 +0.01422807 -0.00579691 +0.04466354 -0.04648403 +0.06706090 -0.03170886 -0.01722431 +0.01749902 +0.06195870 -0.01237529 -0.00497289 -0.00936299 +0.03771046 -0.04015805 +0.00709397 +0.06546099 -0.01454617 +0.03180034 +0.00219145 +0.01987921 -0.03038835 +0.03938694 +0.03063661 +0.01984515 -0.03709310 +0.04784573 -0.07448994 +0.09261405 +0.04878169 -0.00229548 +0.15341575 +0.09243463 +0.03252813 +0.02585365 -0.08255789 +0.01921627 +0.00617948 +0.06532381 +0.03271037 -0.05751967 +0.02012509 -0.08353324 +0.03087731 +0.03732193 +0.01617422 -0.04612312 +0.00933136 +0.01579098 -0.10664997 +0.09800631 +0.04770176 +0.09182891 -0.01683914 +0.00582787 -0.01631450 -0.03649297 -0.03859510 -0.03924171 +0.01510410 +0.00888101 +0.06408110 +0.10572524 -0.03542477 +0.02579924 +0.03480421 -0.05664052 -0.01353526 -0.00692390 +0.02204611 +0.03800013 +0.10257594 -0.03396083 -0.03648447 -0.01432810 +0.04601555 +0.07224564 -0.00291953 +0.04967773 -0.10456099 +0.04270467 -0.00422659 -0.10079726 +0.06983346 +0.05342902 -0.05020102 -0.03364496 -0.05259281 -0.01612343 -0.09300677 +0.08781003 -0.06414529 +0.00395623 +0.01168067 -0.01003777 -0.04652668 +0.07577941 +0.06481525 +0.01251510 +0.04942520 -0.02126531 +0.04975090 -0.09449311 -0.08449414 +0.07285724 +0.04323812 +0.06120079 -0.00949125 -0.02583822 +0.03472733 +0.00024860 -0.07344820 -0.03233608 +0.01466072 -0.08966072 -0.04434722 +0.02292456 -0.04368708 -0.00166561 -0.04425826 +0.03892967 -0.09128688 -0.02407660 -0.03819126 -0.02097664 -0.04498003 +0.03965128 +0.02081803 +0.05251527 +0.02400030 -0.02102304 -0.03650267 +0.03714611 +0.05955303 -0.08928116 -0.00172578 -0.02618217 -0.07506189 -0.00230035 -0.06806041 -0.02730155 +0.02706323 +0.00195773 -0.04570646 -0.03069456 -0.05571211 +0.06499746 +0.01939886 +0.02993918 +0.08848407 +0.04772512 +0.03358993 -0.00022020 -0.00462413 -0.02245662 -0.04160915 +0.05820854 +0.07152385 -0.03120099 +0.02724549
-0.02374291 -0.04303711 +0.06050677 -0.00046195 +0.03456713 +0.03053485 -0.06255218 +0.02378648 +0.04051354 +0.02599441 +0.02682373 +0.01471183 -0.02829515 +0.04035898 +0.05176754 -0.03889791 -0.00905851 -0.06760632 +0.06807400 +0.03572255 +0.01905506 -0.02322029 +0.06659713 -0.03663831 +0.00191386 -0.00804066 +0.06030799 -0.03104135 +0.01054055 +0.02620749 -0.01223832 -0.00868462 -0.03435314 -0.03127099 +0.00649255 +0.10446518 +0.06746499 -0.05367753 -0.01074705 +0.06965473 +0.00697549 +0.07326296 -0.00867634 +0.04913916 +0.08564321 -0.07728519 -0.00162571 -0.07966019 +0.04184800 +0.02095381 +0.07165167 +0.05980550 -0.07944451 -0.06884561 -0.04140597 +0.00718257 +0.07267109 +0.05012486 -0.02810785 +0.01621635 -0.04080078 +0.00507445 +0.07396778 -0.09167683 +0.00236689 -0.07351641 +0.03277799 -0.04427086 +0.04274170 -0.03442555 +0.08305811 +0.03176677 -0.01629101 -0.01036785 -0.01414266 -0.04004940 -0.10717834 -0.12448448 +0.06589244 -0.00094363 +0.00384244 +0.00709386 -0.02625249 +0.06535893 +0.06941140 +0.00408384 +0.03916375 -0.04236641 +0.06142639 -0.03311243 +0.05562115 +0.08814646 -0.01693232 +0.04202820 +0.04306798 -0.02137587 +0.07523634 +0.00253629 +0.02227431 -0.04116628 -0.08476501 -0.06120894 +0.07712258 -0.06389051 -0.01899235 -0.00226831 -0.07223545 -0.02675297 +0.08160182 +0.02980361 +0.03615738 +0.05868209 +0.05856921 +0.03917129 -0.00068989 +0.01760731 +0.12338551 -0.04084870 -0.08138017 -0.08742751 +0.09381555 -0.08551928 +0.05319187 -0.06129690 +0.09019731 -0.01042700 +0.05060844 -0.02452121 -0.04462485 -0.01530473 +0.10020030 -0.06464916 -0.03562726 -0.06577437 +0.09443152 +0.07341779 +0.02362823 +0.03750363 +0.00745662 -0.02203389 +0.05173844 -0.03493041 -0.12885851 +0.03904935 -0.07287966 +0.05652177 -0.05335949 -0.03322069 +0.04081517 +0.08572338 -0.03364078 +0.00895857 -0.02507719 +0.00985926 +0.00214684 +0.06805056 +0.01892654 +0.06019904 +0.09487541 +0.00930286 +0.01906226 +0.03175709 +0.01003484 +0.06167705 -0.01803241 +0.01174772 +0.04662612 +0.08892243 +0.00238602 -0.02208908 -0.04921755 +0.04506611 +0.00973145 +0.06399746 +0.09154133 -0.03421242 -0.04710634 +0.00771606 -0.03789743 -0.05114731 +0.02042952 -0.06563002 +0.00940731 -0.02270557 +0.05793199 -0.08004663 -0.00961200 -0.00383529 +0.00679144 -0.04516789 -0.00858987 +0.06395870 +0.08545439 -0.03852693 +0.05978891 -0.01619977 -0.03019867 +0.00784163 -0.10668146 +0.03775597 +0.07212462 +0.03791553 +0.05744144 -0.01993373 +0.04669233 -0.00019625 -0.03622212 -0.05831378 +0.03190639 +0.05836739 -0.02256337 +0.10760685 -0.02243413 +0.05766587 -0.04070446 -0.03447698 +0.09142828 -0.03528931 -0.09349723 -0.02744110 +0.09309979 +0.00398947 -0.05544615 +0.02764357 +0.04169831 -0.00640700 -0.05274285 -0.01036669 -0.03560747 +0.06717566 +0.04295417 +0.05280982 +0.05615595 -0.02170795 +0.00920288 +0.00911104 +0.00865144 +0.10432146 +0.02946621 -0.03805164 +0.02593577 -0.12696619 -0.08658868 +0.03428924 +0.00352733 +0.08954307 +0.07158492 -0.01112143 -0.01508582 +0.01704992 -0.05045523 +0.00129134 -0.07629960 +0.03363336 +0.04424180 +0.05750227
-0.04771493 -0.03219539 -0.02716375 +0.00343634 +0.04869428 -0.03665932 +0.01210951 +0.01719248 -0.01542065 -0.02758366 -0.02802843 -0.04849441 -0.04120140 +0.03501099 -0.00540875 -0.03226768 -0.02742946 -0.03288250 -0.01497045 -0.00365502 -0.06221472 -0.01624683 +0.04076278 +0.01434039 +0.03230857 +0.00706107 -0.02406519 -0.03592511 +0.00374749 -0.00750091 -0.02232693 +0.00871231 +0.02852272 -0.02668928 +0.05538638 -0.05799515 +0.03155350 -0.00337520 +0.06265081 -0.05432135 -0.05778661 -0.02645255 +0.00744552 +0.05056616 +0.02497717 +0.04271680 -0.03715840 +0.00017514 +0.04892751 -0.05026383 +0.04380431 -0.03117943 -0.05100139 -0.02089717 +0.04167705 -0.01507143 +0.00769638 +0.02341153 +0.04011672 +0.07268198 -0.03142875 +0.02352296 -0.05595070 -0.05481533 +0.02486950 -0.03583376 -0.05636174 +0.02978528 -0.02659939 -0.03413488 -0.03348515 +0.05851805 -0.03947613 -0.04921069 +0.06827372 -0.05734140 -0.01599389 -0.01277931 +0.04436919 -0.03505245 +0.04147424 -0.04020967 -0.03434003 +0.00215365 -0.00504688 -0.04669521 +0.04634333 +0.02610653 -0.02902856 -0.02444428 +0.01457193 -0.02620337 -0.00873595 -0.04024712 +0.03408846 -0.03599744 +0.01069396 -0.02810415 -0.03280117 +0.06000767 -0.05955017 -0.01386460 -0.04384114 +0.05286185 -0.00156949 +0.04287794 -0.05048862 +0.01926497 -0.03588289 -0.02976472 +0.02439015 -0.06468417 -0.00211618 -0.02996751 -0.03958296 -0.03977428 -0.08805872 -0.05051050 -0.05152107 -0.02373058 +0.04511853 -0.03645527 -0.03799153 +0.05560013 -0.04054928 +0.04660373 -0.02408883 +0.01544351 +0.00269098 +0.02651873 +0.02704497 +0.04012082 -0.02915777 -0.02889064 +0.03312460 +0.03167168 +0.03679574 +0.02160916 -0.03882685 +0.03352972 -0.03488949 -0.01224539 +0.05870693 -0.04940408 +0.02152441 +0.01608749 -0.00005370 +0.01013759 -0.02454113 +0.02416498 -0.04218597 +0.02898591 -0.03530980 -0.05227024 +0.03676243 +0.06907523 +0.01323041 +0.04210854 +0.03055789 +0.06776455 -0.05393738 +0.05129588 +0.00928481 -0.00372087 +0.03128742 -0.03364569 -0.06867713 -0.04360991 +0.01157027 -0.03216094 -0.06702583 -0.02117422 -0.05776609 +0.04339742 +0.02528573 +0.03783580 +0.05568760 +0.00203157 -0.06053944 +0.01623586 +0.00863295 +0.05897130 -0.01865817 -0.03186260 -0.05386886 -0.04307342 +0.05554803 +0.04749290 -0.04313722 -0.01885535 -0.00609596 -0.01346736 +0.03689430 +0.01398375 -0.02337983 +0.00798761 -0.05933242 -0.06838971 -0.05332801 -0.00263446 +0.03819888 -0.05563765 +0.04235861 +0.03798071 +0.06506233 +0.04328439 +0.06972415 +0.02697875 -0.06253667 -0.04351753 +0.04874036 +0.00690007 -0.06318764 +0.07311613 +0.05539798 -0.02122259 -0.03201907 -0.05970598 -0.03207593 -0.03463501 -0.04506899 -0.03695581 +0.01434361 -0.03594090 +0.04409074 +0.06217166 -0.00521560 -0.04629487 +0.04998089 -0.05286793 +0.07419591 +0.05055460 +0.01445441 -0.03661767 -0.04769975 +0.01331753 +0.03048632 -0.01343688 +0.00211040 +0.03702403 +0.01612039 +0.05093007 -0.00519790 +0.04867462 +0.03637854 -0.00244761 -0.00871088 -0.05016640 +0.05406863 +0.01348954 +0.01765762 -0.01758131 -0.03970949 -0.00667251 +0.03528326 +0.05854902
-0.02608997 +0.04114593 +0.01150377 -0.06365285 +0.02274708 +0.07773049 -0.01658628 -0.00424414 +0.02618357 -0.01476361 +0.02783876 -0.07600974 -0.00578474 +0.04283192 -0.00021485 +0.07309882 +0.00075675 +0.07841064 +0.02651640 +0.08862699 +0.02585083 -0.01816037 -0.01507543 +0.06272764 -0.05930340 -0.00492514 +0.00499946 +0.05417313 +0.01751154 -0.06077396 +0.03074001 +0.07449154 -0.05945323 -0.02472974 -0.08055711 +0.08252059 -0.14966398 -0.03631403 -0.11238038 -0.01087738 +0.00160044 +0.03908027 +0.04969707 +0.04113014 -0.01505081 -0.02342618 -0.05389427 -0.00921222 +0.09427785 +0.05715362 +0.00190662 -0.10139617 +0.03575054 -0.02961857 +0.06462075 -0.03335565 +0.12380503 +0.03279259 +0.03309297 +0.08497690 -0.01940699 -0.04487424 +0.03119533 +0.04049033 +0.03659891 -0.02770353 +0.10430562 +0.02883873 +0.04848143 -0.10770677 +0.10521963 -0.03619444 +0.03043520 -0.02766323 -0.08779260 +0.09396902 +0.00962588 +0.06001366 -0.01441248 -0.12008846 -0.09292127 +0.05177524 +0.08880951 -0.01355515 +0.02433823 +0.12506805 -0.04253473 +0.04621265 +0.05406449 -0.11585681 +0.03557361 +0.02383501 -0.03966000 -0.01343011 -0.04526101 -0.06699112 +0.06945004 +0.05794278 -0.02117528 -0.02388075 -0.00595682 +0.00939754 +0.11649308 +0.03215927 +0.00237612 +0.10671286 -0.00878130 +0.09612814 +0.02973986 -0.06857707 +0.00123802 -0.08822782 +0.11028973 +0.03261478 +0.03766195 -0.06999307 +0.01311610 +0.04584459 +0.05149989 +0.01208740 +0.09582445 -0.06034652 +0.04463561 +0.07069334 +0.00873167 +0.14205696 +0.03663713 -0.00089538 -0.03776116 -0.00241458 +0.08250574 +0.01138810 -0.04644858 -0.02168656 +0.01151707 -0.08647778 +0.08172727 -0.01321139 +0.08259944 +0.10109404 -0.03591144 +0.04203383 -0.04083037 +0.10067243 +0.06094825 -0.04106181 +0.08323561 -0.07722656 -0.02153581 -0.07683913 +0.05271872 -0.01937876 +0.05027881 -0.02938571 -0.08847526 +0.01778284 +0.10593263 +0.07264526 +0.00320476 -0.00477986 -0.05185419 -0.01016433 +0.00586865 +0.07951972 -0.03764319 +0.09111492 -0.03200300 +0.04253142 -0.01226910 +0.01037797 +0.02323072 -0.07801457 +0.00832059 -0.07943946 +0.06914607 +0.05388949 +0.03487105 -0.06517731 -0.02289002 +0.03069734 -0.03370870 +0.01162513 -0.01449980 -0.05993348 +0.06951918 -0.18706252 -0.00035055 +0.03719286 +0.03319769 +0.07196810 -0.14083260 +0.04863508 +0.05417579 -0.03347049 -0.07308514 -0.03480618 +0.01902573 +0.06999873 -0.06064725 +0.04055132 +0.10796309 +0.02197677 -0.02391784 -0.04459384 -0.01373983 -0.04306525 +0.07388270 +0.05605699 -0.04796084 -0.06009344 -0.03710977 -0.01104739 +0.00138371 -0.12068418 -0.01403834 +0.08518300 +0.00688760 -0.04783892 -0.05797352 +0.02567770 -0.05921844 -0.07914406 +0.03571220 -0.04926243 +0.09052789 +0.01071430 -0.11774507 +0.00444789 -0.07858272 +0.05999298 +0.01692782 -0.03474448 -0.02596747 -0.04042469 -0.03381714 -0.03490547 +0.05043830 -0.09351721 +0.04760905 +0.04407046 +0.03608922 -0.09433745 +0.02436422 -0.04501348 -0.07268180 +0.09976795 +0.03000691 -0.00751518 -0.02049606 +0.00416916 -0.11255524 +0.05328676 +0.00163211 -0.02641792 +0.07117584 -0.01975007
-0.02213260 -0.03537822 +0.03019134 +0.00178342 +0.05535243 +0.03119047 -0.01430452 -0.04550709 +0.05138022 -0.04692554 +0.03503999 +0.05232963 +0.03362123 -0.01141694 +0.01330494 -0.01917219 +0.06214841 +0.02971551 -0.04003127 -0.06740017 +0.02314265 +0.07037480 +0.01584094 -0.07941924 -0.03178051 +0.05082631 +0.05833543 -0.05412210 -0.00019860 +0.05051702 -0.06188069 -0.00924756 -0.00197824 +0.03086121 +0.10212949 +0.00604084 +0.11688966 -0.12618633 -0.02903970 +0.08414485 +0.02650606 -0.00189841 -0.05055116 +0.07427250 +0.00528560 -0.04204260 +0.01483095 -0.05692380 -0.03666701 +0.00826978 +0.04944551 +0.10707345 +0.02276290 +0.02650619 -0.04610664 +0.01377379 +0.03567878 +0.09098441 -0.09325935 -0.01735015 -0.04379122 +0.03709475 +0.04926396 +0.00156463 -0.03755774 +0.07494951 +0.06980328 -0.00406056 +0.02634536 +0.06080128 -0.06314408 +0.05867695 +0.03928613 -0.03899850 -0.07091997 -0.07526606 -0.07604744 +0.02902296 +0.03030275 +0.04374738 -0.01594137 -0.02317796 +0.05629578 +0.04141151 -0.06407414 -0.02108444 +0.02535486 -0.00919815 -0.07626282 +0.04463303 -0.05819191 -0.04506563 +0.07769457 +0.00394185 -0.04804821 -0.06198608 +0.04682102 +0.03319833 +0.10785229 +0.02603125 -0.09384925 -0.02039621 +0.00096625 -0.02916490 -0.05254756 -0.03087481 -0.05123385 +0.03275631 +0.10122575 +0.00291121 -0.08380485 +0.00668616 +0.02156280 +0.03559008 +0.06971627 +0.00289770 -0.01750382 -0.01206637 +0.03316119 +0.02839410 -0.07100867 +0.02854922 -0.01023976 -0.08866975 -0.03272583 +0.03491766 +0.06510279 -0.02334509 +0.10323696 -0.06106272 -0.06542851 +0.02452881 -0.00050550 -0.06378571 +0.05186503 +0.13011652 -0.07841954 +0.04930628 -0.00522798 -0.05717324 +0.04548885 +0.02263794 -0.01223152 +0.00562599 -0.02088659 +0.12488185 -0.06028772 +0.05057408 -0.01886777 +0.00016380 +0.01338596 -0.02007747 -0.00522672 +0.07426467 -0.03556076 +0.07199513 -0.10904413 +0.05570680 -0.02416593 -0.05447642 -0.03222714 -0.00336154 -0.06167124 +0.01552911 +0.01033213 +0.00867043 +0.00746513 +0.03033683 +0.05098356 +0.03061046 +0.01125620 +0.01803512 +0.01992283 +0.04906212 -0.00767611 +0.02480899 -0.01658238 -0.00022231 +0.01633373 +0.04349402 -0.04208798 +0.05781735 -0.03815782 -0.02423029 +0.03991273 -0.05329201 +0.05520235 -0.06633043 -0.04798555 -0.10667288 +0.09096905 +0.01345840 +0.05893707 +0.01851915 +0.05743691 -0.03901326 +0.00268742 -0.04766427 -0.06113835 +0.00144043 +0.04171569 -0.03491940 +0.03874518 +0.03696631 -0.00842465 +0.05071992 -0.04747873 +0.07462633 -0.05516457 +0.07958687 +0.06098832 -0.00326154 -0.00781639 +0.01423883 +0.04227105 -0.08099703 -0.02926680 -0.02774036 +0.05346759 +0.04000769 -0.03669425 -0.03963602 -0.01464277 -0.03832101 -0.03039795 -0.00580274 +0.02631073 +0.01411197 +0.00467783 +0.05416501 -0.06421563 -0.03190826 -0.04708187 -0.00719534 +0.04213052 +0.03554020 +0.00704918 +0.08082160 +0.04783483 +0.03750290 -0.07411551 -0.05791179 -0.03131327 +0.00893888 -0.00501331 -0.04558112 -0.06169549 -0.05656219 +0.07998152 +0.03496696 -0.01718959 -0.01500827 +0.04330324 +0.06008564 +0.05337065 -0.01655193
+0.03435770 -0.01768595 -0.05204575 +0.00049303 +0.02139501 +0.03188603 -0.02649058 +0.05729224 +0.03815998 -0.06676281 -0.01663893 -0.00880708 -0.05357302 +0.02558596 -0.01220312 -0.01943723 +0.04857342 +0.01459737 -0.00545195 +0.03182707 -0.03129119 +0.01618445 +0.01756473 +0.04413755 +0.01368322 +0.03467812 -0.01534768 -0.00106354 +0.05572199 -0.02085790 -0.05730160 -0.04929512 +0.01647193 +0.08527624 -0.02737210 -0.06411488 +0.05745817 -0.02989161 +0.04701119 -0.01561682 +0.04302294 -0.07118108 -0.06556656 +0.05578411 -0.00624707 +0.01654814 +0.03695641 +0.03335492 +0.05364090 +0.00414344 +0.01487056 +0.09234075 -0.05323868 -0.00127130 +0.06422543 +0.02447840 -0.04169348 +0.00134582 -0.01816721 +0.03533486 +0.03125346 +0.03432463 +0.04940694 -0.01600670 -0.01851386 +0.05880070 -0.00799812 +0.04316915 -0.03110415 -0.02856337 -0.06512365 +0.03523614 +0.05496717 +0.05910776 +0.01239115 -0.02779951 -0.02110792 -0.01101957 -0.02615324 -0.03065447 +0.00603067 +0.08605003 -0.01574377 -0.04374158 -0.00812095 -0.02400241 +0.02486143 -0.05250700 +0.00941429 +0.01658560 -0.05865726 +0.05048176 +0.04981519 -0.04925036 -0.01309507 -0.00255481 +0.08636316 +0.05474089 +0.03335321 +0.02691349 -0.06440496 +0.01790079 +0.07659218 -0.05587012 +0.04567653 -0.03896112 -0.05774788 -0.08559450 -0.02321273 -0.04123207 +0.03391257 +0.05278077 -0.03510527 -0.01132495 -0.03252946 -0.06514113 -0.01183042 -0.03196237 -0.04425158 -0.03789349 +0.10322604 -0.04245068 +0.03599222 -0.04618419 -0.02640955 -0.00858470 -0.01533187 -0.05949391 +0.01169135 -0.04503242 +0.05069397 +0.01252820 -0.04096676 -0.00080481 +0.00549945 +0.06625904 +0.00219480 +0.03901833 -0.05268259 -0.02200695 -0.00953950 -0.00939736 -0.04825597 +0.05741572 -0.02754976 -0.00369461 -0.02310295 +0.03476457 -0.04044807 -0.02608151 -0.00262889 -0.02923196 -0.04526344 +0.05170038 +0.05193352 -0.06846253 +0.01814405 -0.01405860 +0.09010111 +0.06090417 +0.02411833 -0.04333421 -0.00207895 +0.00696018 -0.03467907 +0.05329193 -0.06896131 +0.07264892 -0.01714810 -0.03942643 +0.07238432 +0.02978959 +0.03618454 -0.02264998 +0.04467439 +0.03040061 -0.01250463 +0.01386100 +0.05308928 -0.00092324 +0.00181475 -0.01138524 -0.02843403 -0.01127995 +0.07469507 -0.01610228 -0.00453980 -0.01614224 +0.02096279 -0.03186297 -0.05497438 +0.06717216 +0.02869748 +0.03615659 -0.00814820 +0.05066451 -0.04393793 -0.04516500 +0.04048076 +0.06761845 +0.01718728 -0.00893664 +0.07592566 -0.02999990 +0.04483199 -0.02610424 -0.04461746 -0.02424657 -0.05145616 -0.02810672 -0.05747342 -0.01144405 +0.00064756 +0.02628361 +0.03306494 +0.03464170 -0.03895611 -0.04923554 +0.05325936 -0.03372293 +0.00070547 +0.03877061 -0.06070521 +0.00988264 -0.02960077 -0.00772165 -0.04111484 +0.04328145 -0.03072192 -0.00154415 -0.02594148 +0.01280903 -0.01136375 -0.02810259 -0.02653455 -0.03449519 -0.04283423 +0.06659531 +0.07932443 +0.04382035 -0.05731633 -0.03180642 -0.04737949 -0.00967033 -0.00155671 +0.04062310 +0.04423941 -0.06450016 +0.02098190 +0.00943548 +0.02251560 +0.01896811 -0.03218608 -0.01835456 +0.00245260 -0.00039151
-0.07692839 +0.12104499 -0.05195617 +0.02610981 -0.06295998 -0.00425895 +0.05038747 +0.03680223 +0.00176781 -0.03622083 -0.00447497 +0.05190666 +0.00104825 -0.03665618 -0.05315905 +0.04228305 +0.03500175 -0.01339584 +0.03750863 +0.04648536 -0.02741417 -0.01745763 -0.03718282 +0.04338808 +0.09779779 -0.01449155 +0.05091332 +0.03351086 +0.02511353 -0.03326853 -0.06570461 +0.03465647 -0.05601391 +0.10682819 -0.01620644 -0.00207695 -0.00042678 +0.06185602 +0.03852113 +0.06756455 -0.00932906 -0.02424870 -0.00121630 -0.02600017 -0.00949198 +0.05299290 +0.02423077 -0.04651785 +0.07676586 -0.04016244 -0.06627166 -0.00165694 +0.00979041 +0.08173620 -0.01084178 +0.05740274 +0.02485627 -0.02294043 -0.00142418 -0.01120635 +0.01309168 -0.08047844 +0.05381245 +0.05217513 +0.02396137 +0.01196352 +0.06223350 -0.00803760 +0.04500223 +0.07519479 -0.00497980 +0.06261164 +0.00531359 -0.05501761 +0.10610525 -0.00754342 -0.01324319 +0.00939861 +0.10509490 -0.02002031 +0.07673780 +0.01184598 +0.02622391 +0.02197955 -0.09257507 -0.00873225 -0.07739855 +0.06160235 -0.00746001 -0.00354081 +0.07431750 -0.00982958 -0.04973599 -0.04766892 +0.08555758 -0.01477548 -0.02890780 -0.03214927 +0.04398417 +0.02265625 +0.09001787 -0.08847507 +0.03591151 +0.03097064 +0.02280981 -0.02541353 +0.02306355 -0.04122487 +0.08423183 -0.00647130 -0.00530504 +0.04622056 +0.00474563 -0.03483062 -0.01223988 -0.05955496 +0.09231074 +0.02145858 -0.01107573 -0.01942223 -0.01788592 +0.10401215 -0.03589678 -0.03068301 -0.10043280 -0.02277208 -0.04699156 +0.04516167 +0.03104564 +0.02424367 -0.06648889 +0.00051523 -0.06787340 -0.06257750 -0.00376132 -0.02740168 -0.00220641 +0.00266793 +0.07748424 +0.03530819 +0.02239668 -0.05655551 +0.04864983 +0.03040345 +0.03560442 -0.04120749 +0.08057377 -0.05583341 -0.04595297 -0.00414845 +0.06298708 +0.08077003 +0.07015777 +0.04003329 +0.04877637 -0.06190264 -0.04056881 +0.01719993 -0.09191807 -0.06033396 +0.06273052 -0.04867757 -0.01629287 +0.04743155 +0.02425862 -0.01123727 -0.00147832 -0.09494404 +0.00985382 +0.01999626 -0.01925540 -0.01270710 +0.03875982 -0.04681462 -0.09691826 +0.06482914 +0.05438900 -0.04442674 +0.07940054 +0.06196448 +0.04009940 +0.09406943 -0.06186997 -0.04989428 +0.04071716 +0.02590100 -0.02494648 +0.02690372 +0.01349502 +0.04898859 +0.00027434 -0.06451765 +0.03133331 +0.05483462 +0.07129648 -0.01230708 -0.02274977 +0.02190795 -0.04033662 +0.11196063 -0.09039176 +0.04575677 +0.01062090 +0.03662994 -0.07043303 +0.00680028 -0.02435483 +0.00477959 +0.11409307 +0.05180301 +0.08764242 -0.02697138 -0.07043703 +0.06092218 -0.06328814 +0.02899745 +0.03052038 +0.08111630 +0.00692509 -0.04738196 +0.03020122 +0.01891017 +0.07548645 +0.08776483 +0.03070905 -0.01856401 -0.06005457 +0.06162186 -0.03469314 +0.02361703 -0.03735254 -0.07611941 -0.01509629 +0.04113962 -0.00891141 -0.05019029 +0.08538119 +0.03896415 -0.06489198 -0.05638025 -0.10530930 +0.06883008 +0.05949773 +0.03307800 +0.00168319 -0.00088353 -0.05362446 -0.07885144 +0.11927293 -0.06187845 -0.01574364 -0.01855600 +0.07299670 +0.01172431 +0.03791703 -0.09181226
+0.03833521 +0.12163988 +0.02754803 -0.03560859 +0.02475077 +0.01233102 +0.02573682 +0.05399388 +0.00833599 +0.02515957 +0.07454254 +0.06880412 +0.09728872 -0.00712080 +0.02927190 -0.00253086 -0.08381894 -0.05944047 +0.02636557 +0.11596332 +0.01983723 -0.01450724 +0.01233825 +0.05853478 -0.03820189 -0.04863999 +0.02835383 +0.01381802 +0.02629619 -0.10193893 -0.04242237 +0.01535579 -0.03542373 -0.07274586 +0.00666505 +0.00913490 +0.01028943 +0.03581807 -0.01245968 -0.02053326 +0.05215172 +0.12400445 -0.00684259 +0.06850746 -0.00002749 -0.03056820 +0.00696409 +0.03689777 +0.00994782 +0.05672552 -0.03622583 -0.07115220 +0.04157447 -0.02587923 +0.02317282 +0.10499846 -0.08821191 +0.06446828 -0.03529432 +0.00852122 +0.00900267 +0.08230645 +0.02773713 +0.10484914 +0.02722093 -0.02738827 -0.05225694 -0.05125462 +0.01908256 -0.07624595 +0.11794049 +0.01195844 +0.00245381 -0.02469560 -0.03956733 -0.04155628 +0.07562616 +0.01823999 -0.05572269 -0.04350820 -0.00760962 -0.11984930 +0.02665080 -0.05863306 +0.06134070 -0.04487291 -0.11580312 -0.04840401 -0.01820353 +0.00003195 +0.01136294 +0.04069875 +0.07624499 -0.07571252 +0.01149368 -0.00812988 -0.11749528 +0.01070506 +0.01915447 +0.00971774 +0.14005651 +0.02193404 +0.08266908 -0.00934623 +0.04124142 -0.01649014 -0.01635792 +0.05818277 +0.06483173 -0.02281735 +0.02104516 -0.08105667 -0.02228633 -0.00845407 -0.06044097 +0.02850437 -0.12500404 -0.03208839 +0.07287358 +0.03832809 -0.06327373 -0.03908726 -0.04092815 +0.07038150 -0.02271485 +0.03992414 +0.04654013 +0.15332046 -0.01910322 +0.00071796 +0.01883251 -0.08160626 +0.04139115 -0.07998211 +0.13864923 +0.00986290 +0.07146327 -0.03634747 -0.02750818 -0.00753387 -0.06171314 +0.00223891 -0.01891692 -0.02946753 +0.02848147 -0.02285216 +0.00524762 +0.00941489 +0.00378567 -0.01503269 +0.00884132 -0.05539792 -0.05828751 -0.00817512 +0.05372808 -0.02771676 -0.02026368 -0.04440694 -0.10327198 +0.05989096 +0.03136188 +0.02867941 -0.02647729 +0.06479308 -0.01256315 +0.07062131 -0.09560633 -0.09410319 -0.05137411 +0.04770634 +0.03095391 -0.00213517 -0.00559268 +0.03749166 -0.07658789 +0.06849154 -0.04988230 +0.00843746 +0.04157881 +0.01495820 +0.01852920 -0.03848739 -0.02945776 +0.06244961 -0.02225896 -0.05323976 +0.00302774 +0.14023992 +0.02786764 +0.01010833 -0.05438866 -0.00219992 +0.10447396 +0.01442643 -0.02369352 +0.01682771 -0.04513961 +0.00212551 +0.06225078 +0.00811428 +0.09576886 -0.04346118 -0.03758717 -0.04726554 +0.00802326 -0.04298649 +0.01890914 -0.01699243 -0.03257290 +0.03138028 +0.06614866 -0.05362088 -0.03060258 -0.01694437 +0.03613839 +0.06173130 -0.04379918 +0.01866195 -0.00150078 -0.01998205 -0.01474860 -0.07883061 -0.02814061 -0.00478703 -0.05267028 +0.03140549 -0.00180902 -0.01180572 -0.07908914 -0.02341352 +0.01698932 +0.03222185 -0.03437391 -0.01660989 -0.02058516 +0.07861617 -0.00723295 -0.00837215 -0.07163612 -0.02077168 +0.07168476 +0.01233177 -0.07402197 +0.05859574 -0.08753773 -0.04189134 +0.07715295 +0.10015260 +0.05731943 -0.12710319 -0.05445494 -0.01129830 +0.04616443 -0.00713142 +0.02112038 -0.02538432
-0.00152263 +0.08181220 +0.08188387 +0.01297672 +0.00723902 +0.02251963 -0.00516483 +0.01205634 -0.00253440 +0.03295516 +0.08430324 -0.03459526 +0.02145549 -0.04488999 -0.00213320 +0.01127161 +0.01545501 -0.03324271 -0.03433494 +0.13163692 -0.00797027 +0.00021929 +0.09644100 -0.03969339 -0.01809530 -0.04962654 +0.00817816 -0.01454555 -0.00335430 +0.01019743 +0.03018641 -0.01436162 -0.09051398 +0.02084424 +0.04588775 +0.06923658 -0.06996831 +0.08371612 +0.06063155 -0.00455484 +0.02479295 +0.10885660 +0.06188906 -0.00725576 -0.01376640 -0.02582450 -0.04305167 -0.03640970 +0.03380453 +0.04050802 -0.03025907 -0.04415737 -0.04221157 -0.01305649 +0.06907672 +0.10769862 -0.00032363 +0.01120056 -0.07418180 -0.00148008 +0.00232630 -0.03783598 -0.01999647 +0.03136764 +0.03326467 +0.04869525 +0.02463856 -0.04197501 +0.03743508 -0.08728593 +0.07445507 +0.06327516 +0.07269585 -0.03791507 -0.05552901 +0.07133234 -0.09618632 -0.12624669 +0.07217029 +0.00567397 -0.06095443 -0.05972337 -0.02882836 +0.03791156 +0.05866053 +0.00012998 -0.08106335 -0.04070833 +0.07420933 -0.00104783 +0.02576481 +0.01864030 +0.02858369 +0.06045723 +0.03738406 +0.05309352 +0.01669623 -0.00803719 -0.04493524 -0.01970294 +0.03906861 -0.06603509 +0.02270111 +0.01714169 -0.01735998 -0.01134786 +0.01352246 +0.10033190 +0.03427085 -0.01511440 +0.03509236 -0.03404119 +0.08113926 -0.02638671 -0.03928288 +0.00145164 +0.03691061 +0.00947865 +0.03773287 -0.06369012 +0.02744778 +0.04123374 +0.02484141 -0.05846276 +0.01477750 +0.02303509 +0.05650979 +0.08562945 -0.06505471 +0.05628619 +0.04477429 +0.09343173 +0.01304377 +0.06872201 +0.01421140 +0.05546351 -0.01065364 -0.02567030 -0.08305934 +0.02089157 -0.02229013 -0.04885065 -0.05468623 -0.01833639 -0.03567883 +0.03674076 -0.02322089 -0.01532523 -0.00795922 -0.03106232 +0.00256957 -0.00723572 -0.07135705 -0.00896072 +0.02743649 -0.02047123 -0.05476750 +0.02283446 -0.01494888 +0.06281664 -0.06582967 +0.08717217 -0.01581538 -0.01413271 +0.01645352 +0.01695322 +0.01970737 -0.05484198 -0.02515203 -0.02146380 -0.02635539 -0.06163917 +0.02513601 +0.00540750 +0.03740988 +0.01013661 -0.03050932 +0.05700805 -0.02338344 +0.06947877 +0.02700564 +0.04202691 -0.03160199 -0.05571352 +0.03005596 -0.11650638 +0.04025189 -0.03818263 +0.05290431 +0.06103838 +0.07038218 +0.05789269 -0.04395572 -0.05029727 -0.05018007 -0.01606794 +0.07693370 +0.00525045 -0.09706133 -0.04454541 +0.06382520 -0.02347091 -0.04937838 +0.01928309 -0.00194985 +0.03391151 -0.03284404 -0.02773478 +0.04113328 -0.03817816 +0.02068010 +0.05189425 -0.02853463 -0.01859278 +0.06411149 +0.06936001 +0.03782129 +0.04629583 -0.01528497 +0.02261226 -0.03792381 -0.02171084 -0.03991789 -0.00488961 -0.00264536 -0.02438283 +0.00570605 -0.02850163 -0.04707668 -0.03625704 +0.05977255 +0.00475977 -0.08388251 +0.06720137 -0.00473912 +0.02150966 +0.03023587 +0.07542251 +0.00300658 -0.01046230 +0.04817819 +0.02441382 -0.04914555 -0.01635663 +0.03270420 -0.02149167 -0.04174252 +0.07072288 -0.00135021 -0.04267318 -0.05944652 +0.02797661 -0.02002904 +0.07135410 +0.08087060 +0.10655226
-0.09681551 +0.05606257 -0.01106729 +0.06979357 +0.03753159 +0.02364991 +0.11408876 +0.08211861 +0.04209592 -0.05040318 -0.04189096 +0.01674447 -0.05369277 -0.02812667 -0.10486278 -0.06471270 +0.02904899 -0.05148206 +0.01190350 -0.05791227 +0.06473488 +0.09777423 -0.07993668 +0.02819252 +0.02104863 +0.04985042 +0.02264743 +0.00239618 -0.02162256 +0.08998418 -0.03561782 -0.12608415 +0.13042228 +0.02931134 +0.01761496 -0.02259687 +0.03895586 -0.04636661 -0.05014843 +0.04464127 +0.04234520 -0.03503034 +0.07354355 +0.09325356 +0.05404598 +0.03364404 -0.03974756 -0.00930828 +0.05548755 -0.08836456 +0.03122414 -0.05476976 +0.02235169 -0.00026528 -0.02326739 -0.09059387 -0.01777561 -0.08009973 +0.06645171 -0.08627792 +0.07889283 -0.05525627 +0.01499300 +0.10946884 +0.03742848 -0.05445581 +0.07843533 +0.07839303 +0.02571228 +0.07219677 -0.12067831 +0.05061545 +0.02913430 -0.02143969 -0.05161072 -0.03734357 +0.06264602 +0.01299184 -0.02118059 -0.01336783 -0.02171999 +0.04086080 +0.04940691 -0.02758400 -0.04130603 +0.04464794 +0.02377895 +0.12227803 -0.08092831 +0.02452940 +0.06398449 +0.06152999 +0.08427847 -0.00248431 +0.01484388 -0.04450380 -0.14256251 -0.07930171 +0.09407928 -0.01266442 +0.06728160 +0.05058380 -0.11260027 +0.08528795 -0.06236715 +0.09718295 +0.00925422 +0.09825445 -0.01744735 +0.00267018 -0.06866818 +0.03277821 +0.12681921 -0.09740461 -0.09736978 -0.00688288 +0.08728817 +0.04268216 +0.16620430 -0.01371997 -0.04590899 -0.00809001 -0.02376684 +0.05854547 +0.07176100 -0.05024314 -0.09887250 +0.06296433 -0.01352650 -0.04170018 +0.02182324 +0.02287004 +0.02102454 -0.09762515 -0.01683751 +0.04454244 -0.06057611 -0.07406068 +0.08204747 -0.01129268 -0.01920444 +0.07323606 +0.11802098 -0.00043767 -0.06402203 +0.10128277 +0.08504161 +0.05406157 +0.00227540 +0.01466896 -0.01565704 -0.01840740 -0.00416392 +0.10462428 -0.07238588 +0.04705574 -0.05954504 +0.03990054 -0.00292675 -0.03857406 +0.03111923 -0.04755084 -0.03329739 -0.05859054 +0.02729158 +0.07896805 +0.04893321 -0.06314074 -0.06128442 +0.02126051 +0.01083512 +0.01530205 -0.01767377 -0.03234573 +0.07930870 -0.05029996 +0.06490347 +0.04713746 +0.06847521 -0.08960331 +0.08206557 +0.03978199 -0.01215336 -0.02439432 -0.00531111 +0.09152281 +0.02234924 -0.03105426 +0.03204010 +0.04270552 +0.04084386 -0.06665201 +0.02325721 -0.06383717 -0.00108678 +0.06804606 +0.03257874 +0.13895389 +0.01697644 -0.06110314 -0.02489977 -0.00156539 -0.06726114 +0.07699028 -0.11212479 +0.05143202 +0.05653023 +0.07806269 +0.02049146 +0.03741031 -0.01427149 +0.07791081 -0.05384292 -0.03234395 -0.04765915 -0.00849671 -0.00287625 +0.05663955 -0.03431387 +0.00844811 -0.00638967 +0.07715274 +0.09191061 +0.00364731 +0.03016840 -0.00713674 +0.03970041 -0.02593696 -0.00901865 -0.01205175 -0.13185653 -0.06860170 +0.09156548 +0.02220389 -0.03657192 -0.11521813 -0.06378002 +0.10460319 -0.21450461 +0.05714636 -0.05824212 +0.04270833 +0.00443057 -0.01364784 -0.07335693 -0.11735073 -0.09314606 +0.03677731 -0.00992439 -0.09006747 +0.05842078 -0.10135570 +0.00586166 +0.05272815 +0.07665119 -0.03937794
-0.01119525 +0.08503760 +0.09878337 +0.00426094 +0.05535950 -0.00688698 +0.04316169 +0.04650262 +0.02633805 +0.03215364 +0.03845159 +0.01337196 -0.00749317 -0.03353299 +0.03439339 +0.07521205 -0.11094644 -0.05371172 -0.02657730 +0.01388379 +0.01106197 -0.00498600 -0.07014659 +0.01110421 -0.02555892 -0.02239326 -0.05499663 +0.07112929 +0.02764666 -0.03157247 +0.10949133 +0.01099878 +0.05098553 -0.09033743 -0.06797483 -0.01913396 -0.07453610 +0.02148793 -0.02890957 +0.04244449 +0.00067322 -0.01878577 +0.06073701 +0.04037616 -0.06383552 +0.01485133 -0.03575111 +0.00981839 +0.01916329 +0.07043801 +0.01477017 -0.10847466 +0.07556950 -0.04587935 -0.03443846 +0.04518287 -0.05353379 -0.04289560 +0.01381458 +0.03480059 -0.00978687 +0.00794752 +0.01157321 +0.12761168 -0.01993982 +0.02588194 -0.00836667 -0.03838457 -0.01250496 -0.01551585 -0.00367093 +0.01359021 +0.00592077 -0.04411726 -0.07412111 +0.07789613 +0.10219117 +0.04588690 -0.08603305 -0.07441232 -0.01826796 +0.00240876 -0.04329324 -0.07408573 -0.02267998 +0.07286932 -0.06673990 -0.00724791 +0.02367556 +0.06482893 +0.00919282 -0.02026513 -0.05167977 +0.00069635 +0.04203226 -0.02137939 -0.00695955 +0.03121195 -0.09589665 +0.07269798 +0.03859123 +0.00650225 +0.03778397 +0.06462623 +0.05800080 -0.02287455 -0.00728171 +0.08901001 -0.04623762 +0.04889200 -0.02152683 -0.05568407 +0.06628463 +0.05799170 +0.05163752 +0.01377528 -0.02444983 +0.02335552 +0.08398172 +0.08142252 +0.02220985 -0.08128709 -0.01030200 +0.13343321 -0.06423137 +0.07139827 +0.03382348 +0.04100196 -0.14073862 +0.03149389 +0.09705035 -0.03719381 +0.01971428 -0.04846197 +0.05928412 +0.01064201 +0.08786796 -0.05367247 +0.04057108 +0.05411616 +0.04176679 -0.03619433 -0.05699053 -0.01660609 +0.01795082 -0.03602472 +0.06354462 -0.01804598 -0.04375773 -0.01040320 +0.05444201 -0.03933749 -0.02264005 -0.10941764 +0.00482268 -0.05771957 -0.01656353 +0.03820937 -0.02741438 -0.02519577 +0.00945707 -0.00645994 +0.03414731 +0.03148342 -0.03439777 +0.01461987 +0.00777809 -0.00443386 -0.04486736 +0.01354528 -0.04831921 -0.02142741 +0.04534055 +0.00074977 -0.01779746 +0.04305267 +0.07881706 -0.04610213 -0.04415308 +0.05545586 +0.01815820 +0.05272200 -0.04192422 +0.06483572 -0.00360095 -0.04685051 -0.05374210 +0.07632598 +0.03210744 +0.02539341 -0.00696368 +0.07728990 +0.06636278 +0.04317254 +0.07020969 +0.07083984 +0.02050334 -0.02268988 +0.04436160 -0.06709483 +0.06725805 +0.04113451 -0.02047002 -0.02106659 -0.03911833 +0.03374974 +0.05745235 +0.05944059 +0.06595208 -0.00852346 -0.02208018 -0.05502122 +0.04636220 -0.03881496 -0.03751919 +0.00112482 +0.06087441 +0.01702428 +0.05046785 +0.04984399 -0.02952823 +0.00909744 +0.04482090 +0.02262961 -0.05644948 -0.06167581 +0.03497485 +0.02803905 -0.03991978 +0.00257437 +0.11731393 +0.04049730 -0.12400310 -0.03571464 -0.02583038 +0.07805648 -0.05124120 -0.03546509 -0.10376027 -0.04710132 +0.06499585 +0.04271429 +0.07162228 +0.06257784 -0.05172458 +0.05542872 +0.07123597 +0.02146989 +0.05865590 -0.05912176 -0.06160622 -0.04858221 +0.03175307 +0.04149693 -0.04111313 +0.01206985
-0.02451076 -0.00842547 -0.03519214 +0.04267899 +0.03818014 -0.01595946 -0.04563470 -0.01708643 -0.06060378 +0.03184141 -0.01464213 +0.04864476 +0.04337110 -0.03641772 +0.02952529 +0.01880088 +0.00446031 -0.02477585 -0.04560451 +0.00500680 -0.00424808 +0.01575387 -0.05349102 +0.02713040 -0.01539011 -0.01423220 -0.01695770 -0.03324159 -0.05809315 -0.04047561 +0.01717539 -0.04815257 +0.01703244 +0.04861889 -0.04624676 +0.02244615 -0.05364783 -0.00714623 +0.04118948 -0.02033985 +0.02781406 -0.06292056 +0.05068073 +0.01340413 -0.05274721 -0.03601813 -0.00514432 +0.00785036 +0.03302272 -0.01347720 -0.00369684 -0.04404200 -0.02088390 -0.05052983 -0.04962101 -0.00424004 -0.00638971 -0.03363129 -0.05410988 -0.03583199 -0.02707536 +0.01458560 +0.06023457 -0.06131429 -0.04078084 +0.02659609 +0.00259438 -0.06004088 -0.02572360 +0.02868457 -0.02332911 -0.05873306 +0.01549459 -0.02961777 +0.00361637 -0.05378654 -0.05564773 -0.01999099 -0.03495311 +0.05838602 +0.02711919 -0.01989065 +0.06011862 -0.00194022 -0.05340413 -0.04740289 +0.03803509 -0.00299411 -0.00821880 -0.04385049 -0.04270580 -0.03134003 +0.00479775 +0.04541370 -0.04158510 -0.00637500 -0.00759380 +0.01041430 -0.00889403 -0.01076199 +0.02493421 +0.06466297 -0.04856399 -0.03926354 -0.04172791 +0.05752858 +0.01282251 -0.05167646 -0.04460135 -0.01673884 +0.05667336 +0.02434947 -0.05416565 -0.06272103 +0.02397182 +0.01569903 -0.02016272 +0.05797787 -0.02697434 +0.02802703 -0.00828701 -0.02110425 +0.03818077 -0.04920012 -0.01473577 -0.02470991 -0.05691988 +0.05176322 -0.05207873 -0.05066315 -0.01668816 +0.03367388 -0.04480987 -0.04621523 +0.04691130 +0.04930421 +0.04172341 -0.05739295 +0.01776204 +0.01090880 +0.05740201 +0.03135254 +0.05735117 +0.05704762 +0.06015479 -0.04988981 -0.00074568 -0.01302726 +0.00301129 -0.05373771 +0.04766559 -0.02368793 +0.05213778 -0.05218625 +0.00700924 +0.00458388 +0.05778327 -0.02496928 +0.04871690 -0.04950027 +0.01692869 +0.02886018 +0.00658964 -0.03632454 -0.00725265 -0.02190696 -0.01107540 -0.03866004 -0.01967746 -0.01966125 -0.00728836 -0.01636019 -0.03813810 -0.01534513 +0.04790327 -0.03175455 +0.00518567 -0.00884567 +0.01914818 -0.05740543 -0.01289850 +0.01942245 -0.03113088 +0.03852319 -0.03381353 +0.03773138 +0.05384460 -0.02943046 +0.00319924 +0.01844609 -0.05711636 -0.03087412 -0.03384768 -0.04753250 -0.05526673 +0.05703287 -0.05353333 -0.00398319 -0.02629373 +0.05319297 -0.01807224 -0.03007289 -0.05361930 -0.03016895 -0.04294217 +0.01667848 -0.00215035 -0.05916675 +0.04351396 -0.00790077 -0.01798318 +0.02959545 -0.05415987 +0.01266472 +0.05816477 -0.01263270 -0.01022291 +0.03746145 +0.01444362 -0.03932483 -0.03036103 -0.04364108 -0.00151714 -0.02314075 +0.02511713 +0.04798101 +0.00648571 -0.05665236 +0.05288219 +0.06005976 -0.00899466 +0.00761707 -0.01412010 +0.05896227 +0.04091251 -0.03174552 +0.04346272 +0.02013679 -0.03208428 +0.03538553 +0.00567588 -0.05015015 -0.04987678 +0.01375203 +0.00771103 -0.00142187 +0.00915950 +0.00409399 -0.00240908 -0.02992374 -0.04277584 +0.04821884 +0.05363502 +0.04865411 +0.05268750 -0.01991223
+0.00849948 +0.05017219 +0.07210381 +0.02759512 -0.04976044 +0.00678209 -0.01871032 +0.02930145 -0.03013754 -0.00864381 -0.05128863 +0.02528542 +0.11298823 -0.01053609 +0.05876349 +0.06929491 -0.05096505 +0.07826327 +0.02796899 -0.09969530 -0.01975335 +0.04981023 -0.05963416 -0.04363422 -0.04833236 -0.05833317 +0.08652001 +0.08226869 +0.12034519 -0.19358255 +0.15351723 +0.08786038 -0.00119425 +0.03850947 -0.04298183 -0.01265846 -0.05380299 -0.01508320 +0.01534912 -0.08417774 +0.03983852 +0.01228014 +0.02009188 -0.03538543 +0.03107446 -0.00718679 -0.09808238 +0.10045782 +0.02696469 +0.06743082 -0.07618649 -0.00647454 -0.01052556 -0.09042897 +0.06197480 +0.08233352 +0.11380567 +0.05437992 +0.06677698 -0.01203783 +0.00946715 -0.10808839 -0.04895537 -0.04422154 +0.01561406 -0.07774477 +0.05308924 -0.03054257 -0.00511431 -0.04705651 +0.07479961 +0.00808328 +0.07347713 -0.04800583 +0.06836821 +0.12431031 -0.08084578 -0.16132501 -0.01925879 -0.10073281 -0.01281509 +0.00786147 -0.00745973 +0.13557681 -0.01727366 +0.01521295 +0.03861083 +0.06360665 +0.00985130 -0.15298171 -0.09305871 -0.09627729 -0.10914675 +0.07503168 -0.08694434 +0.11381618 -0.04576049 -0.04410950 -0.06245582 +0.02807430 -0.03087355 +0.00154905 +0.04663962 -0.00459407 -0.00476031 +0.04321651 +0.04212916 -0.05146947 +0.00924851 -0.07780459 -0.01791629 +0.02562322 -0.02153469 +0.01880942 +0.03074117 -0.06737242 -0.01319983 +0.01352134 +0.05627913 +0.00369597 +0.09315477 +0.04801518 +0.01016517 +0.05483099 -0.03969152 -0.04070890 -0.08274250 +0.07953706 +0.09495511 -0.08398013 -0.04075822 -0.02193968 +0.06442358 +0.03393731 -0.02427544 -0.01218482 -0.06676111 -0.13156195 +0.00531362 -0.01594788 -0.01232549 +0.04773512 +0.01094003 +0.04841330 +0.02745603 -0.03420233 +0.03047027 -0.01835193 +0.06388821 +0.02711664 -0.09979497 -0.02504085 -0.00928439 -0.10047532 +0.05041385 -0.06509776 +0.01059220 +0.01616105 +0.09424403 -0.00633541 -0.00643121 +0.07684729 +0.08287366 +0.07221219 +0.08366407 +0.02382016 -0.05339862 +0.00702433 +0.03445599 +0.03412992 -0.03926601 +0.05236043 +0.08668411 -0.04234182 +0.15671858 +0.01900878 -0.01720284 -0.01970592 -0.10928729 -0.02175738 -0.07432931 -0.07792608 +0.08596823 +0.10213348 -0.02038526 +0.01900052 +0.06828804 +0.03034317 -0.00417191 +0.11711381 -0.00048229 +0.08731099 -0.06345862 +0.00684179 -0.01677779 -0.03102444 -0.02665295 +0.01890921 -0.06886853 -0.03318891 +0.00818205 +0.10699190 +0.06572852 +0.13436210 +0.02640603 +0.05247846 +0.16976219 -0.04449839 -0.01544432 -0.00270175 +0.06441765 -0.09662458 -0.04000647 -0.06188838 -0.02323582 +0.01008641 -0.00013310 -0.08093780 +0.00830366 +0.02016780 -0.00533397 +0.04210004 -0.03284179 -0.07439353 +0.05082669 -0.04720657 +0.00614479 +0.02737349 -0.03235291 -0.00554145 -0.01755949 +0.04568865 -0.01804349 +0.00731851 -0.05835124 -0.00963483 +0.02001606 -0.02097289 -0.01930704 -0.02081098 +0.05339728 +0.06177979 -0.03321081 -0.00804568 +0.04865213 +0.04887198 -0.07447405 +0.05980427 +0.01624068 -0.02197385 -0.02368378 -0.07476871 +0.16543998 -0.01119979 -0.02475851 -0.07539219
+0.01850270 -0.04453588 +0.02704621 -0.04444893 +0.01814364 -0.04137573 -0.06416374 -0.02391306 -0.01539880 +0.00234284 +0.00205411 +0.00018868 +0.08506952 +0.00427950 +0.02256170 +0.10831939 +0.02098806 +0.00031452 +0.00529199 +0.13134938 -0.05824726 +0.13179626 -0.10826776 -0.17377277 +0.00578945 +0.05827537 -0.11515251 -0.08055369 +0.01811990 -0.01485504 -0.01499962 +0.00436717 -0.00643409 +0.03875787 -0.01188019 -0.10749593 -0.07151031 +0.16014498 +0.09990951 -0.04134491 -0.05079925 -0.00245540 +0.10101674 -0.11869063 -0.08983484 +0.04942673 -0.04224452 +0.00833448 -0.00772013 +0.00515873 -0.06827863 -0.09967995 +0.12147315 -0.06259440 +0.01538126 +0.06102515 +0.03807881 -0.14463589 -0.03067558 +0.11030404 +0.09284637 -0.04802037 +0.06647740 +0.07541190 -0.10067151 -0.04815588 -0.06193759 +0.03138762 -0.03464995 -0.01192847 -0.09194081 -0.11210116 +0.05120154 -0.01194037 -0.02661382 +0.03819747 +0.05285220 -0.01749055 -0.01539474 +0.01586597 +0.07099414 +0.04651552 -0.07729460 -0.02775314 +0.00627064 -0.03706205 -0.04127293 +0.03525378 +0.03861298 -0.02731301 +0.03233200 -0.05965604 -0.12521112 +0.05190494 -0.01608114 +0.12567195 -0.01988873 +0.01156223 -0.03989528 +0.00612647 -0.04355421 -0.06483921 +0.03197953 +0.06911393 +0.02123540 -0.02532835 -0.09227536 -0.07383272 -0.00911385 +0.01513528 -0.00001247 -0.07794403 +0.08969017 +0.06828460 -0.02785612 -0.06287168 -0.14008576 +0.06469692 -0.03273135 -0.10243923 +0.04112202 +0.03721763 -0.05710809 +0.04721264 +0.06770194 +0.03505358 +0.05303835 -0.05946767 -0.07296729 +0.15392260 -0.07127964 -0.01747957 +0.12373321 +0.09550587 -0.09910397 +0.03304330 +0.04342387 +0.01827866 -0.00053817 -0.01988492 +0.05903574 -0.14705865 -0.02474101 +0.07315823 +0.11628337 -0.00029921 +0.00256802 -0.00548260 -0.03822560 +0.01182214 +0.05908089 -0.00405286 +0.07244989 +0.04841129 +0.14063098 +0.02608032 -0.00993639 +0.06392834 +0.00007929 -0.11162007 +0.00434586 +0.05565657 +0.05521693 -0.04503304 -0.05008063 +0.01822710 +0.05956239 -0.06777169 -0.05803502 +0.03977616 +0.00642043 -0.06549820 -0.10512681 -0.01891017 +0.04871938 -0.05793183 +0.13078952 -0.04561731 +0.11536617 -0.01926050 -0.06233885 +0.09495020 +0.04621077 -0.00848568 +0.01799262 -0.04368528 +0.03485304 +0.04061653 +0.05024633 +0.11246689 +0.01585643 +0.02278673 -0.07302365 +0.01218121 +0.01707148 +0.10749828 -0.00829284 -0.00580602 -0.00403228 +0.01513876 -0.00325537 +0.10351058 +0.03703039 -0.06457022 +0.04723357 +0.00431118 -0.00201295 -0.04166655 +0.02262391 -0.01557940 -0.02553138 +0.00004863 +0.00059834 +0.03514848 +0.03207629 +0.08202548 +0.05128833 -0.00822789 -0.02088001 +0.05947900 -0.01940560 -0.01535003 +0.02497849 -0.06901457 -0.10698865 -0.11915407 +0.06460688 -0.01694869 -0.00140495 -0.07147707 +0.09013455 -0.01190315 -0.06648327 +0.02362571 +0.09801848 +0.12336991 +0.06923885 -0.10556705 +0.00568381 +0.05610240 +0.06165198 +0.16465332 -0.03224414 +0.01346069 +0.03640767 -0.01951228 +0.00992945 -0.02690340 -0.06917145 -0.10552395 +0.14123212 +0.04532008 -0.06880707 +0.08457894 +0.09492727 +0.07239838
-0.01335546 -0.02973094 +0.01279463 -0.01683088 +0.00653347 -0.01647686 -0.05503807 -0.03231130 +0.05032269 +0.04379100 -0.01811523 -0.05314944 +0.02548142 -0.00826149 +0.02995270 -0.02018913 +0.05122837 -0.02216993 -0.01597864 +0.08429120 -0.02088782 +0.05024888 -0.01276343 +0.02521815 -0.02944800 -0.01957700 +0.04759276 -0.05049687 -0.07891320 +0.01032885 -0.01722324 -0.02696276 -0.05622223 -0.02732006 -0.03386911 -0.01131680 -0.06118732 +0.08428854 +0.06662647 +0.01944839 +0.00632762 +0.03372601 +0.03747809 -0.05882129 +0.02385227 +0.05110941 -0.01316176 +0.04202311 +0.07739068 +0.04998373 +0.07709442 -0.01653006 -0.00171325 +0.03724404 +0.03768247 -0.06772230 +0.02447507 -0.01695822 +0.02246589 +0.02841073 +0.07566477 -0.00550368 +0.06143143 +0.06606385 -0.03011902 -0.06181477 -0.02213363 -0.01386026 +0.06126399 -0.01751452 -0.01956162 -0.01927600 +0.02096492 +0.00805816 +0.02176770 +0.02383791 -0.01564630 +0.04213671 -0.02916550 +0.02773471 +0.03464951 +0.01198271 -0.03347556 +0.02699986 -0.01324947 +0.00488692 -0.07341953 +0.00978778 -0.02168974 +0.04504077 +0.02958172 -0.04222045 +0.03143312 +0.04093727 +0.04409515 -0.02288133 +0.00093887 +0.04921022 -0.07245114 -0.01014206 -0.01843549 -0.05984824 +0.03843423 +0.03403446 -0.02161845 +0.00569457 -0.02384231 +0.00685126 -0.06168202 -0.05490356 -0.02173952 -0.05556956 -0.00722363 -0.04259857 +0.02522569 +0.05805491 -0.06350273 -0.00109164 -0.03120071 -0.05186788 +0.05415871 -0.05419598 -0.03520971 -0.05231518 +0.03162904 +0.05123828 -0.02239714 -0.06857546 -0.05688092 +0.09379751 +0.02472837 -0.01648812 +0.07190616 +0.02418330 +0.06493215 -0.01242735 -0.02772278 -0.05407532 -0.02195188 +0.05963296 +0.01900566 -0.03099184 -0.02479284 -0.00982492 +0.03606890 -0.04276681 -0.04549560 +0.04234346 +0.01900150 +0.04880000 +0.06698097 -0.02989438 -0.03946258 -0.04193618 -0.04038001 +0.00098278 -0.01726153 +0.04691419 +0.04433136 -0.05063627 -0.02345196 -0.00470282 +0.04583093 -0.04838983 -0.06501251 +0.01612047 -0.01476329 +0.02618641 -0.02005060 -0.01283375 -0.04588918 +0.04096559 -0.00596915 +0.05324856 -0.04803434 +0.06905086 +0.00996209 -0.03931678 +0.05383324 +0.02504185 -0.02417628 +0.05729064 -0.00093160 +0.03709272 -0.03869289 -0.01247440 +0.00574490 +0.03186396 -0.01831588 -0.00682416 +0.02300063 +0.07708904 -0.05197886 -0.01423652 +0.00931107 +0.02324096 -0.03793777 -0.01890385 +0.03903900 -0.04008827 -0.05540635 +0.00782018 -0.05548650 -0.00150553 -0.01419679 +0.03614668 +0.02283826 -0.00216594 +0.01131463 -0.02594637 -0.04763897 -0.04666691 -0.03854040 -0.01711235 +0.00298522 -0.02408356 +0.04597634 +0.02906817 +0.03650512 -0.04783496 -0.01647587 +0.00645305 -0.04721481 -0.03757367 -0.02076040 -0.02216912 -0.01302938 -0.07258033 -0.05715008 +0.04398436 +0.07332346 +0.00201802 -0.06088642 -0.05158438 -0.04465509 -0.02626328 -0.03702612 -0.03853914 +0.01369764 -0.02441982 +0.08327416 -0.03604835 -0.02080305 +0.05063063 -0.03709703 -0.00507495 -0.00566872 -0.02944111 -0.01151504 -0.03967578 +0.01036281 +0.00638861 -0.05655239 +0.05382155 +0.04801622 +0.01342536
-0.00333864 +0.01104667 +0.00848858 -0.04532605 +0.01613827 -0.03517032 -0.00218980 -0.04621453 +0.03176332 +0.04597700 -0.04351473 +0.05898168 -0.03510111 +0.02476937 -0.06971606 -0.00648630 +0.07714742 -0.06714255 -0.03207742 +0.02127809 -0.02514439 -0.03476060 +0.06175896 -0.05648602 -0.00395515 +0.09544536 +0.04979948 -0.03351784 +0.02069943 +0.15012337 +0.02529276 +0.00474551 +0.07509740 -0.02201349 -0.00618743 -0.02759837 +0.05253043 -0.04689332 +0.02408960 +0.06655369 +0.06451485 +0.00876760 +0.00318720 +0.04299874 +0.08931025 +0.03105019 +0.01533978 -0.07841494 -0.02214873 -0.01238642 +0.08901962 +0.09800570 -0.00315333 +0.02225788 -0.00641811 -0.09920070 +0.01739954 -0.06795498 -0.01511823 +0.03013838 -0.00267806 +0.08328858 -0.06229626 +0.01994656 +0.04254134 +0.09277883 -0.08952494 +0.05257560 +0.04755175 -0.02319643 -0.07321525 -0.01870429 -0.01975946 +0.05035524 -0.07933354 +0.00264024 +0.01068656 +0.08655235 +0.10540394 -0.02221517 -0.02634495 +0.01749933 -0.00588678 -0.07380130 +0.00965674 +0.03682490 -0.01775759 +0.09415219 -0.03065598 +0.04432664 -0.01080937 -0.00811691 +0.06138997 +0.06645426 -0.04494903 +0.03584369 -0.02050705 +0.03937563 +0.08737921 -0.05259555 -0.06636852 +0.07373402 +0.04885043 -0.00034506 -0.12330042 +0.01775395 +0.00468567 +0.11687844 +0.06816349 +0.01829273 -0.03804749 -0.01465967 -0.02757752 +0.05271661 +0.07707163 +0.02461512 +0.00662159 +0.02425742 +0.04682326 -0.05349762 -0.08145072 +0.02365141 +0.05902790 -0.07972856 +0.08977642 +0.03893219 -0.06314767 -0.02096208 +0.10436511 +0.05413139 +0.00661100 +0.02498107 +0.06092558 -0.03795393 -0.06618540 +0.12238879 -0.08021121 +0.04585201 -0.04727572 +0.00366486 +0.03541155 -0.00109639 +0.05558142 -0.10681767 +0.06638975 +0.03823601 -0.03811927 +0.08939001 +0.06865875 +0.06073732 -0.01938602 +0.01324013 -0.02501684 +0.15391688 -0.00879702 +0.04796442 -0.06769774 +0.03742063 -0.02118884 -0.03420720 -0.07340136 -0.02664571 -0.06190815 -0.03317023 +0.03540048 +0.02933545 +0.12697062 -0.00122022 -0.02659079 -0.05698188 -0.00786399 -0.01198720 +0.07843069 +0.02811614 +0.05722474 -0.09525428 +0.03296598 -0.03427934 -0.05152185 -0.07413061 -0.04482966 +0.04831139 +0.02395897 +0.01758686 -0.01009597 -0.02914511 +0.06409834 -0.14046405 +0.03475728 -0.00570887 +0.11501932 +0.02461453 -0.01181873 -0.04779112 -0.03316178 +0.06580649 +0.05620229 -0.06243660 -0.12123344 +0.01371465 +0.01098893 -0.05463185 +0.06606818 +0.07418189 -0.02517137 +0.06292166 +0.01977491 +0.06633916 +0.00603576 -0.00589182 -0.06113670 +0.10746182 +0.04082293 -0.00730774 +0.01936869 -0.04082942 +0.10310248 +0.00495035 -0.06542502 +0.03276215 +0.02020531 +0.00240846 -0.01998290 -0.02330898 +0.01620544 +0.00264999 +0.07705951 -0.05568711 +0.07538769 -0.06041780 -0.06810188 -0.07125980 -0.01841719 +0.12751085 +0.08245015 -0.03893577 -0.12430528 +0.17603660 -0.11343057 +0.08622758 -0.02523064 -0.06342886 -0.06530940 -0.04668014 -0.01160725 +0.05173197 -0.03411691 +0.07910370 +0.01058949 -0.06705502 -0.03029256 -0.07031984 +0.03478388 +0.06819616 +0.06411067 +0.10701372
-0.05605514 +0.11228432 +0.04308619 +0.00759903 -0.04445556 -0.01577203 +0.00333999 +0.01265743 -0.00758701 -0.08378363 +0.11464385 -0.05982047 +0.08650832 +0.06237882 +0.00247485 +0.03720915 -0.09307487 -0.00033622 +0.07621370 +0.09018584 +0.00675326 -0.01323915 -0.00431021 +0.05200738 +0.02299257 +0.03399780 -0.01032184 -0.01006379 +0.02175115 -0.13366285 -0.07426865 +0.12200338 -0.07758628 +0.12660794 +0.02676697 +0.03918586 -0.04337423 +0.01960685 +0.03151026 -0.04570545 -0.03625054 +0.06251893 +0.01843146 -0.09301102 -0.14233992 +0.04076342 +0.05767609 +0.01646899 +0.01894065 -0.07500575 +0.02953090 -0.02267886 -0.05289184 +0.02572793 -0.01253743 +0.02580680 +0.00255841 -0.04442740 +0.02634476 +0.02225712 -0.07314789 -0.13365133 -0.02243242 +0.09737718 +0.03650762 +0.03320782 +0.03256631 -0.03498380 +0.04759249 -0.01784575 +0.07609617 +0.06561422 +0.06559785 -0.04800775 +0.03934912 -0.00469488 -0.00357147 -0.01168027 +0.03047412 -0.01244665 +0.06721850 -0.00905047 +0.04767714 -0.03396088 -0.05603470 -0.05494364 -0.08732291 +0.03188862 -0.04330171 -0.07873621 +0.02936357 -0.10210029 -0.11546648 -0.09934740 +0.03069124 +0.04913627 +0.05263585 -0.02678584 +0.03155019 +0.01070062 +0.06241447 -0.01377414 -0.00229240 +0.01497120 +0.05090901 +0.00092261 +0.06266770 -0.09993391 -0.04154652 -0.00116055 +0.06673732 -0.00485726 +0.01684029 -0.06895590 +0.01858773 -0.09639175 +0.01520392 +0.07298621 +0.02264176 +0.00525434 +0.07052262 +0.10155741 -0.05100686 -0.04446995 -0.12483151 +0.01894528 +0.01187232 -0.11384516 +0.00821003 +0.05159259 -0.05393922 +0.00631586 -0.02679222 +0.00044607 -0.01915678 -0.05269200 +0.01814047 -0.01940854 +0.03220648 -0.05097778 -0.09860415 +0.06767496 +0.03432396 +0.02272872 -0.06715556 +0.00204643 +0.10207212 -0.00185289 +0.02297738 -0.09392924 +0.06581786 +0.10441800 +0.02208996 -0.01830390 +0.02665627 -0.02314440 +0.05350032 -0.06604362 -0.04333000 -0.00474706 +0.03784658 -0.01470363 -0.08082435 +0.02439461 -0.04602631 +0.00316297 -0.09706505 -0.06428879 +0.01429985 +0.04597085 +0.05918540 -0.00818416 +0.00629592 -0.04927909 -0.06389903 +0.06724981 +0.03769615 +0.03091925 +0.03347730 +0.05018201 +0.07765526 +0.00538953 -0.07210825 +0.03408339 +0.04566716 +0.06751716 +0.03487288 +0.04382548 +0.04069495 -0.03722806 -0.11352410 -0.05170320 -0.03181446 +0.04036698 +0.00941525 -0.02057577 -0.04063184 -0.03240515 +0.01693530 +0.02116525 -0.04013764 +0.09177558 -0.13242777 +0.00556702 +0.06892850 +0.01622999 +0.09605012 -0.02593371 +0.09562873 +0.06589100 +0.02236179 -0.01754126 -0.08166527 +0.01372186 +0.00702455 -0.04795282 -0.05715262 +0.00845645 -0.01732562 -0.07734470 +0.04017849 +0.00894774 +0.01164975 +0.06125347 +0.04094661 +0.05282709 +0.00973810 +0.04001891 +0.03470915 -0.01789728 +0.12856047 -0.10905398 +0.01557154 -0.02011889 -0.01003880 +0.04439425 +0.13306841 -0.10729382 +0.02848044 -0.01327291 +0.00288091 +0.00479236 +0.01588250 +0.01013286 -0.08250230 -0.03343725 -0.04106059 -0.00500589 -0.02052856 -0.00916961 +0.00082876 -0.05579806 +0.00543154 -0.08926687 +0.02190249 -0.21318358
-0.01297624 -0.07490131 +0.00922998 +0.05257585 -0.08767050 -0.06981640 -0.06216573 -0.05720992 -0.02616426 -0.05032243 -0.01348567 -0.06624327 -0.00088904 -0.05303578 +0.06451272 +0.00363383 +0.02455677 +0.01917427 +0.01949432 -0.08399235 +0.05361842 -0.05012243 +0.06335513 +0.01301753 +0.03082523 +0.03305518 +0.01997813 +0.03863071 -0.01192302 +0.04702947 -0.01970806 +0.04910128 -0.03889707 +0.00182961 +0.00080298 +0.05886221 +0.01207990 -0.10887020 +0.05882317 +0.02157830 +0.00033332 +0.01166980 +0.01049451 +0.06164927 -0.01718188 -0.08670992 -0.00496199 +0.04858833 +0.00931281 +0.03522606 -0.00922530 -0.05464460 -0.07425953 +0.04745122 -0.02232424 +0.05471626 +0.01306444 +0.12979828 +0.04610509 +0.06937451 +0.04853492 +0.04275505 -0.06393177 -0.06930263 -0.07334062 +0.01967952 -0.08565197 +0.04855730 +0.02084812 +0.09803086 +0.02197010 -0.02763965 +0.03811051 -0.04437959 -0.00091018 -0.09955765 +0.02324567 +0.06208761 +0.05368530 +0.10265050 +0.00822685 +0.04981693 -0.00555159 -0.01208092 +0.02179388 -0.08747173 -0.08849976 -0.04202713 +0.01587081 +0.01715113 +0.01068686 -0.01923761 -0.02166311 +0.06294451 +0.04409643 +0.02220893 +0.08451889 +0.02101134 +0.02813840 -0.03622476 -0.05187784 -0.00239120 +0.06809841 +0.03044806 +0.09713933 -0.07595095 -0.04581930 -0.07214647 +0.02964810 -0.04896731 -0.00164291 -0.00210351 -0.05134174 +0.02621043 +0.11328040 -0.02763266 -0.06472477 +0.05061852 -0.12165637 +0.07343034 +0.01271947 +0.06502143 +0.04221185 -0.04774266 -0.02165685 +0.08747718 +0.03515244 -0.06846613 +0.00305204 -0.03210805 +0.03766303 +0.03037204 +0.01367316 +0.02450368 +0.04078127 +0.04927958 -0.03107443 +0.07890399 -0.06238589 +0.02249356 +0.02453760 +0.01321672 -0.11388661 -0.02913892 +0.02413474 +0.06004231 +0.06034517 -0.02060410 -0.00399092 +0.01683834 +0.02183899 +0.06035022 -0.01327223 +0.03628163 -0.07212751 +0.01748897 -0.04986481 +0.01360697 +0.02580852 +0.05353145 +0.00069189 +0.01421592 -0.01191544 +0.06476817 -0.00755899 -0.07525978 +0.04707409 +0.03567363 +0.05238971 -0.04933738 +0.01771564 +0.02819683 -0.00380587 +0.07610979 +0.01513438 +0.01548773 +0.06094776 +0.04632667 -0.03917196 -0.03314795 +0.03644415 +0.01452377 +0.05446632 -0.04001757 +0.05793542 +0.02197150 +0.05096684 -0.08845027 +0.03112989 -0.09575740 +0.01429813 +0.06344905 +0.03453850 +0.14325215 +0.06807429 -0.03988265 +0.06267525 -0.03026571 +0.09189545 +0.06732389 -0.00648770 -0.08128394 -0.06753921 -0.08006721 +0.08067113 +0.03121045 -0.00810332 -0.09742713 -0.01917653 -0.00742735 +0.02230102 -0.01939476 +0.00702764 -0.00356781 +0.07154578 +0.02491488 +0.01506447 -0.03417226 +0.00089573 +0.09121678 +0.07421973 +0.04360848 +0.03287260 +0.06267995 +0.02281340 +0.01151174 -0.01369479 +0.04334180 -0.02947489 +0.03529863 +0.05762538 +0.02762198 +0.06815390 -0.01641790 -0.04164289 +0.05913200 -0.01481499 +0.00966476 +0.10574841 -0.06276221 +0.07847477 -0.09234633 -0.01961949 +0.01586845 -0.01606390 +0.04498269 -0.03800967 -0.03737501 +0.00716473 +0.07822700 +0.03941416 +0.02998559 -0.15517773 +0.03619098 -0.04270854 -0.09080283
-0.02966380 +0.01559078 +0.01927731 +0.03494841 -0.03980026 +0.01593708 +0.07789773 -0.00650536 -0.04896092 +0.02333811 -0.00387826 +0.00412907 -0.04653440 -0.03175059 +0.00682133 +0.02404170 +0.03381221 -0.05397276 +0.02090363 +0.00594783 -0.00168680 +0.00827634 -0.04199838 +0.02982390 +0.02111547 -0.05817915 +0.04000965 +0.04366066 -0.03472052 +0.04285889 +0.06058167 -0.01529279 +0.01363652 +0.00220083 +0.05961200 -0.00245803 +0.05033565 -0.00212825 +0.01125696 -0.00180933 +0.02976112 +0.01678745 -0.04983570 +0.07934409 +0.10853928 -0.03873786 -0.03708538 +0.04906265 -0.00031120 +0.02120275 -0.03854840 -0.05703468 -0.03820752 -0.01327396 +0.04020700 -0.08214906 -0.01877471 -0.04148186 -0.00901671 -0.03956441 +0.03780566 -0.01390192 +0.03633562 -0.02339777 +0.06599529 +0.01206882 -0.00003614 +0.03226192 -0.03566452 -0.00244114 +0.04037119 +0.08433414 -0.04275290 -0.01692915 -0.04657730 +0.06557917 -0.04618877 +0.00329372 -0.06229967 +0.06946925 +0.00720776 +0.01035929 -0.00915612 -0.03008068 +0.03566653 -0.04390383 +0.01676290 +0.05877149 +0.05173472 +0.04192167 +0.03367921 +0.08563599 -0.00995630 -0.01378847 -0.05355887 +0.04596284 -0.05467812 -0.02664711 -0.03181884 +0.00330385 +0.06334075 -0.01030486 -0.08227778 -0.03361467 -0.03031585 +0.07798508 +0.06865983 +0.09501116 +0.00217441 +0.06558605 -0.04658149 -0.06705786 -0.02056759 -0.01424989 -0.02029514 -0.01695478 +0.00506046 -0.08015544 +0.03632537 +0.06688451 -0.07187354 -0.01142848 -0.05209707 +0.01189547 +0.03937433 -0.07199131 -0.01314849 +0.03620386 -0.02320643 +0.00227081 +0.05647137 +0.02121267 +0.03187584 +0.01076501 +0.04767050 -0.04042221 +0.05604737 -0.02237751 -0.01500904 -0.02864257 +0.09543435 +0.01215346 -0.02671731 -0.10392338 +0.01744939 +0.01123405 +0.00680774 -0.04581339 -0.03880179 +0.02084437 -0.00476185 +0.04549874 -0.06279151 +0.05199721 -0.02792809 +0.06171119 -0.05053949 -0.03217083 +0.02701480 -0.00757910 +0.04907119 +0.02724918 -0.06028857 +0.03157677 -0.03456657 +0.04225321 +0.06246261 -0.03574258 -0.02160631 -0.05365843 -0.03099637 +0.07092214 +0.04985294 -0.00598946 +0.05555637 +0.00684314 +0.02620991 +0.04084939 -0.03905628 +0.04710216 -0.08158716 +0.03809934 -0.04480777 +0.03019251 -0.00763708 -0.08134200 +0.04845858 +0.02590225 -0.02078914 -0.01459770 +0.05475754 +0.03809873 +0.02633011 -0.01601959 +0.03202441 +0.01251806 +0.05597145 +0.10564909 +0.00688202 -0.06182607 +0.05581111 -0.01844190 -0.06886789 -0.02197229 -0.02491046 -0.01120626 -0.00090659 +0.02394161 -0.02745955 +0.05491972 +0.01609660 -0.04973555 +0.02123743 +0.03526550 +0.00761401 -0.08810179 -0.03227781 +0.04559910 -0.02458156 -0.05393552 +0.00476414 +0.08112077 -0.04543898 -0.02839719 +0.04082747 -0.00368912 +0.02091080 -0.01399744 -0.00305812 -0.03118007 -0.06505143 -0.01756732 +0.00628552 -0.00648342 -0.03504211 +0.01132713 -0.07951823 +0.02138346 -0.08037446 +0.03380324 +0.01438712 -0.00877318 -0.00482446 +0.05676188 -0.01893515 -0.04285826 +0.03370111 +0.00068444 -0.02089491 -0.04988180 -0.03398055 -0.06646197 -0.00730240 +0.06641135 +0.02382368 -0.02887680
-0.03052670 +0.06466912 +0.03102536 +0.04984637 -0.04011056 +0.00464871 -0.07901169 +0.04681998 +0.07452671 -0.02331454 +0.06661040 -0.02958078 +0.07639796 +0.04558179 -0.01676939 +0.03827853 +0.05065481 +0.06628875 -0.02762159 -0.02455278 +0.05710083 -0.03036169 +0.01947121 +0.02463754 +0.01282017 -0.00024998 +0.03090738 -0.07003218 +0.05444864 -0.01469275 -0.07280453 +0.04826688 -0.08958577 -0.09448396 -0.01149558 +0.06155767 +0.03689883 +0.03726715 +0.00921837 -0.02560571 -0.00939302 +0.05152310 -0.02198855 -0.05153243 +0.08155976 -0.04074381 -0.01683639 -0.01114636 +0.02768528 +0.04878806 -0.00551087 +0.06112592 -0.00963424 +0.01834338 -0.03696137 +0.02100382 -0.03101163 -0.00883109 -0.02001489 -0.03434740 +0.03415446 +0.00483353 -0.01750893 -0.05603254 -0.01069314 -0.04285947 -0.01052626 -0.03321437 +0.05980141 +0.06257544 +0.01472830 +0.01290880 +0.03599164 -0.05365856 -0.00639152 -0.06066886 -0.03791387 +0.00265847 +0.09077080 +0.05001081 -0.06831556 +0.03098839 +0.05031803 +0.07263438 -0.07781634 -0.00166112 -0.02971514 +0.02362560 +0.03743800 +0.03615554 +0.00096336 -0.02668962 +0.05207901 -0.05154910 +0.05986523 -0.04523661 -0.03619714 -0.03808506 +0.01955285 +0.06467864 +0.05030983 -0.04904195 -0.04918564 -0.06620901 -0.06632370 -0.01235664 -0.04495551 +0.02806122 +0.09049915 +0.04134625 +0.02119402 +0.04387814 +0.00692061 +0.03639166 -0.01608399 +0.00911659 +0.01210106 +0.07834815 -0.04767464 +0.01133220 +0.06752289 +0.01556297 -0.05369420 -0.02225587 +0.02471326 +0.04324578 -0.04872022 -0.04659051 +0.03405064 +0.01241565 +0.05996125 +0.01267871 +0.04167083 -0.02762527 -0.07176484 +0.05545925 -0.01557430 +0.00928750 +0.01875424 -0.03307027 -0.03622354 -0.03433313 -0.03966725 +0.03436703 -0.05246455 +0.04397605 -0.03928317 +0.04898351 +0.03178362 -0.03936705 +0.04061484 +0.05596798 -0.03356165 +0.04945515 -0.05518712 -0.03358072 +0.04939381 -0.02171898 +0.03272028 +0.00907638 +0.04251293 -0.03501734 -0.05627285 -0.04758869 +0.05675654 +0.02281034 -0.02408827 -0.05645250 -0.00075148 +0.04538244 +0.04615901 +0.07852866 -0.03299016 +0.03703067 -0.01491785 +0.02457134 -0.05680106 +0.01885190 -0.03273802 -0.00530300 +0.05716253 +0.05172214 +0.05381386 +0.01692464 +0.01298202 -0.08816864 +0.05296677 -0.05769863 +0.02367162 -0.07429779 +0.01366266 -0.00195898 +0.01055355 -0.00457564 +0.06251439 -0.04160029 -0.01625518 +0.06523681 -0.07273850 +0.04988990 -0.02955803 +0.02002995 -0.02658343 -0.04315808 +0.01695408 +0.02724091 -0.08039881 +0.05302722 +0.01770665 +0.02678896 -0.06944148 -0.00408439 +0.00602985 +0.02745519 +0.05770065 -0.00187477 +0.02847101 -0.04945940 -0.05515840 -0.05092144 +0.06916577 +0.07270353 -0.00321523 +0.01200902 +0.05728494 +0.04265605 -0.08184342 +0.06256081 +0.00560792 -0.00247563 +0.01154178 +0.02002112 +0.02651382 +0.04107204 +0.02423218 -0.00630368 -0.06858870 +0.09177840 -0.00480295 +0.05456208 +0.06089451 -0.01580174 -0.01423366 +0.02991047 -0.03163373 +0.04645642 +0.00542614 +0.03331409 +0.03379283 -0.00078084 +0.00567387 -0.03231171 +0.00231404 -0.05154799 +0.02268442 +0.01311348
-0.01377589 -0.00636345 -0.04470065 -0.02154294 -0.00891033 -0.03926272 +0.01256222 -0.02720691 +0.01102556 +0.04777441 -0.03433625 +0.01185804 +0.10566423 -0.03424250 +0.06558065 -0.00965969 -0.07667606 +0.06051817 -0.01744101 +0.01833870 +0.01463985 -0.04048830 +0.01566003 -0.09334502 -0.07326314 +0.01961035 -0.01306843 +0.10226706 +0.06093914 +0.04365104 +0.02063037 -0.00366215 -0.02188845 -0.09228211 +0.01847839 -0.01462106 +0.08514129 -0.02622253 +0.00841585 -0.01340016 +0.01429223 -0.03350284 -0.01998436 -0.06253967 +0.00733346 -0.01776959 -0.03892054 +0.05385724 -0.00696856 +0.00234016 -0.00189068 +0.09267487 -0.01854532 -0.00081461 +0.07141625 +0.06973929 +0.07029457 +0.04407525 +0.08927541 -0.01739945 -0.06982385 -0.09403959 -0.04175982 -0.03279553 -0.00049170 +0.03049192 -0.06723015 -0.00683553 -0.08482883 -0.04744050 +0.04858645 -0.03547596 -0.08756725 -0.02888671 -0.03205478 +0.02385179 -0.01861575 -0.01180681 +0.06151860 -0.03663589 -0.03804708 -0.00288873 +0.02126088 +0.07286656 +0.03242479 +0.05268097 +0.02439601 -0.02380197 -0.00342729 +0.03368492 -0.06755286 -0.06780039 -0.04481958 +0.03129579 -0.01333430 -0.02848971 +0.00706136 -0.00055593 +0.02192380 -0.05525224 -0.03348042 -0.01068174 -0.03709435 -0.08392442 +0.05917135 +0.04711862 -0.05783016 +0.00109922 -0.06667566 -0.01453392 +0.02905243 +0.03438233 -0.11527514 +0.06543997 +0.00725806 +0.01615986 -0.03136967 -0.06267757 -0.00307014 +0.09522039 +0.06372862 -0.02219402 +0.05037549 -0.03756753 +0.03530099 -0.06751959 -0.02495234 -0.00228382 +0.01693743 +0.00822739 -0.05550478 -0.02696172 +0.03782809 +0.01769442 -0.10227752 -0.00935697 -0.03570916 -0.03372500 -0.00989557 -0.05016272 +0.04461229 +0.00128292 +0.00549727 -0.01392396 +0.06208047 -0.05164220 +0.03268697 +0.09310815 -0.02435424 +0.01125481 +0.02413964 +0.02750317 -0.01190438 -0.09059960 -0.03426745 -0.03221351 -0.01813608 -0.03324550 -0.00244360 +0.02935822 +0.00676827 +0.07482825 +0.09595975 +0.06113680 -0.05440499 -0.03395636 +0.04977494 +0.04243996 +0.04294997 -0.04458688 -0.06254948 +0.04331793 +0.07521449 -0.03108663 +0.12642586 -0.11189872 -0.06393867 +0.06018430 +0.01502164 +0.05159251 -0.06658544 +0.01007122 -0.01608823 -0.01288055 +0.03260525 -0.02762847 +0.07239984 +0.00498893 -0.05321218 +0.02855218 +0.06227143 -0.03725988 +0.02322562 +0.11432617 +0.00698140 -0.03692830 +0.02498005 +0.12139404 +0.04555725 +0.05746162 +0.01078572 +0.06031603 +0.11404347 +0.07652043 +0.03937283 -0.01271937 +0.02023777 -0.01230870 +0.01670205 +0.00685268 -0.06198608 -0.03665574 -0.00016389 +0.00643909 +0.05038996 -0.04407412 -0.03353086 -0.06972732 +0.08153398 -0.01903145 +0.06135132 +0.09319929 -0.02922112 +0.04444178 +0.05309303 +0.02562699 +0.06329682 -0.01641867 -0.02570486 -0.06131788 -0.03476943 +0.06255367 +0.04785383 -0.04771705 -0.02524408 +0.06464823 +0.03016800 +0.03743772 +0.11485539 -0.05409556 +0.04319048 -0.01072635 -0.00074042 -0.03460556 +0.03427505 +0.04661931 +0.00110373 -0.03308860 -0.07315943 +0.10624082 -0.00517113 -0.00777503 -0.04341402 -0.06299322 -0.08272316 +0.05468746
-0.03604860 +0.03696459 +0.06145041 -0.03904995 -0.00077193 -0.04636341 +0.01596210 -0.03231301 +0.00796848 -0.03929260 +0.02138390 +0.08672577 -0.02568225 -0.00308898 -0.03147933 -0.14009413 -0.01162129 +0.02458170 -0.04761918 +0.05273747 +0.00476943 -0.06765492 +0.05092049 +0.00816289 +0.05610334 -0.04098922 -0.00973740 +0.05470258 -0.11778806 +0.08664048 -0.01447762 -0.14555170 +0.13960269 +0.06284712 +0.08185674 -0.09735701 -0.06395081 +0.00173101 +0.00133122 -0.01791389 +0.05866030 +0.03012483 -0.01642328 +0.04682094 -0.09122060 +0.09341969 +0.01468441 +0.08720236 +0.05332236 -0.03734045 -0.00001694 -0.06458769 +0.01326587 +0.07904378 +0.05734141 -0.01404933 -0.08391531 -0.05120496 +0.11334169 -0.04055215 +0.08768690 +0.07725239 +0.09242592 +0.12441659 +0.05503665 +0.07845364 -0.02528236 -0.01946746 +0.08399462 -0.03426884 -0.09140506 -0.12136561 +0.02644467 +0.00032358 +0.01425640 +0.00704212 +0.07053142 +0.00438999 +0.04050085 +0.01953658 +0.10026979 -0.02368433 -0.02259779 -0.03734634 +0.02858694 -0.01863181 -0.01916534 +0.04557064 -0.04134943 +0.11837954 +0.09605530 +0.06302831 -0.01283232 -0.04385510 +0.05462264 -0.03479952 -0.06552850 +0.03371883 +0.03150074 +0.11874042 +0.08305153 +0.05147272 -0.09255006 +0.00979649 +0.13440806 +0.02162648 +0.05932986 +0.11084709 -0.03834525 +0.03877762 +0.11574510 +0.01000124 +0.09912821 -0.02977978 +0.03797976 -0.03807907 -0.03913732 -0.00371034 +0.01621723 +0.05111265 -0.04634893 -0.00880639 -0.04268911 +0.01460785 +0.02719612 +0.02781794 +0.01768962 +0.04684167 -0.03404012 -0.00652467 -0.02610689 +0.07779550 -0.05158981 -0.05185230 +0.09315722 -0.05494691 -0.02587801 +0.11441299 +0.09501600 -0.04353238 +0.05821439 -0.01668385 +0.09984584 -0.13224682 -0.03702843 -0.06223506 +0.10812180 -0.00221817 -0.03158424 -0.08063595 +0.03372599 +0.03000306 +0.07783953 +0.01407974 +0.02737724 +0.00452302 -0.02713823 +0.03432732 -0.11794748 -0.03070369 -0.14027469 +0.02279420 -0.08374569 -0.08539894 +0.04362276 +0.03467922 +0.02925861 +0.02192738 -0.01594572 -0.08357479 +0.05182727 -0.10036287 -0.04594316 -0.08832102 -0.04289947 -0.05465946 +0.04283530 -0.04696097 +0.02038212 +0.02407676 +0.03671013 +0.00071875 -0.11793018 -0.02280015 -0.06740479 +0.11455537 +0.03610134 +0.09569620 -0.02077713 -0.03200404 -0.04445338 -0.05398733 +0.04309746 -0.07466279 +0.01351167 +0.11671222 +0.01720516 -0.07036651 +0.10995440 -0.04905480 -0.01645271 +0.08157816 -0.02382268 -0.09938775 -0.02600309 -0.01151016 -0.00022034 +0.00572652 +0.08440930 +0.08592678 +0.01020109 -0.03224961 +0.00432532 +0.02082744 +0.00506600 +0.11803398 +0.02073031 +0.06012312 -0.01505483 -0.08543327 +0.04662439 +0.01750206 +0.10873557 +0.03181536 -0.03698118 -0.07849624 +0.08211902 -0.03227658 -0.02788607 +0.02897816 +0.03045920 +0.00583457 -0.02386218 -0.11931294 +0.02777975 -0.02245260 +0.03671984 +0.02640307 -0.06005239 -0.00689933 -0.07171255 +0.12914835 -0.01213028 +0.08942617 -0.06621813 -0.09391612 -0.03816364 -0.01112612 +0.00693985 +0.04465768 +0.00641934 +0.01838594 -0.06811669 +0.02895835 +0.03588956 +0.04430283
+0.01274766 +0.02772270 +0.03510338 +0.02513606 +0.01143707 +0.02903407 -0.03758087 -0.01340397 +0.00143086 +0.01111914 +0.09182754 +0.02913019 +0.10112472 +0.05765153 +0.02507701 -0.03154404 -0.02568665 +0.01424155 +0.07701653 +0.10688651 +0.03374493 +0.10433823 -0.02095073 -0.09675777 -0.00958965 +0.03944040 +0.00356713 +0.02709156 +0.06335106 +0.02425889 -0.05145737 +0.00550583 -0.03395858 -0.06216915 -0.05942681 -0.05052625 +0.09433306 +0.00741481 -0.03557152 +0.01761202 +0.05253707 +0.06084606 -0.00542912 +0.00306554 +0.00110065 -0.02045579 -0.09654253 +0.04398987 -0.06328293 +0.02217004 -0.04007747 -0.04367494 +0.01390154 -0.08758488 +0.02557836 +0.07148875 +0.02217249 -0.03056346 +0.07496371 -0.00468178 +0.00207442 -0.06870942 -0.01495248 -0.04718627 -0.05583169 -0.08232616 -0.05776317 +0.04780878 -0.00251367 -0.01118465 -0.06470504 -0.00079497 -0.11015423 -0.03638414 +0.00254626 -0.02374077 -0.02862294 -0.08122708 -0.00638095 +0.02292053 -0.09066763 +0.00826235 +0.03735796 +0.01936847 +0.01297104 +0.05980119 +0.05550515 -0.07481926 +0.01506192 -0.04236878 +0.01969541 +0.03991286 +0.06956927 +0.04606932 -0.00718020 +0.02685223 -0.03004905 -0.03440774 +0.04240535 -0.02160263 -0.03741593 -0.04883296 +0.03551849 -0.01241567 -0.01604718 +0.04537687 +0.01453508 -0.04327776 +0.04611031 +0.06246650 +0.06757233 +0.05798930 +0.01708918 -0.01834082 -0.00672038 +0.00879086 -0.02604886 +0.04487457 -0.14644764 -0.07224336 +0.01680636 -0.07997528 +0.00916887 +0.03600491 +0.07137812 -0.07772896 +0.05625479 -0.04597522 +0.06408010 +0.05557397 +0.00570145 -0.10637319 +0.02363880 +0.07385073 -0.05317423 -0.04149779 -0.00227033 -0.03976046 -0.00303900 +0.01342845 -0.00230795 -0.08755136 -0.05681712 +0.07495585 +0.04900997 +0.06111687 +0.02288826 +0.12379443 -0.01135854 +0.06685054 +0.00709593 +0.04603035 +0.01146021 -0.03878390 +0.06255186 +0.08547392 -0.04712342 +0.07680847 +0.03220145 -0.08138653 +0.02389309 +0.02083221 +0.05197904 +0.00552778 -0.08789143 -0.02213391 -0.01834256 +0.05033771 -0.05225866 +0.00620842 -0.01193815 +0.05282410 +0.02251777 +0.07932542 -0.01283844 -0.01754620 -0.02601120 -0.03085217 +0.02579712 -0.00931158 +0.02337802 +0.04979353 +0.03473892 +0.01920315 +0.01142550 +0.07567889 -0.02607803 -0.02242034 -0.02215722 -0.02793022 +0.04868412 +0.03128080 -0.02720129 +0.07461789 +0.08769026 +0.00962960 -0.01002166 +0.07516725 -0.11934462 +0.03160901 +0.00551074 -0.05117085 +0.12825997 -0.01094090 +0.01084518 -0.09760361 -0.06807241 -0.10441442 -0.01513174 +0.06377589 -0.07309212 +0.08726646 +0.00435860 +0.00043592 +0.05245839 -0.05835237 -0.03192837 +0.01420505 +0.02542103 -0.03644203 +0.09178044 -0.04445665 +0.01334251 +0.05084463 +0.04969628 -0.02900324 -0.03855874 +0.00140807 -0.05012432 +0.03979926 +0.06673387 +0.02519988 +0.11557394 -0.01200470 +0.02080066 -0.04600541 -0.06043699 +0.09545216 +0.01177721 -0.05868897 +0.00901940 -0.04575768 +0.02373855 +0.04152190 -0.02004028 +0.02112453 -0.02821294 -0.04804951 +0.02862759 -0.03309655 +0.06406159 +0.02484756 +0.03510738 -0.01721286 +0.00975833 +0.07014086
-0.11824174 +0.06415543 -0.03828075 +0.08824635 -0.04304048 +0.01425501 -0.01361896 +0.04204143 -0.05098224 -0.06925079 +0.01330952 +0.04926562 +0.01241363 -0.00221675 -0.07768042 +0.00010752 +0.10082534 +0.04483701 +0.02726155 -0.10397520 +0.02905501 +0.08880170 -0.00137579 -0.02297074 +0.14572087 +0.10962512 +0.03535751 -0.03646978 +0.00560127 +0.08709223 -0.06053109 -0.05658787 +0.07986359 +0.03906816 +0.13935174 -0.02813729 +0.05300009 -0.01165760 +0.07058827 -0.05188966 +0.04586196 -0.00513300 +0.00225539 +0.02801046 +0.07714627 +0.01804512 +0.04555211 -0.07229244 +0.00898261 -0.11130707 -0.02739704 +0.04119020 -0.03407377 -0.00833887 +0.07193812 +0.00758014 +0.00381218 +0.04260178 +0.01248946 -0.02158341 +0.07302654 -0.08883917 -0.04354550 +0.05916922 +0.00694908 +0.03260627 +0.02077848 +0.01883147 -0.04175688 +0.07821252 -0.01438420 +0.06647064 -0.01084613 +0.02577181 +0.03634904 -0.02775282 +0.03838471 +0.14335658 +0.07132981 -0.01798114 +0.06224486 -0.03113106 -0.00623457 +0.08979122 -0.12483490 -0.04125118 +0.01896416 +0.04597239 -0.01655886 +0.06255508 -0.00835587 +0.01471139 -0.04247141 -0.04160928 +0.00457516 -0.08213074 -0.05364140 -0.05845996 +0.11007154 -0.04487254 +0.07566941 +0.03677719 -0.07809421 +0.00663353 -0.05933701 +0.05418459 -0.07293480 +0.03602482 +0.05882987 -0.03206952 +0.04797048 +0.03575810 +0.09115243 -0.08590535 -0.01499342 -0.00825774 +0.06859212 +0.08964190 +0.04813712 +0.05893178 -0.06300503 +0.12755118 -0.01275808 -0.01696836 +0.05696215 +0.03612057 +0.01037696 +0.00539232 -0.03432086 +0.07593735 -0.03747845 +0.11033936 -0.05095600 -0.08019902 +0.03000560 +0.05530091 +0.04030093 +0.08770647 +0.14027786 +0.04987543 +0.00454387 -0.01803880 +0.08670630 -0.06055160 +0.01046747 +0.14000387 +0.02272096 +0.03393779 +0.05495222 -0.04761650 -0.06881113 +0.03759183 +0.03204942 +0.07444405 +0.03371663 -0.01750755 -0.05152275 -0.01320549 -0.04250447 -0.04297009 +0.00136174 +0.02825384 +0.01065458 -0.06445111 -0.05153475 -0.08592755 +0.05912959 -0.03330879 +0.06479093 -0.06515369 +0.05669283 +0.06231997 +0.05809229 +0.02799334 -0.02078376 +0.04694828 +0.03993530 -0.00494367 +0.12993611 -0.04216801 -0.00504594 -0.00042447 -0.07679596 +0.04708260 -0.06388419 +0.06413420 -0.08346845 -0.04666136 +0.00184631 -0.04191653 +0.08297450 -0.05673377 -0.00489690 +0.04039011 +0.07817258 -0.02314003 +0.02833186 -0.04532495 -0.06344566 +0.11528584 -0.09456538 -0.08504137 +0.00115628 -0.03090931 -0.00525553 +0.11749846 +0.01863018 +0.08561311 +0.00760131 +0.02104783 +0.01524719 +0.08690089 -0.06710418 -0.00328784 +0.02354002 +0.01475203 +0.04301343 +0.08829638 +0.06304160 +0.01005813 +0.04367587 +0.07619934 +0.08258276 -0.07143491 +0.02057460 +0.08322932 -0.01441289 +0.08340065 +0.02831880 +0.00091708 -0.07661476 -0.11315688 +0.00302371 +0.07804053 +0.00954683 -0.08952295 +0.08227606 -0.00631270 -0.04158208 +0.06108234 -0.07444227 +0.11382789 -0.03809271 +0.02209537 +0.03255204 -0.12116507 +0.01579789 -0.07320800 +0.07213828 -0.01820163 +0.07319933 -0.00394595 -0.02383519 +0.00775857 +0.12806119 -0.04047565
-0.08415055 +0.13316280 +0.01622090 +0.03638370 -0.06832368 +0.04030979 -0.00056712 -0.00606737 +0.01376365 -0.07181868 -0.00902276 -0.01079000 +0.03814982 +0.04893778 -0.06442661 -0.02172376 -0.05909589 -0.03933403 -0.01377701 +0.06491651 -0.03811802 -0.02880464 +0.04126041 -0.01267430 +0.00834034 +0.01562296 -0.04114167 +0.02043637 +0.06124615 +0.06414828 -0.03471772 +0.07264864 +0.03515531 +0.06666460 +0.06177436 +0.01182113 -0.01152288 -0.04143858 -0.02171559 -0.05842880 -0.05643854 +0.05166796 +0.04949085 -0.02629511 -0.05403916 +0.05302660 +0.02895147 +0.04787422 -0.04230129 -0.03974363 +0.04732467 +0.01010501 -0.01760442 -0.06758089 -0.02517191 +0.04113268 +0.03549979 -0.01695520 +0.01892886 -0.04601679 +0.02851147 -0.06005646 -0.05971230 +0.01604702 -0.06178353 -0.00193166 +0.02239163 +0.00375503 +0.06585416 +0.01401546 -0.07927426 +0.08790987 +0.01013514 +0.02999633 +0.02707234 -0.02534428 +0.02276540 -0.04871838 -0.02930625 -0.00344582 +0.03582514 +0.00886808 +0.02073665 -0.00397096 -0.04106741 -0.01657336 -0.02549791 +0.05355766 +0.00080019 -0.01517741 +0.00248436 -0.06718874 +0.04740212 +0.00852791 +0.00051843 +0.03259135 -0.07924189 +0.01569533 +0.02439309 +0.01150341 +0.13471322 -0.08360841 +0.04926779 -0.05036801 -0.02724583 -0.05148191 -0.00117552 +0.03822781 -0.04037995 -0.02564090 -0.04170214 -0.00210519 -0.00065555 +0.02990397 -0.01329068 +0.01549514 -0.00309844 +0.06646129 -0.03738065 +0.00885608 -0.03167928 +0.00589218 -0.00828419 -0.00136446 +0.04558606 -0.08018959 -0.06589527 -0.01965590 +0.02704227 +0.03811013 +0.00981080 +0.04223212 +0.04659580 +0.01535802 -0.06938826 +0.04817576 -0.04594674 +0.01591220 +0.03920858 -0.05617393 -0.03431516 -0.03615678 +0.11041906 +0.05460263 +0.05182343 +0.06912969 +0.02715329 +0.03207343 +0.05020258 -0.03579851 +0.01866225 +0.05181589 -0.00805268 +0.03236203 -0.04844163 +0.04521112 +0.02595722 +0.00159228 +0.02174361 -0.06635174 +0.08071743 +0.02687103 +0.02622112 +0.01371744 +0.03550731 +0.02855198 -0.08180252 -0.06688176 -0.03684568 -0.01362141 -0.03062032 +0.02392312 +0.05592698 -0.04174098 -0.05179027 +0.04538079 +0.04219198 -0.03013991 +0.05495678 -0.01467396 +0.02187217 +0.02156289 -0.03232351 +0.05149681 -0.05373999 +0.06867165 +0.00133947 +0.03465925 +0.00337917 -0.01621586 -0.03409043 -0.09078918 -0.02713768 +0.00887958 +0.03609187 +0.03924881 -0.06662377 +0.05907245 -0.04368866 +0.02310424 -0.02576027 +0.04697948 +0.01456750 +0.00848050 -0.00309321 +0.01786219 +0.01455576 +0.04461509 +0.08012037 +0.06565167 -0.00880859 -0.04262010 +0.00759028 +0.05237648 +0.00006342 -0.07480344 -0.06662171 +0.02738849 +0.08533500 -0.02404542 +0.03494577 -0.04277675 +0.04070850 +0.07375771 -0.03134835 +0.03623046 -0.04592412 +0.02796663 -0.05123465 -0.02689068 -0.06235261 +0.01623647 +0.00772626 +0.07562067 +0.05498073 -0.03542562 +0.04150229 -0.03617732 -0.07550450 -0.02729807 -0.09164704 -0.04551418 +0.00098753 +0.04381945 +0.04625266 -0.00525500 +0.02918520 -0.06779037 +0.06697620 -0.05752867 +0.06376552 +0.03573580 +0.00816082 -0.05946649 +0.05639010 -0.05801379
+0.05064921 -0.07457195 +0.04441523 +0.03045792 +0.02525865 -0.01524596 -0.10258909 -0.01024208 -0.04642695 -0.03967138 -0.03602188 -0.06382116 +0.05350578 +0.05827700 -0.07945953 +0.03074521 +0.07098663 +0.04152218 +0.14024265 -0.01065251 +0.03342182 -0.04883857 -0.04230547 +0.03395501 -0.01286210 +0.06110365 -0.01934967 -0.08284171 -0.05651441 -0.09695287 -0.05785030 +0.05064305 +0.07201415 +0.04567016 +0.00975615 -0.00964386 -0.01683598 -0.01048645 +0.06002368 -0.06721226 -0.07442737 +0.03715094 +0.06154139 -0.07091200 -0.02202630 -0.00267661 -0.00200958 -0.03969525 +0.01107121 +0.01033193 +0.06224861 -0.05161665 +0.01637037 +0.06354512 +0.06711949 -0.05600024 +0.02101834 -0.05226611 +0.04471102 -0.05322001 -0.04539632 -0.03026271 +0.07579094 +0.02118864 -0.02150284 -0.13281047 +0.09773353 +0.10144133 +0.09086343 -0.03117110 -0.00817102 +0.01273879 -0.00089413 -0.03116635 +0.03338835 -0.11838157 +0.05483316 +0.07544957 -0.01155076 +0.08275418 +0.06314445 +0.02789041 -0.01960405 -0.01832072 +0.06978436 +0.02389833 +0.00803673 +0.04465884 -0.00194985 +0.03566901 +0.03525769 -0.01808739 -0.06519780 -0.00490141 +0.06622574 +0.01661765 -0.00398367 -0.07587769 -0.02799548 -0.06102071 +0.00385938 -0.03118898 -0.06897488 +0.01441656 +0.04658081 +0.02168311 -0.00935349 +0.04050188 -0.00640551 +0.03463788 +0.02345112 +0.03204519 -0.04933430 +0.02845722 +0.00006587 -0.01588935 -0.06180555 +0.04086482 -0.10843130 -0.00493014 +0.05703637 +0.04101241 -0.02109624 -0.00652067 +0.02137524 +0.00898277 +0.05710183 -0.17578460 -0.14443135 +0.07423481 +0.05055413 +0.05986624 -0.03067115 +0.06211222 +0.04976546 -0.05200113 -0.01456431 +0.07744670 -0.05046853 -0.00900407 +0.06187134 +0.02431402 +0.00531774 +0.04894832 +0.03869951 +0.07183708 -0.05443269 +0.02859359 -0.01654959 +0.03105620 -0.01308020 +0.03923806 +0.02374108 +0.05023994 +0.03063303 -0.03082079 +0.03970994 +0.03196764 +0.05762275 -0.07464109 -0.04025472 +0.06007946 -0.02761671 +0.03920361 +0.02646397 -0.07730290 -0.01306110 +0.06852377 -0.04542281 -0.07290056 +0.06385882 -0.01736727 -0.01157675 +0.02580449 -0.02176383 -0.02536409 -0.00471289 -0.02939884 +0.03896140 -0.08847187 -0.05181958 -0.00400838 +0.08375924 -0.09347265 +0.02851060 +0.13352962 -0.08411802 -0.00199750 -0.05373316 -0.01575824 +0.02337971 -0.03802662 -0.06719802 +0.11188454 +0.07959583 -0.01289677 +0.04341388 -0.09494105 +0.00721350 +0.09912357 -0.05748999 -0.06558585 +0.02948933 -0.08355599 +0.05099059 -0.07628225 +0.00915048 -0.00858413 -0.02313317 +0.06214884 +0.01327658 +0.05539050 +0.08661309 +0.05659151 +0.01185458 +0.03045832 +0.06186641 +0.01430514 +0.06154750 -0.00091990 +0.09977738 -0.05364922 -0.03789963 -0.04790789 +0.05175047 -0.04680260 -0.04633208 +0.00532814 +0.02169774 -0.00375327 +0.04232419 +0.01371937 +0.13291475 -0.02429367 +0.00533557 -0.00290414 +0.08456039 -0.06153322 +0.14452986 -0.06494063 -0.06236428 -0.02696113 -0.05734315 +0.03053585 +0.03685427 -0.02838461 +0.00876050 -0.13258575 +0.02799794 +0.05191983 +0.05800724 +0.00519227 -0.08472461 +0.03921030 +0.08110943 -0.04483023
-0.02960316 -0.10943882 +0.10908997 -0.06949479 +0.04134459 -0.00573737 +0.06391889 +0.05289504 +0.06965569 +0.06663976 -0.00001697 +0.02495500 -0.04056724 -0.05730838 +0.10294935 -0.05605501 +0.03651194 -0.01920582 +0.04780839 -0.04934072 +0.01173325 -0.12175857 -0.05208446 +0.10916583 -0.00993675 -0.00234333 +0.07102221 +0.05046243 -0.02795160 -0.01319240 +0.10418138 +0.03394933 -0.01938842 -0.02416317 -0.00761636 -0.02213697 -0.06125068 +0.03044177 -0.01200531 -0.10087163 -0.05125824 +0.06721830 +0.08489019 -0.03357264 -0.13064812 +0.08774187 -0.03729804 +0.03844262 +0.05439351 +0.06580301 +0.00261468 +0.01198783 -0.05455668 -0.02892835 -0.00058457 +0.05437917 -0.02036194 +0.05172411 +0.08485054 +0.08624536 +0.04908925 +0.02916831 +0.05295512 +0.11022121 -0.07552812 +0.04142950 +0.11763804 -0.03035676 +0.03618507 -0.07204381 +0.08545671 -0.04192821 -0.05466095 -0.05908567 -0.07997394 -0.01365424 +0.05337646 +0.02214134 -0.14276195 -0.06017763 +0.04949045 +0.01787715 +0.01461684 -0.01539158 +0.05839198 +0.07226293 -0.04021705 +0.03605040 +0.06612650 -0.06855480 +0.00419611 -0.05984779 -0.10624874 +0.01277358 -0.03264500 +0.02195117 +0.10823307 +0.08252128 -0.09772051 +0.10681181 -0.10949885 -0.02754038 -0.03961425 -0.01329684 +0.06868780 +0.07661080 +0.05738842 -0.02221612 -0.10297622 +0.01797859 +0.04209791 +0.01881559 +0.02985264 +0.07949669 +0.11280517 -0.09940197 -0.00135185 +0.01448484 +0.04387367 +0.07292629 +0.07796470 -0.06416673 -0.01632554 +0.05894438 +0.05995102 -0.04959364 +0.09452184 -0.02547450 -0.08781108 -0.00702509 +0.02719256 -0.01208517 -0.02105542 +0.00346809 +0.04816821 -0.06186251 +0.05806611 +0.03663479 +0.05213486 -0.00375270 -0.01216526 +0.06821631 +0.05712587 -0.03299976 -0.07380525 -0.15893021 +0.09514729 -0.05805846 -0.04257277 -0.08965406 +0.04157360 -0.03934382 -0.03793309 -0.21707010 -0.02458228 -0.11428052 +0.09017102 +0.01826857 -0.02704341 +0.03039275 -0.07478904 +0.03480129 +0.02903086 +0.09262058 +0.01565798 -0.07700251 +0.03671714 +0.00496737 +0.04512499 -0.00372293 +0.10193807 -0.08522877 +0.03033836 -0.08081552 -0.04655399 -0.03963778 -0.03054467 +0.00755964 -0.13968202 +0.04265856 -0.03342342 -0.09147230 +0.02593919 +0.00938229 -0.05244030 +0.05607679 +0.01655072 +0.03554039 -0.06578147 +0.13892640 -0.03342040 -0.03295298 +0.07555078 -0.03440848 +0.05585193 -0.07298312 +0.03248263 +0.06584527 +0.15051576 -0.05119923 +0.02538654 +0.05930306 -0.00430769 -0.01234444 +0.08891448 +0.02164034 +0.10625406 -0.03840995 +0.01214843 -0.02026242 -0.01983746 -0.12785818 +0.06643394 -0.07528646 +0.06250858 +0.08716866 +0.07445885 -0.06367667 -0.04208444 -0.01307852 +0.07971418 -0.04062064 -0.01746873 -0.04786597 +0.03306998 +0.04341722 +0.03766725 -0.02875749 -0.03579815 +0.00489630 +0.05224739 +0.08972273 +0.05930527 -0.23264447 -0.01490507 +0.05569366 +0.07915434 -0.15404902 +0.17461927 -0.05483979 +0.12612174 -0.06857365 -0.00945869 -0.01887506 -0.07969248 -0.00379109 +0.03347307 -0.03534180 -0.09781634 +0.11491853 -0.07114369 +0.05044092 -0.01934849 -0.01616963 -0.07712260 -0.04290054
-0.03504148 +0.00128351 -0.00448437 +0.01011182 -0.02204575 -0.04232464 -0.03522716 -0.02767986 -0.03061713 -0.04793915 -0.06026877 +0.00481203 -0.03776335 +0.04494838 +0.04852236 -0.00418183 +0.02642058 -0.05597367 -0.05769469 +0.05182331 +0.06643383 +0.02485136 +0.03740603 +0.04167139 -0.00634734 -0.00703341 -0.05857540 -0.03035189 +0.04524418 +0.02377831 +0.02191931 -0.04119557 +0.05536335 +0.04503451 +0.01174788 +0.10011202 +0.00669121 +0.05428485 -0.02830244 -0.00104153 -0.05141454 -0.00649502 -0.04299917 +0.08032226 +0.03681261 +0.03449837 -0.04795268 +0.00634054 +0.04671256 -0.01507175 -0.00634427 +0.04074477 -0.00924132 +0.00112358 -0.05742950 -0.01912805 -0.00675612 +0.04582175 -0.06832906 -0.00766096 +0.04006009 -0.02449118 -0.04347472 -0.01744368 +0.04447312 -0.03097098 +0.00682562 -0.02618310 -0.03464594 +0.03614912 +0.05474804 -0.00827007 +0.03641705 -0.02469956 -0.06223568 +0.00208906 -0.01796118 +0.00726996 +0.04968038 +0.06878304 -0.00177352 -0.06021121 -0.01013203 +0.05332650 +0.03648090 -0.02259262 -0.06779350 -0.01292476 -0.03665013 -0.02229074 -0.02520685 +0.03126968 -0.01462117 -0.00708233 +0.01970037 -0.04399368 -0.06306409 -0.03216401 -0.06346329 -0.01726840 +0.01504033 +0.01302825 -0.01525910 +0.01919100 -0.01809768 -0.06778105 +0.00457594 -0.01329867 -0.01915703 +0.04798886 -0.02431920 +0.01263543 +0.00886840 +0.06461177 -0.01393988 +0.03931360 -0.05149305 +0.04170772 -0.06152248 +0.02256945 -0.01076394 +0.01068155 -0.01609944 -0.02120354 +0.01457571 -0.00617376 -0.01567572 -0.01439114 +0.00350260 +0.01604673 +0.04769843 -0.00661669 +0.05663032 +0.00373287 +0.01670226 +0.05773059 +0.02645370 -0.04009298 +0.03820217 -0.05024816 +0.01154974 +0.06147563 +0.03100017 +0.01816410 -0.05456046 +0.09793452 -0.01573238 -0.05686617 +0.02442464 +0.05446398 -0.03563859 +0.00022739 -0.03599909 -0.01467547 +0.05183768 -0.03275116 +0.07023375 -0.02240471 +0.00033000 -0.04609647 +0.04608141 -0.03051602 -0.06191625 -0.03826934 -0.04970572 +0.03497754 -0.00131598 +0.03484133 +0.02882405 -0.05112702 -0.02145863 -0.02926672 +0.05404602 +0.03885362 -0.01715927 +0.01735348 -0.04699269 +0.00093413 -0.00274395 +0.02045935 +0.00855769 +0.04502100 +0.04056899 +0.07763923 -0.00020525 +0.04858381 -0.01918339 -0.01185261 +0.04139389 -0.02388085 +0.03035089 -0.04874999 -0.07662019 -0.07281696 -0.04782159 -0.05678226 +0.05026545 -0.05620031 +0.03363149 -0.05894759 -0.00341256 +0.04010315 -0.05996074 +0.03094134 +0.07341029 +0.01351530 +0.04839767 +0.00139214 -0.03926402 +0.03833196 -0.03460295 +0.07343408 +0.04277901 -0.04443315 -0.03295823 +0.01638781 +0.06929081 -0.02434906 -0.06523217 -0.03552973 +0.03137806 +0.04166811 -0.03978967 +0.01188321 -0.05896120 -0.00670025 -0.00146722 +0.01923166 -0.02118551 -0.01976364 -0.03130149 -0.04262727 -0.06515082 -0.05211934 +0.03361298 -0.00046977 +0.04094419 +0.02273112 +0.04949182 -0.03709706 +0.06526861 +0.04910688 -0.00297914 -0.02810748 -0.06667016 +0.04317763 -0.07105646 -0.05962253 +0.05974698 +0.02301745 +0.03648987 +0.09291701 +0.01398274 +0.05648287 -0.05238174 -0.03187645
+0.10685427 -0.19417241 +0.11104390 -0.03674009 +0.08116475 +0.10217080 -0.02046362 +0.09576605 -0.03415373 -0.00264891 +0.00145232 +0.01071589 -0.11046416 -0.07472268 -0.05445457 -0.13613717 +0.15343247 +0.01415788 +0.01930710 -0.01270006 +0.01725989 -0.00627837 -0.10847734 +0.02461213 -0.05931628 +0.14965530 -0.05470080 -0.00601540 -0.01518174 +0.06349755 +0.01196166 -0.10857364 +0.06439380 -0.07607649 -0.03329558 +0.09676962 +0.00128300 -0.04625351 -0.03819726 -0.08494174 -0.00663125 -0.01300101 +0.08399968 +0.06242315 +0.01200745 +0.07368943 +0.04852612 -0.06011234 -0.00925953 -0.03214767 +0.07587698 -0.04986051 -0.03812876 +0.08253616 +0.07370257 -0.16851498 +0.13530672 -0.13630834 +0.04762044 -0.07257049 +0.05110617 +0.10993412 -0.01166170 -0.04659647 -0.08192928 +0.01677173 +0.09437542 +0.09673453 +0.02682407 -0.07585789 -0.07751792 -0.18069144 +0.02260984 +0.07197629 -0.01746773 +0.09289696 -0.02794146 +0.06399091 -0.04086497 +0.09251834 -0.03659353 +0.01006855 -0.02327277 -0.00454597 -0.00486258 +0.03002106 +0.01446345 +0.11963176 +0.06062180 +0.04734383 -0.05289769 +0.04861652 +0.00844587 +0.06879589 +0.04714257 -0.00266057 +0.00947821 -0.00382282 -0.11016604 -0.04680665 -0.20380609 +0.11366168 -0.03184351 +0.05323210 +0.05353680 -0.00636928 +0.05932224 +0.12172437 -0.12728205 +0.07312305 -0.07909001 +0.01421088 +0.01113702 +0.08420230 +0.00188540 +0.04965943 +0.13377328 -0.04695967 +0.00378416 -0.06749376 +0.00668472 -0.03598062 -0.00796627 +0.00170391 +0.11836340 +0.01141721 -0.02863813 +0.03373010 -0.04956426 +0.01280720 +0.04210283 -0.02728412 -0.06297291 -0.07997432 +0.11768013 -0.10110233 -0.01881439 -0.00864134 +0.08070790 -0.03929925 +0.02791346 +0.03410221 -0.04404628 -0.16193271 -0.05890148 -0.03725495 -0.00297780 -0.07947077 -0.05604485 -0.08131061 +0.01215733 +0.04287628 +0.01030518 -0.01398541 -0.01797739 +0.00028945 +0.04865478 +0.05447640 +0.01589197 -0.01095846 -0.13069244 -0.04237176 -0.11373262 -0.09339316 +0.04317128 -0.03547300 +0.15673995 +0.14443263 -0.05817411 -0.10512427 -0.00358329 -0.13603234 +0.00490101 +0.01809062 -0.02563559 -0.22309630 +0.04232487 -0.01913556 -0.04194269 -0.13166094 -0.13192877 -0.08436038 +0.01082899 -0.11478068 -0.08340526 -0.06523806 +0.02728522 -0.07266390 -0.00457903 +0.03886358 -0.01935652 +0.08762658 -0.06489059 -0.17926776 +0.07856914 +0.09354360 -0.02486541 +0.00074880 -0.03116394 +0.00796933 +0.09486817 +0.00405020 +0.06550179 -0.10625011 +0.02324490 -0.07842822 -0.10484014 -0.02976603 -0.05643603 +0.06413781 -0.11405952 -0.06596325 +0.02001331 +0.01185062 +0.01303869 +0.04447569 +0.09730395 -0.11901933 -0.06993078 -0.06485268 +0.08662291 -0.04212552 +0.05194781 -0.02589764 +0.02017075 -0.04534448 +0.02075484 +0.02338305 +0.00941601 +0.11247556 -0.06368951 -0.00232984 +0.09335044 -0.15466671 +0.08679164 -0.10827199 -0.11304890 -0.01055353 -0.09858216 -0.02253531 +0.03406474 -0.06185554 +0.07152714 +0.04555769 +0.05049393 +0.09045374 +0.01293364 +0.06368057 -0.07152978 -0.01992560 +0.08117384 +0.00842006 -0.01814510 +0.12400707 +0.11944781 +0.11064605
-0.00236646 -0.00835905 -0.07789517 +0.00531536 -0.01115559 -0.05969944 +0.01861507 -0.04067853 +0.03262012 -0.03803102 +0.05941244 -0.00382976 +0.02022448 -0.04993157 +0.02675617 +0.01896981 +0.04744180 +0.05208880 +0.04241936 -0.07592244 -0.05213539 +0.00997975 -0.01501343 -0.03454259 +0.03411148 +0.00048941 +0.00838978 -0.05684205 -0.04460603 +0.08132712 -0.02759756 -0.10058165 +0.09156603 +0.06654029 -0.00566631 -0.00120010 +0.02253547 +0.04737997 -0.04326671 -0.03877677 -0.02075652 +0.01968903 +0.04983523 +0.04163978 +0.07692888 +0.06113051 -0.00959691 -0.01325723 -0.02548433 +0.03130211 -0.05134491 -0.04215961 +0.06598653 +0.01391558 +0.00028266 +0.03268370 -0.01736073 -0.02582194 +0.01277788 +0.00831123 +0.00510872 +0.03973745 +0.01515065 +0.05801340 +0.03528019 -0.02424816 -0.05328452 -0.05605264 -0.04621578 -0.05699310 -0.10368636 +0.06000883 +0.05643210 -0.00251113 +0.01599225 -0.00505390 +0.06992207 +0.07671292 +0.00073661 -0.01289220 -0.02218202 +0.04718418 -0.00868309 +0.04885764 +0.00789644 -0.06148999 +0.02633696 +0.00908286 +0.00298456 +0.06524631 -0.03624518 -0.00675470 -0.03595395 -0.03595737 +0.04120457 +0.05823555 -0.04102486 -0.00625923 +0.00935405 +0.01073686 +0.02820503 -0.03127343 -0.00263033 +0.00069455 -0.06628788 +0.03682350 -0.06066574 +0.02598077 +0.02823420 -0.00268113 -0.07249602 -0.03208533 -0.00546745 +0.00656750 +0.01025415 +0.04097378 +0.08584697 -0.01881639 +0.04278655 +0.05785908 -0.10540682 +0.05378828 +0.03096112 -0.01243599 +0.05009570 -0.05743254 -0.07114014 +0.06238028 -0.00578273 +0.06551976 -0.01979005 -0.00293261 -0.06866451 -0.02759129 +0.04309308 -0.01438626 -0.02700515 +0.00859723 +0.05477243 +0.00996521 +0.05922553 +0.01019757 +0.10555857 +0.01150055 +0.00076041 +0.05498202 +0.06422307 +0.02158831 -0.00097492 -0.05442112 -0.03767414 -0.02712223 +0.02938782 +0.07198785 +0.02087376 -0.02958515 -0.03228771 -0.07365362 -0.08850934 -0.05743990 +0.03020001 +0.00037416 +0.00089093 -0.05212932 -0.01605263 -0.00453116 +0.06641158 -0.06628589 -0.05148212 +0.00303878 -0.03707638 +0.05665795 -0.00158673 +0.03879149 +0.04172533 +0.05840542 +0.04720504 +0.01578754 -0.01428991 -0.04789304 +0.01203147 -0.01595339 -0.07509063 +0.07507491 +0.00278508 +0.05771079 +0.04814172 +0.04273406 -0.05286117 +0.06263435 +0.04799563 -0.09671748 +0.03300898 -0.11074907 -0.01203846 +0.02290949 +0.00329623 +0.06523883 +0.02055064 +0.01531672 -0.03280794 +0.01396315 -0.04898494 +0.07405312 -0.10842304 +0.04166215 +0.00229623 +0.00561229 -0.03637580 +0.05619035 +0.06286190 +0.00638460 -0.00778385 +0.00939353 +0.00172239 +0.05134601 -0.01906928 -0.00968628 +0.00928175 +0.02122752 -0.07570655 -0.00197921 +0.02961465 -0.04085618 -0.04996736 +0.01532943 +0.04726851 -0.01788816 +0.02796138 -0.05384408 -0.02878348 -0.02871185 -0.06070952 +0.01528560 +0.01894600 -0.06471988 -0.00510512 +0.03085362 -0.06623550 +0.03477526 +0.02843438 +0.10167356 -0.01025691 +0.03853324 -0.08746279 +0.01204192 -0.08551951 +0.00807866 +0.00698511 +0.02934787 -0.04224114 +0.00814600 +0.03046334 -0.03082722 +0.04115672 -0.03716760
-0.04958006 -0.04398610 +0.04508575 +0.04185367 -0.01329386 -0.04208889 +0.05385728 -0.00901846 +0.01796963 -0.06816204 -0.07032350 -0.00122986 -0.06443761 -0.05608291 +0.03822975 -0.02350527 -0.00040241 +0.00583292 -0.05617477 +0.00006816 +0.04416939 +0.02238367 -0.05889590 -0.01482611 +0.03228958 -0.04738096 +0.03832791 +0.00250009 +0.02388115 -0.03407596 +0.02855805 -0.06354301 -0.01331085 +0.07100476 +0.04726432 -0.00088129 +0.03923067 -0.03070649 -0.02770782 +0.06513102 -0.01266551 +0.00383542 -0.00227695 +0.04473268 -0.00867823 -0.07269558 -0.02158320 -0.04500541 +0.01602590 -0.05796660 -0.02975971 -0.00338656 +0.03606687 -0.00049583 +0.00518312 +0.00151624 -0.04268979 -0.03672003 +0.02945880 +0.03884997 +0.06734775 +0.01572574 -0.05170087 -0.03848128 -0.03119580 +0.05160542 -0.01924480 -0.03565619 -0.00450672 +0.05967079 +0.01995492 +0.02893571 +0.00202976 -0.02448489 +0.01125082 -0.01177451 -0.02054356 +0.01063500 +0.06408419 -0.00125376 -0.02769047 -0.00152126 +0.00758671 -0.03095187 +0.05709571 +0.04965698 +0.01026821 -0.05390270 -0.04367672 -0.04118676 -0.05365933 +0.05149237 -0.03885726 -0.03337278 +0.00429440 -0.05199568 +0.03366816 -0.03194708 +0.00355407 -0.06147838 -0.00659033 +0.01396941 +0.00058294 -0.03806969 -0.00054271 -0.03843318 -0.01901935 -0.05563140 +0.07024077 +0.00093390 -0.05282411 +0.00396210 +0.02222783 -0.00728037 +0.04833819 -0.03018625 +0.04316754 +0.00121825 -0.00177759 -0.04121311 +0.04595975 +0.02143620 +0.03182372 +0.01288475 +0.01776389 +0.02059854 -0.05478565 -0.07040089 +0.02373123 +0.04887275 +0.04015344 +0.06047343 -0.00010410 -0.01157705 +0.01792188 +0.03420055 +0.00648616 -0.00826991 -0.01771555 -0.03183708 +0.04106107 +0.07345524 +0.03194706 -0.06851258 -0.07189240 -0.06645328 +0.01920993 +0.00622192 -0.04865479 +0.02421843 +0.00701107 +0.01368854 -0.05838040 +0.02088578 -0.06412508 +0.00713465 -0.03806563 +0.05175718 +0.03342846 -0.00325109 -0.06003268 +0.03968925 -0.07569840 -0.04395172 -0.05972637 +0.02403300 -0.01135646 +0.06785676 +0.01919241 -0.06522313 +0.00127849 +0.03192314 +0.06190402 +0.01594942 -0.01741291 -0.02257195 +0.03324256 +0.03995267 +0.01286731 -0.03454649 +0.04929117 -0.01620710 +0.03175442 -0.06805057 -0.00420774 -0.07364978 +0.00743261 -0.01949162 -0.02068760 +0.00838363 +0.06313027 +0.04795061 +0.00363591 +0.01312004 +0.04538672 +0.00158217 +0.02736747 -0.04417326 +0.00492483 +0.04939134 -0.02805379 -0.00530399 +0.03350273 -0.05317448 -0.00381111 +0.04091322 -0.02151382 +0.03960478 +0.00803621 +0.03446960 +0.05001326 -0.01085046 +0.05422480 +0.03158190 +0.05809637 +0.02370173 +0.00922466 -0.02938071 -0.05223367 +0.01371289 -0.06181448 +0.03280790 -0.05673077 -0.03548444 -0.01574929 -0.01204161 +0.01734433 +0.02786959 -0.02504163 -0.00816830 -0.05772182 -0.03422042 -0.02840489 -0.01180573 +0.01629551 -0.06986339 +0.02068325 -0.02238772 -0.02834855 +0.00421563 -0.05936890 +0.00296142 +0.04173289 +0.02095655 +0.01769410 -0.01092568 +0.01700130 +0.04956423 +0.01146897 -0.03613671 -0.00500590 -0.05717972 -0.05896607 -0.02661037 +0.02558552 -0.01031524
-0.01195679 +0.06045964 -0.04471023 +0.02581485 +0.03886339 -0.05382646 -0.04048589 +0.01514611 -0.00471902 +0.06102356 +0.07430931 +0.07016607 +0.06001494 +0.04960363 +0.06983229 -0.05937786 -0.11463835 -0.00178735 -0.00855255 +0.08183213 -0.06144406 +0.04255079 +0.03725968 -0.04784661 -0.06157402 -0.05547493 +0.00226547 -0.05301328 +0.01715964 +0.01122956 +0.01973899 +0.02915161 -0.07579897 +0.00215453 -0.01322356 -0.03060045 +0.07681233 +0.06029031 -0.07694741 +0.03892658 +0.06182610 +0.08099481 -0.07834277 +0.03475139 -0.05202696 +0.04129355 -0.02508372 -0.00138040 +0.03188292 -0.04250884 +0.00344141 +0.00145202 -0.03025320 +0.00955896 +0.07823659 -0.00119372 -0.06214222 +0.04511002 +0.10855049 +0.02328803 -0.01676492 -0.02594577 +0.00306979 +0.08169984 -0.07634136 -0.01630689 -0.06014198 -0.03330973 +0.06965563 +0.06104345 -0.00953584 +0.03215931 -0.10845918 -0.01997874 -0.02085700 +0.01845316 +0.05314641 -0.08896067 +0.03093865 -0.05279909 +0.00701028 -0.01695461 -0.06542063 -0.05810649 -0.06618004 -0.06180072 -0.01690087 -0.00328529 +0.04147876 -0.00887618 -0.03142422 +0.05817733 +0.04416988 -0.05077868 +0.05814159 +0.00151758 +0.03923803 +0.03326147 -0.05874761 +0.07886254 +0.06802429 -0.01751228 +0.05820656 -0.02907552 -0.00951477 +0.07515560 +0.00267314 +0.05692690 -0.03342258 +0.04366286 -0.00574800 +0.03644304 +0.06197178 +0.03186354 +0.02627174 -0.02388823 -0.01343503 -0.02092004 -0.09408347 -0.06232235 +0.02543649 -0.06464186 -0.04714169 +0.02506581 -0.00982314 -0.05888868 +0.05943396 +0.00692975 +0.01079881 +0.04843104 +0.01356145 -0.04763021 +0.02667801 -0.07229435 +0.03635066 +0.01009473 +0.04601977 +0.02752410 -0.02744921 -0.03002817 +0.08041920 -0.05954354 -0.05117195 +0.08459701 +0.02326162 -0.02084337 +0.00267509 +0.12100459 +0.01150360 +0.08938508 +0.02698579 +0.01243129 +0.02835275 -0.02865135 -0.02487714 +0.08055846 +0.02374568 +0.03388292 -0.02947470 +0.10270848 -0.06464634 -0.01470469 +0.01442985 -0.02565458 -0.05547094 -0.05363914 +0.00910219 -0.01634902 +0.04288318 -0.00710253 -0.03366988 -0.02254278 +0.03022945 +0.03109291 -0.00170252 -0.04502958 +0.06418395 -0.01473798 +0.03643893 -0.03469562 -0.02626092 +0.01952099 -0.10089321 +0.00430978 -0.03928128 -0.03106602 -0.00842849 +0.07580076 +0.03782925 +0.04306068 -0.03716700 -0.03118940 +0.10271446 +0.10908803 +0.05791787 +0.01598711 -0.04568925 +0.02650436 -0.01606889 -0.03814239 +0.08131947 +0.01060685 +0.11789597 -0.00267682 +0.01296910 +0.00779612 -0.13329610 -0.01545492 +0.05623530 +0.06987607 -0.02607924 +0.05703052 +0.00707832 +0.05903341 +0.03555376 +0.01036828 -0.04209199 -0.06759933 -0.04890308 -0.09996659 -0.03544639 -0.05910888 +0.05254542 +0.11446351 -0.03077570 -0.00271957 +0.03063921 +0.05459576 +0.02422961 +0.01446943 -0.03535632 -0.06931560 -0.00462133 -0.03571786 +0.05243078 +0.03240076 +0.05381134 -0.07159235 -0.01999174 -0.06819887 +0.05201855 +0.09725887 +0.07769769 +0.04537619 +0.06533499 +0.00241540 -0.00216968 -0.03440637 +0.01032175 +0.04953288 -0.01985870 -0.01420761 +0.04243804 -0.00181393 -0.05882826 +0.02846035
-0.06947643 -0.02399444 -0.04037089 -0.01749001 +0.01949504 +0.04844060 -0.01864278 -0.05342248 +0.00004460 -0.01221226 +0.05511621 +0.04823509 +0.02500181 -0.00800053 -0.05950294 -0.02571734 +0.03157847 +0.01379502 +0.03151242 -0.06735277 +0.08971352 +0.07956271 +0.10718195 -0.02251189 +0.09586344 +0.04870960 -0.02283350 -0.04740166 +0.01712909 +0.04399948 -0.08110056 +0.04372145 +0.06437210 +0.15785608 +0.07921593 +0.01813807 -0.00304931 +0.01384779 +0.00508956 +0.07201244 -0.03000267 -0.10600754 +0.04223645 +0.07191349 +0.05829947 +0.05639428 +0.03747717 -0.03113195 +0.03223262 -0.02044102 +0.04845728 +0.00270873 -0.04245899 +0.05064945 +0.02725443 +0.04759794 -0.10567972 +0.00136347 +0.05281966 -0.02248164 +0.08938823 +0.01727012 -0.06904266 +0.00670329 +0.01972261 -0.07331422 -0.03634890 +0.00252876 +0.00749790 +0.08096400 -0.09584282 -0.00116546 -0.02380960 +0.03529958 +0.01994371 -0.05665591 -0.00176800 +0.00931557 +0.15724756 +0.03863241 +0.04386417 -0.01013829 +0.07328514 +0.05505183 -0.08068494 -0.06347276 -0.00608953 +0.02510001 -0.05655941 +0.01904306 +0.00735483 +0.03606973 +0.03743700 +0.04315800 +0.02317563 +0.06239901 -0.08301532 +0.02057052 +0.07242638 -0.04279777 -0.02318664 +0.00596674 -0.07934923 -0.04833536 -0.07600877 -0.01235301 -0.04854766 -0.02949782 +0.06546748 -0.04692944 +0.05945318 +0.05635535 +0.02995342 -0.10086681 -0.04790574 +0.01109910 +0.06427153 +0.06524116 -0.04758203 +0.05797351 +0.02913128 +0.05947847 +0.04053664 -0.08237040 -0.01497449 +0.03799603 -0.05072428 -0.05128408 -0.03791967 +0.02251883 +0.03538534 +0.06107911 -0.05232355 -0.06903045 -0.01726113 +0.05650675 +0.04398141 +0.01505527 +0.06860399 -0.02534647 +0.01380746 +0.08499716 -0.00892255 +0.05326539 +0.04335407 +0.14199050 +0.04687227 +0.05720451 +0.00553739 +0.00908681 -0.08638273 -0.02932625 +0.04355505 +0.17299044 +0.00524177 +0.05120466 -0.00181749 -0.03959270 +0.00118324 +0.01985703 +0.04380112 +0.04520015 +0.06531362 +0.03591564 -0.01385221 -0.00665346 +0.07601278 -0.10685742 +0.06859917 +0.03461457 -0.02218930 +0.03427033 -0.04457238 +0.01834578 -0.03300476 +0.00064684 -0.02798823 -0.00329086 +0.16295937 -0.08116023 +0.08421692 -0.00140164 +0.02442426 +0.03666071 +0.01155100 +0.00868088 -0.07188376 -0.05092435 +0.04786990 -0.11252816 +0.01201592 -0.01565882 -0.03248483 +0.03327679 -0.04775506 +0.03578139 +0.06176153 -0.04993420 -0.06494195 +0.01533902 +0.03237645 -0.05942771 +0.00577316 +0.02450890 -0.05115574 +0.08993465 +0.08899257 -0.00561325 +0.02767559 +0.00214821 +0.00776436 +0.05290829 -0.03323295 +0.00938359 -0.03290864 +0.04013988 -0.04063911 +0.12268346 -0.00451550 +0.07972104 -0.02872320 +0.06560110 +0.01627978 +0.04379696 -0.05941557 +0.04403196 -0.03479043 -0.05354276 +0.03584435 -0.05671127 -0.10364380 -0.11489542 +0.07798208 +0.08837005 -0.02429543 -0.05072106 +0.04174831 +0.00862365 -0.03213822 +0.05446588 -0.03504810 -0.01358383 -0.08351568 -0.02988919 +0.02421002 -0.01453885 -0.00457722 +0.01398099 +0.10353313 -0.09816362 -0.00276256 +0.05009504 -0.00209890 +0.04348744 +0.05845674 -0.09286416
+0.04810443 -0.05052382 +0.04075457 +0.05383855 +0.06472288 +0.10235066 +0.03143276 +0.08037389 +0.01742686 -0.00716491 +0.06318626 -0.01089598 -0.10866985 +0.02367794 -0.02993428 +0.05213855 +0.05566572 -0.02614579 +0.07361885 +0.00872066 +0.06674419 -0.04434523 -0.00869876 -0.06102052 +0.00682529 +0.08061540 -0.06309272 -0.07547415 +0.03757501 +0.04295057 +0.03983671 -0.12042970 +0.10136275 -0.02542351 +0.02574170 +0.06582831 +0.10311738 +0.03415788 -0.00496300 +0.02036475 +0.00501296 -0.04734187 +0.02984107 +0.09435342 +0.11706605 +0.03657458 -0.04382571 -0.04232726 +0.00517706 -0.04528891 +0.01612425 +0.01475843 +0.00151204 -0.01850895 +0.04568727 -0.14542675 +0.08347251 -0.06258237 +0.10280006 +0.02139088 +0.07276173 +0.02961965 +0.04814436 +0.02324006 +0.00504991 -0.06184034 +0.05302730 +0.05252907 +0.05643374 -0.02683125 -0.09102342 -0.10636244 -0.10041263 +0.00599581 -0.06602513 +0.08506108 +0.01240870 +0.05812819 -0.02315618 -0.01674979 -0.01474764 +0.07950479 -0.01804413 +0.09403359 +0.00148181 +0.13090189 +0.05221430 +0.04243746 -0.02677610 +0.00986658 -0.00741484 -0.02015772 +0.06664051 +0.04236986 +0.01548792 -0.03134225 -0.10057820 +0.00939637 +0.02855744 -0.04688476 -0.04450641 -0.00319112 -0.03597200 +0.00428118 -0.08315423 +0.12069102 -0.02218478 +0.03302026 +0.02390889 +0.03525689 +0.07458061 +0.11368832 +0.12214322 -0.01535941 -0.02478034 +0.05675267 +0.05803033 +0.07056172 +0.07139388 -0.05226463 +0.09593687 -0.05409445 -0.05410782 +0.03510652 +0.00341530 -0.00868426 -0.05963560 +0.00054695 +0.09890193 +0.01413408 -0.03320736 +0.00191073 -0.01397387 -0.05793424 +0.01513976 +0.05050745 -0.03598667 -0.00720729 +0.12363708 +0.01393087 -0.00160164 +0.04642192 -0.00862451 +0.03049358 +0.06154495 -0.00224502 +0.08147067 -0.01388950 -0.02768139 +0.03689455 -0.09253756 -0.04764025 +0.04293268 +0.16610993 -0.01773497 +0.06071143 -0.03353423 +0.06000241 +0.09403429 +0.04054276 +0.00648106 -0.00907811 +0.07074651 -0.08643819 +0.02204303 +0.13223396 -0.00988778 +0.14134979 -0.01165667 -0.04580440 +0.04229644 -0.11397659 +0.07100958 +0.08879770 +0.00450669 -0.08277931 +0.00021624 -0.03720931 -0.04734827 -0.00603625 -0.02943338 +0.01813123 +0.04933110 -0.01598236 +0.09001026 -0.11151945 +0.06596091 +0.09096428 +0.04308245 +0.02367034 -0.04109070 +0.07393749 +0.01203386 -0.03650202 +0.05009092 -0.01065415 -0.04343028 +0.08225212 -0.04703324 +0.00576985 +0.01518140 -0.01463740 +0.06485522 +0.04432095 -0.01591576 +0.11003442 -0.05367822 +0.02401278 +0.00360369 +0.07459004 +0.00883810 +0.07146405 -0.05390720 -0.04700032 -0.02902259 -0.01130993 -0.01006286 +0.01473236 -0.02423419 +0.01670029 +0.03260428 -0.02146136 +0.01550196 +0.02647418 +0.03283321 +0.00916646 -0.05779736 +0.03045893 +0.04578705 +0.00725978 -0.07208847 -0.05337810 +0.12841889 +0.04834156 +0.04750240 -0.12119623 -0.09582677 +0.06747117 -0.09804509 -0.04418252 -0.05002014 +0.02840612 +0.06701084 -0.04129867 -0.03008792 +0.02231104 -0.06775540 +0.02666948 +0.05101733 -0.10495019 +0.08535971 -0.01724978 +0.06814463 -0.00374367 +0.01620523 +0.00824370
+0.05839796 +0.01698291 +0.04761887 +0.02938937 -0.00556403 -0.03324459 -0.02616317 -0.04177922 -0.05921129 -0.05042047 -0.00981880 +0.00067882 +0.04898376 +0.00127459 +0.10444020 +0.04654779 +0.02110348 -0.07294052 +0.04846708 -0.02101604 +0.06642592 +0.00729498 -0.03118885 -0.07587250 +0.02657010 +0.01021730 -0.00695395 +0.00386729 +0.06951444 -0.05626298 +0.05863967 +0.02099428 +0.03206681 -0.04130720 -0.04583056 -0.01093804 -0.01298059 -0.01429371 -0.03395382 -0.03617851 +0.03989073 -0.03912791 +0.00260013 -0.04069712 +0.03349496 -0.05443480 +0.04744925 +0.03971189 -0.08887009 +0.05102323 -0.00534869 +0.01207534 -0.01664158 -0.05697929 -0.03872311 +0.11936291 -0.08849246 +0.12327635 +0.09013320 +0.01024145 -0.00895384 -0.04545750 -0.06761421 -0.03411427 -0.08622565 +0.03252492 -0.04190511 -0.04601644 -0.07498862 -0.03059438 +0.12379336 -0.04965530 -0.06478532 -0.01310429 +0.03957967 -0.01168922 -0.06178133 +0.09553634 -0.02282827 -0.02235824 -0.02432876 +0.03994145 +0.12421430 -0.01137752 +0.02549505 -0.07727300 -0.02432934 -0.08961099 +0.03974578 -0.03854275 -0.10217188 +0.03534658 +0.03304092 +0.06414353 -0.07383914 -0.05206731 +0.01584888 -0.07889076 -0.05732366 +0.01444929 -0.00199347 +0.03873927 +0.01858063 -0.05214974 +0.05623578 -0.03294484 -0.01718378 +0.03261097 +0.04911046 -0.08628773 -0.06502806 -0.02400712 -0.10822413 -0.01721774 +0.09763609 -0.03323756 -0.07847827 +0.08439293 -0.10410795 +0.10899583 +0.07040682 +0.00853638 +0.04700116 -0.00528294 -0.09071391 +0.01473683 +0.05435397 +0.05176055 +0.00184985 +0.02423139 +0.04076866 -0.04918306 +0.07107764 +0.03588014 -0.06773709 -0.01736705 -0.06188015 -0.02005442 -0.05410087 -0.03767809 -0.04313252 -0.01539838 -0.05044196 +0.08881443 +0.03166012 +0.09241404 -0.02639069 -0.02651851 +0.04362691 +0.07273709 +0.06467643 -0.03997802 +0.03069141 -0.00782467 +0.03003261 -0.05218872 +0.05446933 +0.01666219 +0.05896046 -0.06934855 +0.08852664 +0.06800068 +0.05627029 +0.01236542 -0.05433929 -0.02785085 -0.05256689 -0.03257022 +0.03884207 +0.07726722 -0.03710509 +0.04103876 +0.05846058 +0.04184737 +0.12911047 -0.01738571 +0.04498547 +0.05128474 +0.06255905 +0.07203207 +0.03108562 +0.00965435 +0.07122025 +0.05388935 +0.00821118 -0.01810335 -0.01824399 -0.04517160 +0.04721404 +0.00009284 +0.07882448 +0.07438189 -0.01358167 +0.14034246 +0.05195797 +0.03639645 -0.00295167 -0.04323968 +0.04596641 -0.03329077 -0.06725691 -0.06207379 +0.05126106 -0.02626543 +0.02849003 -0.06017534 -0.03034125 -0.00468712 -0.08239353 -0.03063656 -0.03836672 -0.01476257 +0.03106573 -0.01140600 +0.04178159 -0.03485326 -0.01004362 +0.04514217 +0.08548547 +0.07517748 +0.04885750 +0.07087160 -0.01967666 +0.01111323 -0.06569621 +0.04406413 +0.00202899 -0.03043780 -0.03824906 -0.02642642 -0.00800041 +0.10002364 +0.04117812 +0.04621753 +0.01697610 +0.02782849 +0.05758901 +0.03432039 +0.08699605 +0.02548456 +0.02464028 -0.00271319 -0.03550350 +0.05274561 +0.04201318 +0.04707649 +0.02284292 -0.04725758 -0.03534624 +0.11076025 -0.01777514 +0.09824288 -0.04745103 -0.07237864 -0.02570215 +0.03447845
-0.08868050 +0.07416800 +0.05832513 -0.00751574 -0.05803843 -0.04858619 -0.04204562 -0.04799733 +0.07886433 -0.09189785 -0.02071492 -0.06935021 -0.00082234 -0.03457787 +0.00972612 -0.02656434 -0.01738628 +0.04528132 +0.01222777 -0.05608235 -0.02442814 -0.02779679 -0.08046254 +0.01880686 +0.06446258 +0.05165865 +0.01933260 +0.07828379 -0.02233907 -0.11390765 -0.02706656 +0.05713819 -0.00633444 +0.11926850 +0.03408949 -0.02041530 -0.07760067 +0.04118358 -0.02585454 +0.06154561 -0.02250407 -0.00144527 +0.01640163 -0.02362388 -0.06898838 +0.00742796 +0.03435149 +0.04135062 -0.04032161 -0.08371241 -0.04544032 -0.03025725 +0.02191062 -0.05931808 -0.00155123 +0.08396893 -0.00793898 -0.05942985 +0.05769087 -0.01885348 +0.05017960 -0.02565816 -0.03761312 +0.09726192 +0.01735262 +0.01042678 -0.00191723 +0.01348239 -0.01002287 -0.04108810 +0.10666747 -0.03946855 +0.08919428 -0.04179255 -0.03576944 -0.01698882 +0.02119930 +0.00295539 -0.05585425 -0.07424949 -0.04716177 +0.05834416 +0.07057946 -0.03935263 -0.07144496 -0.10037879 +0.05033584 +0.02554184 -0.05365601 +0.03750233 -0.03852070 -0.08716851 -0.05977159 +0.03112764 -0.00929882 +0.02493126 -0.03783895 -0.07555673 -0.06743222 -0.03634904 -0.01141177 -0.03183046 +0.07277195 -0.01672042 +0.02861588 +0.05842538 -0.04147425 -0.07700467 +0.01369136 -0.04516194 -0.02722848 +0.02691440 -0.00694811 -0.03581563 +0.07162215 -0.00399755 +0.05638126 +0.08044321 +0.04305739 +0.10536201 -0.02214400 -0.02034513 -0.02125696 +0.02606357 -0.10660356 +0.03746745 +0.01210997 -0.01815888 +0.02033650 +0.00115999 -0.05188620 +0.02115504 -0.04473107 +0.00729537 +0.03081325 -0.05848844 -0.05036021 +0.05571112 +0.05575915 -0.02158258 -0.07629380 -0.02112516 +0.02818051 +0.11361447 -0.03666633 -0.03409591 +0.01218484 -0.07861171 +0.04986312 +0.02994685 -0.03245842 -0.01837046 -0.00948555 -0.05539633 -0.07067449 -0.06931995 +0.04167794 +0.02636421 +0.01315225 +0.03856479 +0.08023006 +0.03234162 -0.06242257 +0.05464679 +0.03950362 -0.07038254 -0.08951174 -0.08369179 +0.04195292 +0.02019720 +0.06968786 +0.05680463 -0.02864302 -0.06690659 -0.03621072 +0.05974759 +0.01854059 -0.04687139 +0.07899185 +0.09315051 +0.06360201 +0.04621391 -0.06121346 +0.03199241 +0.03925263 -0.06219022 +0.03122912 +0.04731169 -0.00675190 +0.00003298 -0.08152092 +0.04055867 +0.07852090 +0.07273302 -0.04797475 -0.03245060 +0.04746099 -0.00268910 +0.05105160 +0.08593588 +0.00153762 +0.02409843 -0.08055714 -0.06295060 +0.06332885 -0.00760048 +0.01226098 +0.01799484 -0.01221368 +0.02370899 +0.04049368 -0.00749654 +0.04884371 -0.05754318 +0.06698593 -0.03978925 -0.05259908 +0.02353794 +0.04466670 +0.09388915 +0.03721776 -0.02056281 +0.08019135 +0.02786767 -0.02072492 +0.00647584 -0.05368047 +0.03570286 -0.00909424 -0.02870752 +0.04735377 -0.03267338 -0.05433781 -0.03503734 -0.07462945 +0.04051809 +0.02927958 -0.07999559 -0.02581698 -0.00372554 +0.01997239 -0.07977529 -0.03841234 +0.01930178 -0.06096160 +0.04260515 -0.01408304 +0.00733282 +0.00718916 +0.04655577 -0.00461168 +0.03275816 -0.00453167 +0.01007463 +0.06290740 -0.09166761
+0.07594981 -0.05598577 +0.03027515 -0.03657487 +0.06452348 +0.06152539 +0.00222361 -0.02853845 -0.11044069 +0.07596391 +0.02764130 -0.02108299 -0.06213566 +0.06536507 +0.05151850 -0.03383911 +0.01022948 -0.08176622 +0.09901494 -0.04025284 +0.00761871 -0.01218396 -0.15811914 -0.02164993 +0.02905853 +0.08048634 +0.05282857 +0.02880671 +0.08958063 +0.04353177 +0.12451340 -0.02287689 +0.02964504 +0.03665450 -0.10507618 -0.01917333 -0.03186905 +0.06634898 -0.02977999 -0.09051345 +0.06975912 +0.13383958 +0.07981227 -0.12648234 -0.09137442 -0.02218951 -0.01254727 +0.05915000 +0.01989216 -0.02461525 -0.04762118 +0.00481863 -0.01074429 -0.03631128 +0.09895620 -0.01529390 +0.05237548 -0.08256707 +0.16486108 +0.06513075 +0.02841546 -0.05499654 +0.00762236 +0.03125684 -0.03106161 -0.06588648 +0.02708671 +0.07975518 -0.01619893 -0.09811257 +0.04398322 -0.16356391 -0.05198307 +0.00799024 +0.03676957 +0.02879437 -0.00926707 -0.07673806 -0.09629413 -0.02991749 -0.00391122 +0.10735114 +0.00519546 -0.01659415 +0.00634644 +0.16254880 -0.03434546 +0.03439558 +0.11332651 -0.05671503 +0.05984827 -0.08039187 -0.10985516 +0.02344060 +0.03423196 +0.04718106 +0.04751682 -0.01838396 -0.08113760 +0.07093076 -0.11258953 -0.00746847 -0.04761238 -0.01787349 +0.04074810 +0.03540736 +0.00725210 +0.01354156 -0.11029408 -0.01886788 +0.02751035 +0.09707522 -0.01291883 +0.07788267 +0.09207609 +0.02336968 +0.00385071 +0.05349021 +0.03369048 -0.01268626 +0.12225804 -0.03365917 -0.04482499 -0.05658698 -0.02382523 -0.04815241 -0.02649672 +0.05292023 -0.05154887 -0.01872767 +0.07453871 -0.10578376 -0.01579695 +0.02381386 -0.02844974 -0.14994088 +0.00394051 -0.06676102 +0.01489963 -0.06876172 +0.06539265 +0.07292905 +0.04562636 -0.02430396 +0.01519775 -0.09925391 +0.02863902 -0.06337105 -0.05363293 +0.01428555 +0.11170720 +0.07771359 +0.06304932 -0.06304462 -0.06531529 -0.10439833 +0.10253152 +0.09164327 +0.09302842 -0.17626181 -0.08671652 -0.05656827 -0.04212507 +0.02418834 -0.07940774 -0.02336775 +0.03376703 +0.06591976 -0.03808815 -0.03988746 +0.07396396 -0.09212182 -0.07813703 -0.05608317 +0.00399694 -0.14967732 +0.05556787 -0.00689920 -0.04916175 +0.01241713 -0.01439987 -0.06353973 +0.06859595 -0.00472466 +0.00635315 -0.00915855 +0.05123259 +0.11714879 -0.08970363 +0.15333593 -0.11954958 -0.06605503 +0.00430532 +0.03377913 +0.06589946 +0.00313344 -0.06206147 +0.03427707 -0.08172055 -0.02293554 -0.04133860 +0.15053086 -0.02509865 -0.05368292 +0.11075045 -0.11928328 +0.04914027 -0.03244852 +0.00836694 +0.04914165 -0.02796945 -0.02426923 +0.06540648 +0.01875916 +0.01227094 -0.00256205 -0.03058413 -0.04452270 +0.02996197 -0.10360947 +0.06673907 -0.07851736 +0.06200951 +0.02575277 +0.08415627 -0.09081223 -0.03822702 +0.00829322 -0.03281329 +0.07974821 +0.07969367 +0.03015365 +0.14200090 -0.15611187 -0.00088025 +0.02445458 -0.00828209 -0.08406686 -0.02006827 -0.09601182 +0.05590653 -0.02117066 +0.09959371 +0.08471841 -0.05795297 +0.01838437 +0.01112144 -0.11995124 -0.10452862 +0.09221764 +0.04070499 -0.05110663 +0.09129779 -0.01586564 -0.00776932 -0.06229921
+0.02067788 -0.01206178 -0.02561610 -0.05002102 -0.02666893 -0.01508334 -0.08161424 -0.07286899 -0.01582799 -0.01625223 +0.01990203 +0.03666053 -0.08199540 -0.03754995 +0.06888638 +0.00443447 +0.05640081 +0.01486925 -0.08188394 +0.02982813 -0.01025809 +0.05670801 +0.03959940 -0.10639803 -0.06367711 +0.00035501 -0.06644453 +0.06628331 -0.12245804 +0.04171105 -0.04143240 -0.05665148 -0.01822610 -0.18365207 +0.03419282 +0.00120959 +0.07150478 -0.07052128 +0.04838896 +0.04226369 -0.00020731 -0.05318679 -0.02595880 +0.06543124 +0.05279554 +0.01207978 -0.01522047 +0.00452917 -0.02254755 +0.10041766 +0.00939640 +0.03801596 +0.00558326 +0.01748381 -0.00487335 -0.00317804 -0.02195137 +0.10138571 +0.07932527 -0.02182197 -0.02940956 +0.12477619 +0.06579537 +0.08354899 -0.08247761 +0.00484784 -0.05544488 +0.08076978 +0.06143168 +0.07638264 -0.00154802 -0.07406159 -0.08409947 -0.02769388 -0.02026979 -0.00789097 +0.04910510 +0.08307993 -0.02374513 +0.04013116 +0.06409028 +0.02928499 -0.06683522 -0.09380467 +0.02057612 -0.02606972 -0.06419899 +0.00813528 +0.00066552 +0.07589183 -0.04620870 +0.03049136 +0.08784730 -0.02057405 -0.04997261 -0.01917653 +0.01028835 +0.04772191 -0.04730297 +0.05851334 -0.02484357 -0.03732857 -0.00639189 -0.00466017 +0.07801881 -0.04329736 -0.10113481 +0.10022262 -0.05406892 +0.07387209 +0.08802635 -0.02685074 -0.04531081 +0.07800274 +0.03797324 +0.05606341 -0.08164524 +0.04857997 -0.06965076 +0.00324565 -0.04542836 -0.10970872 -0.00015003 -0.04166776 +0.10848784 -0.00432328 +0.06374639 -0.04163415 -0.03252245 +0.00716625 +0.08441792 -0.05944881 +0.07731482 +0.01953705 +0.06789603 -0.01627057 +0.01695096 +0.05282737 -0.04820176 +0.05369939 +0.01096881 -0.07940942 -0.04926660 +0.00762898 -0.00377218 -0.04410407 +0.03061913 +0.00169027 -0.04572526 +0.09220473 -0.02602549 +0.01819267 -0.01796066 -0.07195383 +0.08873640 +0.01567785 -0.04681893 +0.05196512 -0.01529132 -0.00424174 +0.01296363 -0.06277154 -0.07196964 +0.03681152 -0.04327134 +0.00779753 +0.01518294 +0.02432340 -0.00035755 -0.04880492 -0.05036047 -0.04959302 -0.06143953 +0.00659705 +0.05749713 -0.03269651 +0.00945070 +0.03238279 -0.01896841 -0.06085313 +0.04121530 +0.02872768 -0.07090503 +0.04460416 -0.02805472 +0.05857733 -0.04129476 -0.02856459 +0.01322796 -0.06261842 +0.03303841 +0.10673988 -0.01360627 +0.05968145 -0.00024163 +0.08969390 +0.03331668 -0.08973490 +0.04394313 -0.03776159 +0.11134054 -0.05046636 +0.12286665 -0.08670321 +0.07698461 -0.00252178 -0.07548253 +0.01096812 -0.03791395 +0.04185753 -0.03203788 +0.07193220 +0.09111354 +0.01399216 -0.04650714 +0.01648040 +0.05348715 -0.05981533 +0.07133263 +0.07004130 +0.06976923 +0.01942054 +0.04512968 +0.08773054 -0.08582698 -0.05139918 +0.08391792 -0.02455181 -0.01655657 -0.05556485 -0.02219017 -0.00441123 +0.04264464 -0.04026869 +0.06723157 +0.00846078 -0.06553750 +0.11942557 +0.01927542 -0.08316590 +0.06866895 -0.02190383 +0.01886546 -0.01885366 +0.07466855 -0.01551247 +0.08056347 +0.00798960 -0.01138556 +0.10693753 +0.03894478 -0.00374668 -0.09185257 -0.00905310 -0.10869558 +0.11930712
+0.05545903 -0.04124687 +0.02449966 +0.03211837 +0.03524178 -0.06898610 -0.05633638 -0.07481664 +0.03959678 -0.03540523 +0.08018687 -0.02977630 -0.02358510 +0.00507870 -0.01255788 -0.06961613 -0.03069676 +0.00304756 -0.01887894 -0.00247529 -0.04770638 +0.03634521 -0.04837909 +0.01388656 +0.12628342 +0.05341642 -0.04005295 -0.12267049 -0.10003328 -0.00482095 -0.04827064 +0.09603518 +0.05945339 +0.12605046 -0.01433392 -0.01453742 -0.06325631 +0.08877707 +0.05223769 -0.09198260 +0.00030452 +0.03923086 +0.03297394 -0.09489337 -0.03517163 +0.01673948 -0.00634648 +0.02209299 -0.03835874 +0.04810141 -0.00129010 -0.08132398 +0.04709519 +0.07355277 +0.06176391 +0.06604327 -0.11235479 -0.09715904 +0.03735201 -0.01586819 -0.00216728 +0.01703083 +0.01680918 -0.05822388 +0.01563723 -0.05433005 -0.02411922 -0.07665595 +0.02420253 +0.05392842 -0.04151252 -0.03426121 +0.08055456 -0.06329591 +0.08762006 -0.10316712 +0.05200492 +0.00173274 +0.04223026 +0.02891976 +0.08192960 -0.00334555 -0.04165313 +0.02474279 +0.02367195 +0.02263508 +0.05178788 +0.04512295 +0.05100202 +0.06170551 -0.03854695 -0.04530687 -0.12061211 -0.01451299 +0.07625998 +0.07062463 +0.03518207 +0.01911060 +0.04096565 -0.02188936 +0.00448130 -0.05986589 +0.01425420 +0.03296653 +0.15245874 -0.06285442 +0.01585976 +0.00080942 +0.04322769 +0.04494094 -0.02125441 +0.10034449 +0.04561171 +0.07368749 -0.03939705 -0.08956937 +0.00474761 +0.04806143 -0.12684660 +0.03685621 +0.06888112 +0.02280524 +0.02582963 -0.08813952 +0.00144153 -0.07161874 +0.10537918 -0.11359167 -0.07478925 +0.02278816 -0.03370997 -0.03237823 +0.07224328 +0.08818096 +0.00893228 -0.05027366 -0.05926541 +0.03567150 -0.00013377 -0.07013598 +0.03576443 -0.02111958 -0.06329831 -0.03215737 +0.00948163 +0.01039417 +0.04530456 +0.00814457 -0.03166709 +0.03780807 +0.10651594 +0.10115925 +0.07415825 +0.03864136 +0.04730260 -0.03410371 +0.03639564 +0.05555682 -0.09692793 -0.06231781 -0.04699472 +0.06907026 -0.04906465 +0.00083079 -0.05475949 -0.04935027 +0.05133839 +0.02188768 -0.05203355 -0.07021268 +0.00813277 -0.01533767 -0.02328644 -0.03900348 -0.06079921 -0.01639426 +0.04995042 -0.03626002 +0.08263682 +0.01106711 +0.03114368 -0.06341270 +0.00913681 -0.02474009 -0.08613031 +0.01386902 -0.05631301 -0.08399198 -0.05211912 -0.04487490 -0.03149157 -0.02268457 -0.03232553 +0.06650741 -0.02870308 +0.03716140 +0.06161727 -0.12376819 -0.01594993 +0.09461338 -0.00647500 +0.01729921 -0.06203551 -0.05492318 +0.01683939 -0.06758168 +0.03417771 -0.05811884 +0.05425091 +0.08725168 +0.05317713 -0.02400897 +0.00327050 +0.04356890 -0.00896044 -0.01672015 -0.00013255 -0.00372103 -0.01180232 +0.03409664 +0.08556919 -0.02718870 -0.02636348 +0.07842276 -0.02643704 -0.09083725 -0.00142701 +0.02044758 -0.01581266 +0.06770270 +0.08372412 -0.02975284 -0.01505941 +0.02287593 +0.07206086 +0.04263875 +0.04457985 -0.01893154 +0.11049280 -0.04060039 +0.00770054 +0.02357545 +0.00674956 +0.04905382 -0.01905618 +0.04745910 +0.06508796 -0.11830813 -0.04283079 +0.02899696 +0.10976461 -0.03820240 -0.07311930 +0.01857528 +0.06196261 -0.06849578
+0.02050788 -0.01677830 -0.05593697 +0.01040218 -0.02366199 +0.05568187 +0.07300784 -0.02501416 -0.00279928 -0.04104296 -0.00210034 +0.06270969 +0.05581366 +0.03202872 +0.04252752 +0.06940833 -0.02974663 +0.00689431 -0.03200430 +0.05877356 +0.00782617 +0.03852781 +0.04982755 +0.00457787 -0.02350792 +0.00211760 -0.03861807 +0.04540308 +0.03288958 -0.03849062 +0.04096439 -0.05322989 +0.04734538 +0.01358007 +0.06833998 +0.00022636 +0.07503221 -0.01980324 -0.04562102 +0.03226421 -0.02607736 -0.13071820 +0.02980459 +0.06328519 +0.05486622 -0.03181268 +0.04129880 -0.01760403 -0.02859194 +0.05028477 -0.01198433 +0.05057904 -0.06648412 -0.03162254 -0.03210363 -0.01950972 -0.02026898 -0.04672692 -0.04252770 +0.03723980 +0.04569734 -0.05630657 +0.01996651 -0.02309931 -0.04148873 -0.05026053 +0.02572762 -0.02681049 -0.01477797 +0.07099500 +0.03278794 +0.03080237 -0.00166009 -0.03794390 +0.02713345 +0.02144572 +0.02458723 +0.10024584 +0.00078353 -0.03392713 +0.03948177 +0.05393723 +0.11827616 +0.03436168 +0.01098116 +0.03721105 -0.04532739 -0.04811679 +0.02017852 +0.02294098 +0.00897832 -0.00438009 +0.11094914 -0.02931530 +0.00283154 -0.02980216 -0.01174389 +0.04095478 +0.09785256 +0.02124259 -0.00777195 -0.01328804 -0.03002862 +0.04271151 -0.06040466 -0.04543652 -0.08372598 +0.06549215 +0.07595918 +0.00420650 -0.04797992 -0.00509770 +0.00429090 -0.07150339 -0.01133015 +0.07057477 +0.06252607 +0.07462342 -0.00995442 +0.07649939 +0.05777153 +0.02199596 -0.00894761 +0.09475933 +0.03665953 -0.05508120 -0.02194987 +0.01165160 +0.06892809 +0.00907350 +0.01646089 +0.01494624 -0.00059765 -0.06280223 +0.01928520 +0.00308048 -0.01450150 -0.08118468 -0.01352620 +0.03715756 +0.01020247 +0.00875686 +0.04040836 +0.09531949 +0.03655399 -0.01131159 +0.04845757 +0.03343198 +0.06673786 -0.00489620 -0.06263031 -0.00411035 +0.02160007 +0.02705473 -0.02236400 -0.02220132 -0.03260748 +0.04347822 +0.04585923 -0.00910294 +0.07245266 -0.01014222 +0.04326237 -0.01855909 -0.01746927 +0.00976992 -0.05956897 +0.03114082 -0.04918143 -0.00075289 +0.03844973 +0.01610703 +0.09346474 +0.07010549 -0.01444802 +0.09394696 +0.00453431 +0.02943061 +0.05643553 -0.00367908 +0.01737491 -0.04161743 +0.06413513 +0.01771593 +0.06173484 -0.05850400 +0.02716886 -0.04980157 +0.04475374 +0.01604070 +0.04039205 +0.03279911 +0.02440777 +0.04264932 +0.05368470 -0.06608905 +0.01087905 +0.04467111 +0.01419208 +0.02041736 -0.04930014 +0.03616307 +0.04433770 +0.04144372 +0.02390102 +0.03269600 +0.02573748 +0.07633950 -0.03917939 +0.00503733 +0.01861738 +0.07128197 -0.06153551 -0.03301874 +0.03760749 +0.02185177 +0.04496793 +0.06242948 +0.00180713 +0.03229521 -0.06210235 +0.05083330 +0.05825027 -0.01300263 -0.00555235 +0.09487285 -0.01185458 -0.01493643 +0.03107834 +0.01385908 -0.06438440 -0.00569309 -0.04191983 +0.08038521 -0.08039311 -0.02017587 -0.06421717 +0.11974259 -0.10949526 -0.03189041 -0.00315973 -0.07049014 -0.01586341 -0.00744914 +0.01501942 -0.06217655 -0.04376636 -0.07131351 +0.05666110 +0.00805968 -0.03792622 -0.02052097 +0.08783577 -0.05488590 -0.02201356 +0.04064337
-0.00119674 +0.00159390 +0.08134622 -0.01320895 +0.03692982 +0.03714696 -0.03285066 +0.05590134 +0.01342648 +0.01012480 +0.05542713 +0.01086732 +0.05529135 -0.05606231 +0.00344362 -0.05309065 -0.06140450 -0.02304239 +0.10793764 +0.12775920 +0.04508236 +0.07733295 +0.06078463 -0.04523760 -0.06744720 +0.01375099 -0.04714189 -0.04879136 -0.04719959 -0.06237011 +0.07035641 +0.07645614 -0.11711640 -0.07275452 +0.02443681 +0.09815034 -0.07515761 +0.03555353 -0.01732248 -0.00984857 +0.07852236 +0.04710331 +0.07769939 +0.02246795 -0.05709622 +0.03550705 +0.02760059 +0.00354062 -0.03077792 +0.08404248 +0.04272107 -0.06575103 -0.00838497 +0.01394912 +0.02458164 +0.09129149 +0.05481169 +0.06998558 -0.00789300 +0.07304031 -0.01463604 +0.05399455 +0.09013796 +0.00825957 +0.05116534 +0.02115733 +0.03049131 -0.06536695 +0.03136421 -0.08785336 +0.05312219 -0.00494247 +0.05610922 -0.01508727 -0.04104202 -0.04876619 -0.01672850 -0.15997773 -0.05656436 -0.02718169 -0.03560816 +0.01857053 -0.05595652 +0.02859386 +0.01607081 -0.01158914 -0.06300987 -0.00675892 +0.06419034 -0.03553099 +0.04859310 +0.07602419 -0.01994219 +0.01708710 +0.04358381 -0.01401951 -0.04907467 -0.01061718 +0.01207570 +0.00514882 -0.01600020 +0.00279469 -0.00947746 +0.00400899 -0.03023504 -0.00401945 -0.01144445 +0.09850153 -0.03237814 +0.03112351 +0.05544214 +0.03955816 +0.08076213 +0.07288249 -0.01977525 +0.05932121 -0.01296107 -0.03231727 +0.05981499 -0.07025936 +0.06319048 -0.01645546 -0.04767669 -0.02840233 -0.05463058 -0.01485097 +0.04305679 -0.02021229 +0.01347433 +0.05701661 +0.06388281 -0.02600490 +0.03359908 -0.06178914 +0.15025036 +0.01300374 -0.00829595 -0.02306326 -0.07195150 -0.05843363 +0.04492931 +0.00977698 -0.03028913 +0.00472305 -0.01158977 -0.01872961 -0.04828115 +0.02111654 -0.06669139 -0.02624493 +0.01250379 -0.02992243 +0.02820542 -0.08901808 -0.01143466 -0.02425440 -0.01073776 +0.03204518 +0.01340471 +0.05615404 -0.05298174 -0.01612544 +0.05488847 +0.01810915 -0.02272007 -0.05259233 +0.02102898 +0.07068328 +0.02298985 +0.02855226 -0.03980120 -0.07368392 -0.02563929 -0.01025320 -0.01436200 -0.08882695 +0.01819027 +0.03692804 -0.07106849 +0.00512371 +0.03677396 +0.06609583 +0.01550783 -0.04789761 +0.06581098 -0.09677005 +0.00461177 +0.09545679 +0.03739800 +0.03931747 -0.06486572 +0.07202997 +0.09967306 +0.02811920 +0.03084682 -0.07216588 +0.05358481 +0.02002628 -0.01574742 -0.03315849 +0.01522006 -0.02139014 +0.04754316 -0.08083290 +0.06600676 +0.02185151 -0.01566139 -0.07358193 +0.06671437 +0.01814599 -0.05478630 +0.01698429 -0.01628767 -0.08808681 -0.01838168 -0.04164768 -0.03774948 -0.06094906 -0.06097237 -0.04854041 -0.00649184 -0.12007447 +0.00026925 +0.09980872 +0.00453159 -0.04064140 +0.01709450 -0.04600193 -0.05416041 +0.03310907 +0.05660369 +0.01474279 -0.00661157 +0.01020947 +0.02797422 +0.00855097 -0.02115433 -0.00428522 -0.04018630 -0.00118374 +0.10165095 -0.01823939 -0.02325698 +0.01135900 +0.06443742 +0.08200958 +0.09348984 -0.03347407 -0.03881690 -0.02080744 +0.00621702 +0.01200982 +0.02467712 +0.03186243 +0.03434096 +0.09388050
-0.01893175 -0.01939242 +0.04056135 -0.07667531 +0.00676628 +0.01011054 -0.03112168 +0.04542648 +0.05298484 +0.05631939 -0.00449320 -0.01604354 -0.02714387 -0.04872745 -0.06297945 -0.04773616 +0.03625829 +0.04931670 +0.08844384 +0.01529776 +0.04832365 +0.01750363 +0.05601393 +0.06323101 -0.00754443 +0.01935429 -0.02459559 +0.03309234 +0.03724311 -0.00967133 -0.00471347 +0.03873222 -0.07303162 -0.09780673 -0.00377364 +0.14188065 -0.01090602 -0.01381929 +0.02132029 +0.08407274 -0.04427299 +0.11806691 -0.00425776 +0.06192205 +0.06882585 +0.01024541 +0.05730929 -0.00740215 -0.00692663 +0.03864032 -0.02730542 +0.01704184 -0.08812815 +0.05455619 -0.06406863 -0.01169040 +0.07128834 -0.02242588 +0.02855513 +0.09435336 +0.04762307 +0.05263253 +0.04895847 -0.03638480 -0.00905050 +0.04159918 -0.02453369 -0.03346491 -0.01695420 +0.02077963 +0.06340922 -0.07897101 -0.05989954 -0.00674833 -0.09140594 -0.00630926 -0.09782428 -0.10861699 -0.02241226 +0.05661889 -0.09244487 +0.03061216 -0.02071420 +0.00443453 +0.00199212 +0.03370751 -0.03832633 +0.00413910 -0.01177291 -0.02117895 +0.04559051 +0.06815785 +0.11491673 +0.05760913 -0.07456639 -0.00996236 +0.09804593 +0.09231160 -0.04534010 -0.03516348 -0.08645249 -0.00331578 +0.01543365 -0.04732658 +0.03975475 +0.07512250 -0.04597165 +0.02989112 -0.02068740 +0.03493962 -0.01356823 -0.04099465 +0.07974185 +0.01674350 +0.04062065 +0.03197347 -0.01620954 -0.04841521 -0.00029286 +0.02088813 +0.03622719 -0.02822527 -0.03871039 -0.05963840 +0.00389001 +0.10376624 -0.05075988 +0.08248407 -0.07109542 -0.05535585 +0.11114750 -0.01103076 -0.00098201 -0.08786018 +0.11587876 -0.03440965 -0.00856921 -0.01669677 +0.01550162 +0.09088129 -0.01632562 -0.00813815 -0.11072851 -0.02752241 -0.06405028 +0.00509458 +0.05832338 +0.02278718 -0.01816374 -0.07101604 -0.01577665 +0.00439855 -0.00840339 +0.01025012 -0.00093422 -0.01478231 +0.06189676 +0.05295893 +0.02390593 +0.06127117 -0.03497082 +0.04379816 -0.10387002 +0.05241048 -0.02548311 +0.05176837 -0.00521576 +0.10282684 -0.01341804 +0.01932005 -0.01544362 -0.00785993 +0.00730338 +0.04654383 -0.03465902 -0.09502011 -0.05491686 -0.05141187 -0.05812331 +0.05237984 -0.00352170 -0.06360238 +0.03625202 -0.00951394 +0.03874973 -0.17881171 +0.06198142 +0.03300361 +0.00895378 -0.00368325 -0.05546739 +0.03859443 +0.05492812 -0.02220073 +0.08568671 -0.06304008 +0.04763773 -0.06419417 -0.04231721 +0.03408113 +0.12396189 +0.02780910 +0.02523043 -0.05205773 -0.04992372 -0.05675735 -0.06662622 -0.02112171 +0.04990829 -0.05276784 -0.02203045 +0.03603171 +0.06889652 +0.02116892 +0.01318197 -0.03557244 +0.08372025 -0.03803754 -0.07778689 -0.03316084 -0.02528688 -0.03550812 -0.04113300 -0.01722080 +0.08508777 -0.10409153 -0.10315444 -0.03842473 +0.00650327 +0.08378028 +0.04908688 +0.00746589 +0.06150446 -0.03587901 +0.02407615 +0.03494570 -0.07138878 -0.01143858 -0.01279715 +0.02818299 +0.01981217 -0.09130269 +0.03824011 -0.02261073 -0.01161007 +0.05329472 -0.01824934 +0.08261725 +0.04826936 -0.00610976 -0.09873548 +0.02151754 -0.05357306 +0.06749532 +0.00022711 -0.00453948
+0.07294385 -0.06407005 +0.01215717 -0.04387945 +0.07717124 -0.02656273 +0.02097623 -0.02661591 -0.00341601 +0.00873075 -0.01253500 +0.10018821 +0.01323072 -0.05915791 -0.02622461 -0.08448927 -0.00074220 -0.02743204 -0.05146874 -0.02448280 -0.06113451 +0.01386337 +0.07810391 -0.09329730 -0.01320407 -0.05768214 -0.06410719 +0.04150272 -0.04355051 +0.06742874 -0.07613346 -0.01419715 -0.01902640 -0.01008737 -0.03845804 -0.04027953 +0.06843942 -0.02781433 +0.06978621 -0.00444115 -0.00906970 +0.03414400 -0.02639486 +0.09149312 +0.06367916 -0.04998513 -0.01817814 -0.06581102 +0.06379376 +0.05687153 +0.04062627 +0.08226518 +0.01061394 +0.06969801 +0.00487475 +0.04999851 -0.07042319 -0.00229011 -0.02644113 -0.02972713 +0.05633677 +0.03235129 +0.03434119 -0.02453901 +0.00575247 +0.05041181 -0.08029327 -0.00881507 +0.03692120 -0.01569359 +0.03507993 +0.01655911 -0.04341042 +0.03949893 -0.01990673 -0.06720550 -0.00390697 +0.10787057 +0.06832469 +0.03038189 -0.00790642 -0.01166257 +0.02789585 -0.03044526 -0.00570692 -0.09172797 +0.03228016 +0.05577381 -0.05536100 +0.00895369 -0.00830967 +0.03038745 -0.01360380 +0.06299800 +0.01663885 -0.07662176 +0.03476439 -0.03731709 +0.04108466 +0.07795814 +0.00369955 -0.01149511 +0.00637035 +0.06128243 -0.06350064 +0.03538716 +0.01383458 +0.14637817 -0.01304572 +0.02167824 +0.06795664 +0.02501797 +0.02961429 +0.05057227 -0.01087416 +0.02762832 +0.07532222 -0.00189160 +0.03822099 +0.03745820 -0.04007400 +0.00091272 -0.02986862 -0.02494730 +0.02512029 -0.03915983 +0.03985023 +0.01239196 +0.00290433 -0.07065289 +0.06264503 +0.11070039 -0.01949959 -0.05619520 -0.00039995 +0.08911356 -0.06052890 -0.02788404 -0.00555808 -0.08076791 +0.03523230 +0.04820117 +0.02534737 -0.08449270 -0.02911183 -0.01419480 -0.07109138 -0.01072106 +0.02685719 -0.05025994 -0.01712775 -0.01904024 -0.01689241 -0.01518457 -0.01037413 +0.00483559 -0.07450565 +0.01456442 +0.00840644 -0.01780722 -0.03049210 -0.03784987 -0.05168914 +0.00030258 +0.01499136 +0.04466965 +0.07496075 +0.02452714 -0.01315107 -0.06162785 -0.03846240 -0.01761401 +0.01725515 +0.06062741 +0.02842852 +0.02007205 +0.04823187 -0.02840087 -0.04365513 +0.03829391 -0.06361482 -0.02531458 +0.00433482 +0.05221188 +0.05646848 +0.06756297 +0.03659825 -0.08328336 -0.01791209 -0.08289889 +0.01293788 +0.09251576 -0.06203443 -0.06331609 +0.06612146 -0.01778597 -0.00936578 -0.07356250 +0.10118901 -0.00010729 +0.09911956 -0.07660932 +0.10027441 -0.00665636 -0.01439959 -0.00261594 -0.01918172 -0.01206291 -0.02463509 +0.00563788 +0.02224251 -0.01895918 +0.07108276 +0.08209508 +0.04302979 +0.06463416 +0.09559496 -0.05167933 +0.01777472 -0.02719463 -0.03929984 -0.02415193 -0.03229447 +0.05580715 -0.04021944 -0.05532043 +0.00171086 -0.04955939 -0.01861284 -0.03801924 +0.03706053 -0.05032346 -0.03572167 +0.07125957 -0.05087061 +0.01413745 -0.00877043 +0.09038234 +0.01369693 +0.01351826 +0.05982562 +0.03832445 +0.03730549 -0.03382902 +0.01735829 -0.04346780 +0.02834661 +0.00345222 -0.05423087 -0.00685828 +0.02253919 -0.02924884 -0.04422830 +0.05521679 -0.04536888 +0.07373149
-0.03555634 +0.04616233 -0.01431104 +0.03751218 +0.02195895 +0.01582022 +0.01458558 +0.00041044 -0.06975409 -0.05769055 +0.02872850 -0.05830603 +0.07673129 -0.00190627 +0.05114582 +0.01431552 -0.03465757 -0.02243277 +0.04582626 +0.01555766 -0.03304435 -0.00827001 -0.03204330 -0.09354879 +0.05904080 +0.00608691 -0.04167707 -0.01031661 -0.05192939 +0.02269727 -0.03497810 +0.04060846 -0.05299378 -0.03458408 +0.00464435 -0.04384540 -0.00021942 -0.03857912 +0.00122053 +0.02822266 -0.05303231 +0.06851215 +0.04668913 +0.02741975 +0.00564867 +0.03841725 -0.02730522 +0.01181096 -0.01846818 +0.01785669 +0.00729155 +0.02345781 +0.02075407 -0.03655482 +0.04738014 +0.03725901 -0.06374156 +0.08992152 +0.07938512 -0.03023877 +0.00849534 -0.09989230 +0.01998185 +0.00827981 +0.01475942 +0.01896883 -0.02882704 -0.05504970 +0.07414131 -0.01869523 -0.01293298 +0.01174966 -0.05465895 +0.05972692 +0.02356174 +0.04599241 +0.04095604 -0.00629384 -0.00051980 +0.07925493 +0.05833317 +0.00497262 +0.03922011 +0.06386489 -0.00671600 -0.01263713 -0.03743469 +0.01351746 +0.05832779 -0.01278113 -0.03047913 -0.04318224 -0.01763178 +0.05873350 +0.06747510 -0.04302270 +0.00164361 -0.07657237 -0.05482437 -0.00287356 +0.03761153 +0.03085702 +0.02784222 -0.05417296 -0.00365267 +0.02732878 +0.03938555 -0.05559171 -0.01084653 +0.05212086 -0.00952509 +0.02380460 -0.07086166 +0.00616231 +0.00981954 +0.00723444 -0.07152846 +0.04212350 -0.05830433 -0.01663944 +0.01162192 -0.02273154 +0.04190360 -0.03526487 -0.04967941 -0.01214300 +0.06299057 +0.01030455 -0.06023550 -0.03893996 -0.03134940 +0.02135972 -0.02227654 +0.02057785 +0.03412810 +0.05827674 -0.07353364 +0.01632671 -0.02150934 -0.01599135 +0.02816400 +0.01578180 -0.01296664 +0.01185811 -0.03479120 +0.07438607 -0.04246992 -0.01428371 -0.02237647 +0.05198524 +0.06642041 +0.07668433 -0.00624628 -0.02922994 -0.02931394 -0.01466387 -0.00019430 -0.01882234 -0.02050428 -0.05261436 +0.02184515 -0.02231832 -0.07600097 -0.04608883 -0.05566696 +0.00079205 +0.00791404 +0.03153187 +0.01422106 -0.03307776 -0.02740239 +0.05279701 -0.04680496 +0.05955078 +0.06536298 -0.08419738 +0.07267230 +0.06969657 +0.07680640 +0.07414877 -0.03054841 +0.03406294 +0.02894193 -0.05180525 +0.08393617 +0.02137026 -0.02884612 -0.02042309 +0.00597340 -0.04571258 -0.04205035 +0.01260384 +0.00019497 +0.02040426 +0.04310831 +0.01646982 +0.02388574 +0.02649927 -0.01672079 -0.02192591 +0.06572600 +0.03168071 +0.03984400 +0.01043534 +0.00658772 -0.05735672 -0.08260996 -0.07133023 -0.03869748 +0.06546061 +0.00130328 +0.02089055 -0.03106464 -0.00796273 +0.02348517 -0.01099873 -0.05706768 -0.06485280 +0.06597508 -0.00817407 -0.00394185 -0.01922245 -0.02180514 -0.01232395 +0.01292983 +0.01376986 -0.04307030 +0.01506011 -0.05364415 +0.03362150 +0.02229332 +0.02926513 -0.01039242 -0.03309938 +0.05852154 -0.06154457 +0.03874478 -0.02087696 +0.11182860 +0.03538110 +0.06653130 -0.00594331 +0.01661547 +0.01768920 -0.05024010 -0.02859921 -0.00223087 -0.03478285 -0.00719787 +0.07887902 +0.04282233 +0.07798439 -0.05895716 +0.00472966 -0.03151530 -0.01104376
-0.02547152 -0.00174251 -0.05796959 -0.04809655 -0.04005716 -0.03789351 +0.12492011 +0.02375686 +0.00535502 -0.03465020 +0.02087016 +0.09682994 -0.05929368 -0.01053525 +0.05789942 -0.11504722 +0.01230149 +0.05975502 +0.00442484 -0.03317462 -0.03920604 -0.17568465 +0.00835330 +0.16502298 +0.04714582 +0.03901515 +0.00778009 +0.09092448 +0.01931964 +0.08619271 -0.02103469 -0.11449756 -0.01106822 -0.10242870 -0.00970372 -0.05220723 +0.01891952 -0.00620557 -0.03157600 -0.05287219 -0.01956590 +0.10084125 +0.05506184 +0.11627459 -0.03592389 +0.11730629 +0.03695609 +0.06630526 +0.01788710 +0.05894359 -0.00387893 -0.01113905 +0.06913653 +0.02572473 -0.02563800 -0.05887816 -0.08592819 -0.01830208 +0.02869218 +0.05017414 +0.01249381 +0.06577915 +0.07768796 +0.08404800 -0.02099349 -0.02096096 +0.01481042 -0.03814096 -0.01455284 +0.05329345 +0.00027949 +0.03045252 -0.04903737 -0.03797964 -0.01006513 +0.02451952 +0.01364573 +0.05227085 -0.11905252 +0.04309825 +0.03615812 -0.02744686 -0.10665646 +0.04625284 -0.07209047 -0.00994077 +0.02343490 +0.03939216 -0.04671789 +0.06728481 +0.03609087 +0.00621709 -0.01053867 -0.08121097 +0.00546234 -0.05587375 -0.00687443 +0.07381424 -0.01061604 +0.07150278 +0.08398712 +0.13669877 -0.08987671 +0.06646409 +0.09800918 +0.13414726 +0.05711295 +0.05622073 +0.02986382 +0.07152951 -0.00212132 -0.04487413 +0.01480040 -0.02756495 +0.03205371 +0.06937795 -0.02510265 -0.06171997 +0.02394739 +0.09532687 -0.06230539 +0.00266752 -0.05997692 -0.05616675 +0.00492802 -0.01335633 -0.04843247 +0.12284915 -0.04101581 -0.14064959 -0.02584423 -0.02306865 -0.16593194 -0.00943229 +0.05212702 +0.01216852 -0.05599351 +0.09266334 +0.00100980 -0.02302435 -0.03997111 +0.01598196 -0.05242686 -0.06975814 +0.04443776 -0.10337660 +0.03228605 -0.04897329 +0.06400951 -0.12604506 +0.06304204 +0.01197455 +0.00004331 -0.07766777 -0.04418625 +0.01900989 -0.04467802 -0.08973334 -0.10381556 +0.06875878 -0.00651414 -0.08204849 -0.00418845 -0.06017070 +0.03281370 -0.04240702 +0.03239410 +0.01927643 +0.02009260 -0.00644701 +0.07968179 +0.04352787 -0.03002051 -0.04791145 -0.07227883 -0.04181452 -0.00611243 -0.05619035 -0.06628430 +0.05960268 -0.03699605 -0.04562782 -0.08328408 +0.06531863 -0.02713269 +0.07409562 +0.00449133 +0.07203068 -0.04355244 +0.04356592 -0.01997116 -0.00302843 +0.11369058 +0.06116854 +0.07485745 +0.07491072 -0.07763004 +0.01547217 +0.18134844 -0.02380823 -0.04644961 -0.01984480 +0.05260843 -0.03479622 +0.00722393 +0.00182854 +0.06479571 +0.09523050 +0.01636048 +0.12074921 -0.08008348 -0.07327290 -0.01648783 +0.04852993 -0.02253917 +0.03832435 +0.00735097 +0.00462786 +0.01804223 -0.06538144 -0.05112473 +0.12806849 +0.07002215 +0.03853723 +0.00657645 +0.12337779 +0.01248225 +0.03165084 +0.01736560 +0.04266941 -0.07166156 +0.05891204 -0.06425020 -0.10091563 +0.05578744 -0.07985266 -0.07774653 -0.07971279 +0.11419651 -0.09498101 -0.02064770 +0.02742844 +0.00662584 +0.07771686 +0.03521641 -0.08075116 -0.02405039 +0.00270227 +0.01666783 +0.10570759 -0.01522072 -0.01188278 +0.03136631 +0.08309399 -0.08610884 +0.05982897
-0.08668701 +0.07187350 +0.09829365 +0.05503838 +0.07293916 -0.03568193 -0.07275222 -0.02503625 +0.01780824 -0.03547669 -0.02038195 +0.06050605 -0.01806619 +0.02231965 +0.06942531 +0.08510382 -0.05058811 -0.04918848 +0.07913431 -0.01961079 +0.01478214 +0.01364726 +0.01773317 -0.08053476 +0.00431970 +0.05215890 +0.08349603 +0.06138767 -0.02461153 -0.06497292 +0.01150849 +0.17276999 -0.00799846 +0.04548337 -0.08820385 -0.05766889 -0.02200451 -0.03021658 +0.03020089 +0.00356713 +0.00809851 -0.00086331 -0.05471859 -0.05353293 -0.10598596 -0.01561777 +0.03712052 +0.07357124 -0.06912385 +0.04019647 +0.04095187 +0.02777632 -0.02632182 -0.04199368 +0.00075309 +0.08815984 -0.02852503 -0.02329931 +0.11229091 +0.00156654 -0.03558417 -0.08150605 -0.06760450 +0.04123849 -0.00855900 -0.04286924 +0.03161969 -0.04391649 -0.01417162 -0.05420032 +0.13063522 -0.03840601 +0.06629515 -0.03278424 +0.01935246 -0.06214627 +0.00963729 +0.04557490 +0.03843235 +0.02322943 +0.01528386 -0.02045954 +0.10733855 -0.05698302 +0.04366029 +0.02569917 -0.03752946 -0.04315699 +0.00447495 +0.03895874 -0.04185922 -0.08039129 -0.18315654 +0.04917120 -0.02509391 -0.02944554 -0.02760080 -0.04960566 -0.10455804 +0.05727196 +0.02271147 +0.00383772 -0.08009554 +0.02693127 +0.07750886 +0.00034014 +0.01985567 +0.01446201 +0.01102425 +0.03765671 -0.03231434 +0.01831163 -0.05655196 -0.06624440 +0.09109970 -0.09370591 -0.06914128 +0.08565334 -0.01646290 +0.03001460 -0.02082902 -0.00442779 +0.00464659 -0.09065944 -0.10481150 -0.06845705 +0.00252678 -0.06176937 -0.01042664 +0.05240041 +0.02036113 +0.00208766 -0.01095855 +0.03184444 -0.03627094 +0.00586361 +0.02818831 +0.00010465 -0.03511870 -0.01957318 -0.01280030 +0.05755492 -0.04628504 +0.09435418 +0.04919143 +0.06386402 -0.06553499 -0.03235675 -0.05760362 -0.04442019 +0.04862817 +0.04799690 +0.01152297 -0.09124116 +0.02085335 -0.08302280 +0.02767649 +0.04082925 +0.01034962 -0.05439402 +0.01790171 -0.02361995 -0.00662685 +0.05223247 -0.03586468 -0.12908953 -0.08820704 +0.01035590 -0.04579573 +0.02374994 -0.05207089 +0.08675523 -0.09144058 +0.01893906 +0.06945167 -0.02492492 +0.04679154 +0.02878457 +0.04937072 +0.06728179 +0.05566822 +0.05536062 -0.00294617 -0.05042789 +0.06556138 +0.05920245 -0.03696853 +0.02580622 -0.03236107 -0.08062575 +0.01244490 +0.04346265 -0.04584856 +0.15714015 +0.10849430 +0.02187313 -0.02842042 -0.00859972 -0.02622663 +0.07753649 -0.12493853 -0.00326222 -0.01606069 -0.03782986 +0.07143278 -0.09239561 +0.06028883 -0.02414153 +0.02636494 -0.01281233 -0.00189534 +0.00918691 +0.07732441 +0.03331438 -0.02190179 +0.03057401 -0.04159113 +0.05142533 +0.01840182 +0.08180547 +0.03079495 +0.05467585 +0.05254161 +0.08113799 -0.05183200 -0.01280382 -0.04995704 +0.05266118 -0.00822814 +0.01798317 +0.02844232 -0.07479940 +0.08722106 -0.04793573 -0.05772354 +0.06705347 +0.12848760 +0.01496830 +0.12000011 -0.02972050 +0.06892014 +0.03581589 -0.03588888 -0.04043015 -0.05092631 -0.00717024 -0.05660059 -0.07604403 +0.06837703 +0.13339558 -0.03698424 +0.04731452 -0.07993306 -0.05202409 -0.01988238 -0.05811523
-0.02063057 +0.01147085 -0.01862273 +0.06457283 +0.03264197 +0.04299418 -0.05974855 -0.02506747 +0.01724808 -0.06555989 +0.04644525 -0.02780623 +0.05199112 -0.03555110 -0.04894381 -0.01564688 +0.01132739 -0.02966108 -0.02453362 -0.00492581 -0.04182764 -0.03941529 -0.01485242 -0.01179519 +0.04822444 +0.10120098 -0.05110586 -0.05276806 +0.00755167 -0.08278756 -0.09495255 +0.00765230 +0.09080627 +0.06165828 +0.03810882 +0.00790560 -0.02079447 +0.08203708 +0.07620521 -0.12852858 -0.02390988 +0.01180769 +0.00816165 -0.02078522 +0.01729073 +0.10460106 +0.02291349 +0.06446640 +0.02200481 -0.06141269 +0.02227470 -0.06032226 +0.06948725 +0.10395707 +0.07040109 +0.01702175 -0.01813056 -0.03440524 +0.04617272 -0.04708932 +0.02855421 -0.09965789 -0.06099365 -0.02864827 -0.01641153 -0.05568039 +0.06844953 +0.01079245 -0.05188940 +0.03088097 -0.11047070 +0.02349234 -0.00484721 -0.02254428 -0.05022013 +0.03688096 +0.02907232 +0.14821659 +0.04144632 +0.08943594 +0.07828154 +0.06126258 +0.03825331 -0.00843813 -0.00484719 -0.04162041 +0.06301227 +0.09842071 -0.05512864 +0.12463475 -0.04596946 +0.00698087 -0.06623818 +0.11722727 -0.01875372 +0.03597221 +0.06093238 -0.03510241 -0.04314348 -0.03825732 -0.09617249 +0.00205931 -0.03717590 -0.01290110 -0.02339984 -0.01094959 +0.02326223 +0.03072838 +0.00581805 -0.02767933 -0.04459424 +0.01232543 -0.05620582 -0.01997543 -0.06864847 -0.02974077 -0.01202529 +0.01051157 -0.11730465 +0.03378852 +0.04796382 +0.06274891 +0.05300415 -0.03843835 +0.08494791 -0.00300193 +0.08359203 -0.06779211 -0.13980415 -0.01052239 +0.03844438 +0.05704978 +0.04200612 +0.06542399 +0.01312068 +0.05140718 +0.02865440 +0.01805522 -0.03050173 +0.01513728 -0.00907448 -0.06570959 -0.03249290 +0.00207059 -0.00514067 +0.07032224 -0.04755409 -0.05638189 -0.04799150 +0.02896636 +0.04953369 +0.02688057 -0.00185437 +0.12660931 +0.01938838 -0.01279620 +0.03501554 +0.00396976 +0.05383881 -0.06926287 +0.00566711 +0.09739776 -0.01772145 -0.02161663 +0.03067069 -0.04674129 +0.06833070 -0.02149064 -0.05299149 -0.03756022 +0.00085226 -0.06835463 -0.10464144 -0.04128735 +0.03889591 +0.04177274 +0.03297752 +0.01006599 +0.06291907 -0.10006315 -0.08334366 -0.04080331 +0.09025718 +0.02011974 -0.01996459 +0.10267283 -0.08389944 -0.02262948 -0.04158107 -0.05297306 +0.00767618 -0.00067016 -0.13306922 +0.09435181 -0.01766328 +0.08278088 -0.01908723 -0.15830463 +0.04765159 +0.06051666 -0.05492454 +0.03465793 -0.08864968 +0.04849762 -0.02846986 -0.04162095 +0.10396538 -0.04423754 -0.01534107 +0.07560871 +0.08631717 +0.04924098 +0.06276242 +0.09205544 +0.03378295 -0.06159519 +0.04075641 +0.02960707 +0.04003019 +0.17245136 +0.01493380 +0.04727373 +0.05207803 -0.00241631 -0.01397181 +0.02020873 +0.10032886 -0.02781858 -0.03374512 -0.04164181 -0.03320914 -0.05576119 -0.02593861 +0.02994476 +0.08364125 -0.05317036 +0.03423484 -0.01201299 +0.11213939 -0.01403229 +0.07292111 +0.06726567 -0.06532996 -0.07233213 -0.01096334 +0.03486023 -0.01518622 -0.03965842 +0.02940329 +0.09802201 +0.00193896 +0.02212317 -0.06411053 +0.13502467 +0.06019470 +0.00890142
-0.02494267 +0.03897534 +0.01138143 +0.02894320 -0.03744984 +0.06763773 +0.04112655 +0.00639286 +0.07534047 -0.06220235 +0.04576843 +0.03761353 -0.01297303 -0.06150393 +0.03705678 +0.00696450 -0.05290030 +0.05988428 -0.00610725 -0.00537920 +0.03391334 -0.01194930 +0.02510734 -0.00476709 -0.04286223 +0.00064799 +0.00462447 +0.00598063 +0.08515091 -0.07222406 +0.06069568 +0.01881373 +0.01212136 +0.06339376 +0.03315587 -0.07033896 -0.00416032 +0.06829340 +0.02696144 +0.01781032 -0.03425972 -0.10096146 -0.02959286 -0.04057253 -0.01073415 +0.02017990 -0.01446774 +0.00524904 -0.02728357 -0.05895898 +0.03965827 +0.00531863 -0.02930691 +0.00095900 +0.07120164 +0.02913838 +0.00144240 -0.03583698 -0.03480876 +0.00103350 +0.03863730 -0.08096559 -0.01148672 +0.07553914 +0.02458010 +0.03454479 +0.06365293 +0.05424129 -0.03594190 -0.01423202 -0.00555268 +0.04131635 +0.04655245 +0.02260183 -0.00295651 +0.08991431 +0.06170678 +0.08950736 -0.05461919 +0.00987644 -0.00085347 +0.02718559 +0.10555550 +0.06343985 +0.02342578 -0.03076309 +0.05153624 +0.04180089 +0.00789633 +0.02525103 -0.04103883 -0.07702864 -0.02314086 +0.05957009 +0.00209855 -0.02008671 -0.04738939 -0.03265637 -0.04197901 -0.01280560 +0.00016684 -0.04161046 +0.00477583 +0.07084338 -0.00235223 -0.00889390 -0.02545775 -0.04572260 -0.01668061 +0.02462411 +0.02528120 -0.07208145 -0.03448082 -0.00634444 +0.02388826 -0.00607728 +0.09176027 +0.06482954 -0.00851830 -0.01151900 +0.04044928 +0.00921201 -0.04847995 +0.02033818 +0.01062875 +0.00372660 -0.02254939 +0.08536491 +0.00505215 +0.02441071 -0.00586953 -0.01848936 -0.04954010 +0.09616596 -0.08495151 -0.00559144 -0.02964180 -0.04344429 -0.04691118 +0.07549554 +0.00174532 +0.02904566 +0.05532470 +0.04373017 -0.03308560 +0.00467303 +0.02516139 -0.03697559 +0.06968555 -0.06615561 -0.01169386 +0.01495813 +0.04223815 +0.00401605 -0.04075243 -0.05044044 +0.00556440 +0.01785101 +0.03379787 +0.00578216 +0.06808417 +0.06823883 -0.03739113 -0.04643988 +0.07857075 +0.00296384 -0.00719458 -0.08771132 -0.06410861 +0.06624947 +0.01199313 -0.02432392 -0.06509085 -0.02176903 -0.02040899 +0.04712448 +0.02723876 -0.04140192 +0.09132633 +0.00676749 -0.02360526 +0.05706596 +0.04539594 +0.01144890 +0.04705913 -0.02914078 -0.03285685 +0.02687498 +0.04775298 +0.04104277 +0.01997245 +0.04482074 -0.05535281 +0.01529844 -0.02840718 -0.04542800 -0.02913605 +0.03062585 -0.01869105 +0.03974428 +0.02568984 +0.06955647 -0.09626050 -0.03530706 -0.07540441 +0.04705389 +0.00637944 +0.04407554 -0.04232660 -0.03714524 +0.06715234 -0.01982663 +0.06304350 +0.05421844 +0.04954518 -0.01065641 +0.00064627 +0.01404028 +0.00307769 -0.00510914 +0.00031474 +0.04420692 +0.05699299 -0.01252543 +0.03717218 -0.03407909 +0.06201892 -0.04069677 -0.04509755 -0.03710127 +0.06372739 +0.06824038 -0.05590993 +0.05697320 +0.00998461 +0.00292277 -0.01428880 +0.03990173 -0.06091103 -0.03761216 -0.07214959 +0.01897025 -0.06148325 -0.06090699 +0.01980248 +0.06266975 +0.03410072 -0.04732028 -0.00485213 -0.01393061 +0.01600557 +0.03524088 +0.08285359 +0.02793636 -0.00356174 -0.10442808
+0.00526265 +0.10275749 -0.09879192 -0.02043556 -0.02485550 -0.02558226 +0.06284475 +0.03206144 -0.04553310 -0.07292713 +0.09621517 +0.00663807 -0.02098598 +0.05869652 +0.02244068 -0.06645494 +0.02418369 +0.07603876 +0.05123278 -0.04654499 +0.05366699 -0.02798666 -0.05484489 +0.07496975 +0.09840847 +0.06354786 -0.02815614 -0.02457787 +0.06456070 +0.00809850 -0.07833699 +0.06632183 +0.05950646 +0.06049982 -0.00537230 -0.06226099 -0.03085880 +0.05607231 +0.07672709 -0.04870232 -0.07639954 +0.10222059 +0.02121673 -0.03445463 +0.01287398 -0.00854486 -0.04709128 -0.02042901 -0.05960394 -0.01544580 +0.00376604 +0.04823684 -0.04762474 +0.06189800 +0.02637366 +0.09136993 +0.04829614 -0.06382838 +0.08269455 +0.06041138 +0.03016065 -0.06064201 -0.05555458 +0.06142767 +0.06369980 -0.02545261 +0.04067773 +0.01277561 -0.00572466 +0.01645565 -0.08439036 -0.01049611 +0.01994638 +0.03518625 +0.07394085 +0.00859116 -0.00429345 -0.05161782 +0.02993395 +0.03163077 -0.03372226 -0.04136658 +0.06871504 -0.01307340 -0.02245876 +0.01442448 -0.02446407 -0.04353191 +0.03619941 +0.00376777 +0.04253680 +0.02267834 -0.03640866 -0.09723315 -0.00698378 +0.04903473 -0.01225626 -0.07010579 +0.08923065 -0.06532177 -0.00505542 +0.00944287 -0.01571623 -0.02418935 +0.02904373 -0.01189881 +0.04463838 +0.00253703 +0.05295915 +0.08985747 +0.05497118 -0.01360071 +0.04395116 -0.05968048 +0.03220303 +0.00201837 +0.06906411 -0.00138318 +0.01167237 -0.00953355 -0.07168351 +0.03224053 +0.04081809 -0.06461298 +0.01182159 -0.07635275 +0.01001084 -0.03571441 -0.04935122 +0.01372767 +0.01436564 +0.06966449 -0.07171929 +0.00488021 +0.03219875 +0.03954553 +0.05011443 +0.06300527 +0.02567472 -0.09094245 +0.01569267 +0.01405892 +0.08670506 -0.06000172 +0.03162848 -0.01602193 +0.07864542 -0.04586142 -0.01233396 -0.04792282 +0.07124448 +0.07484232 +0.07555734 +0.05641706 -0.03798958 +0.02980606 -0.04805509 +0.01215394 +0.00382714 +0.04018499 -0.01774092 -0.03653737 -0.01212027 -0.00478833 -0.04765429 -0.08367740 -0.03545911 -0.04022753 -0.05182697 -0.06049102 -0.01550123 -0.00858063 -0.00482894 +0.04124079 -0.05263442 +0.00760211 -0.04248675 -0.01948326 +0.07737873 +0.00930371 +0.03350844 +0.00210364 -0.07477338 +0.04268479 +0.02984142 +0.10005749 +0.04774538 +0.04671557 -0.06118580 -0.02480659 +0.00484124 -0.06298830 -0.07901967 +0.00589644 +0.00168240 +0.07033861 -0.03948555 -0.00410896 +0.00829402 +0.07641282 -0.04968736 +0.00899259 -0.08923855 -0.06824104 -0.05217786 +0.05402353 +0.04641942 -0.04191723 +0.03770660 +0.09642056 -0.00457041 -0.04535059 -0.02558992 -0.02713339 -0.00932760 -0.00655390 -0.05684309 -0.02032493 +0.08242202 -0.12841499 +0.02111763 +0.05768926 -0.03439426 -0.01448881 +0.00433254 +0.01927855 -0.04192491 +0.08646002 -0.01056823 +0.01216227 -0.03450148 -0.05402563 +0.06802496 +0.01985441 +0.04381768 -0.06187088 -0.00453475 -0.01840140 +0.04060838 -0.05040534 -0.09851065 -0.00915425 +0.00331486 +0.03573896 -0.05369080 -0.06683671 +0.01937791 -0.03982365 +0.02946901 -0.01534162 +0.00996025 -0.03859230 -0.01772046 -0.07581450 +0.06907441 -0.09958925
+0.00613949 +0.00725896 +0.03011693 -0.03691574 +0.04809435 +0.08386409 -0.02038689 +0.04203103 +0.02136893 -0.04178265 +0.06685791 +0.03338207 +0.04333168 -0.01244710 +0.02264091 -0.02656474 -0.04210651 +0.04321191 -0.01741769 +0.04558701 -0.06198775 -0.07356872 +0.07193226 +0.04629219 -0.05984393 -0.04882054 +0.01074496 +0.00333598 +0.06027672 -0.06539788 +0.00159760 -0.02211206 +0.00151676 +0.07617104 +0.01941886 +0.00957897 -0.04236853 +0.02443222 -0.02965927 -0.05963939 +0.05295733 -0.04580769 -0.02686935 -0.01431311 +0.02510076 -0.07879772 +0.03114667 -0.03611456 -0.00096639 +0.08766009 -0.06491911 +0.00444428 -0.01842833 -0.00633031 +0.02502041 +0.06023583 +0.05162165 +0.08416849 -0.06000697 -0.00628069 -0.09137771 +0.06012634 -0.06490042 +0.00309592 +0.07025751 -0.05701446 -0.00900545 -0.10251599 +0.04577096 +0.04423036 +0.08634333 +0.09726920 +0.05565773 +0.01459022 +0.02142008 +0.07440821 -0.02852276 -0.06091235 +0.01806721 -0.03275931 +0.01579263 +0.02559569 +0.02448354 +0.09109251 -0.00867315 +0.05301273 -0.06290670 -0.03925120 -0.03670138 -0.06315970 -0.07255171 -0.01539290 +0.05226746 -0.01058692 -0.01983697 +0.07451423 +0.02665684 +0.01110620 +0.07610618 +0.01718903 -0.00148219 +0.01410969 +0.04744057 -0.01239507 -0.04254178 +0.04963756 -0.04718399 +0.01598388 +0.03245818 -0.07181688 +0.05531834 -0.03076831 +0.06376593 -0.04530478 +0.03553097 -0.00830241 -0.08552138 +0.00393963 +0.04461449 +0.04731701 +0.04979921 -0.04117732 +0.05859658 +0.01680117 -0.03929347 +0.05644049 +0.00437638 -0.01950038 +0.07767320 -0.05220328 +0.00655851 -0.00806296 -0.07369882 +0.05656109 -0.00933524 -0.00540021 -0.03084869 -0.01126921 -0.08100376 +0.06006689 -0.05786167 +0.01592560 -0.00246396 +0.03904108 -0.07762332 -0.06463211 +0.03903415 -0.06634757 +0.00305747 +0.06722647 -0.03585605 -0.05740623 -0.05304965 +0.03308431 +0.04166277 -0.07849091 +0.05892253 -0.06002834 -0.03687049 +0.00820095 -0.00719958 +0.08661006 +0.09182332 +0.07071802 +0.01365141 -0.02996277 -0.02649176 -0.05760757 +0.02285118 +0.00526474 -0.01668795 -0.03337108 -0.03725536 -0.04535385 +0.07631476 +0.02817472 +0.03525183 -0.02638862 +0.02892127 +0.04305024 +0.02068029 +0.01600058 +0.05363552 +0.08205985 -0.03555942 +0.03382141 +0.04269412 +0.01313771 -0.01705869 +0.08396858 +0.02259924 +0.05723322 -0.01348287 -0.03781815 -0.03503950 -0.01580842 -0.03176194 +0.01104017 +0.09246597 +0.02459339 +0.00254327 +0.03737682 +0.03547065 +0.10844834 -0.03206531 +0.03165974 +0.12152219 -0.02412491 -0.03100006 -0.05036661 +0.05281340 +0.02084345 +0.04300814 -0.01128698 -0.05068777 +0.01863980 +0.03233841 -0.02165080 +0.00312015 -0.00621750 -0.07732790 +0.05653106 +0.04099721 -0.09570608 +0.03320025 +0.01892027 +0.00716147 +0.07762261 -0.01779992 -0.04566847 -0.02384406 -0.01659228 -0.02566439 +0.00987757 -0.01777946 +0.02389272 -0.01596161 -0.10025714 +0.01011714 -0.01559317 +0.12428302 -0.00268393 -0.01136701 -0.02849487 +0.05213392 -0.05643210 -0.01476648 +0.06053169 +0.02514991 -0.07734571 +0.05288356 -0.02950067 +0.03807724 -0.03119355 -0.09745486 +0.04463037
-0.05319953 +0.13236922 -0.05768065 +0.13734379 -0.06069453 -0.07024071 +0.04245964 -0.09788581 -0.01011646 -0.05739615 +0.00700482 +0.02790706 -0.00920568 +0.04178391 -0.00599619 +0.03565163 +0.03182174 -0.08102283 +0.00680947 +0.04405864 +0.04277894 -0.02953401 -0.07444187 -0.06592527 +0.06649130 -0.07272159 -0.05689356 -0.00790740 -0.07385011 +0.07518772 -0.01383975 -0.05396390 +0.08011274 -0.01923294 +0.01415735 -0.06789019 +0.09588477 -0.08406441 -0.01287830 +0.05039918 +0.11196174 +0.04400831 -0.04778517 +0.06347765 +0.06121046 -0.06610565 +0.05144920 +0.00618670 +0.03326422 +0.01621951 -0.04169815 -0.02927768 +0.06934279 -0.00644201 +0.01112602 +0.04628265 -0.09476413 +0.01768509 -0.00038494 +0.02705246 -0.01377135 -0.08823486 -0.04508162 +0.00477520 +0.06178538 +0.01876596 -0.12300099 -0.03946637 -0.03230745 +0.08091471 +0.03413982 -0.01469823 +0.03687874 -0.06068630 +0.05921587 -0.04792251 +0.01590212 +0.08386087 +0.06896768 +0.03970525 +0.01501657 +0.03595860 +0.08340991 +0.00366679 -0.07557552 -0.08846668 -0.09517862 -0.14362496 -0.01690703 +0.04308178 -0.00403648 -0.01145098 +0.05964484 -0.09496935 +0.05750396 +0.03528715 -0.01548455 -0.02905279 -0.04624422 -0.01149292 +0.17596953 -0.06627406 -0.03894715 -0.08312911 -0.04356375 +0.01487688 -0.07310287 +0.07214618 +0.07390133 -0.06738938 +0.03417551 -0.05598331 +0.03312050 -0.06910017 -0.02378455 -0.01310593 -0.01487556 +0.01193227 -0.06781748 +0.06407598 -0.11035350 -0.08004566 +0.00366010 +0.02222271 -0.08597761 +0.02888452 +0.02770758 -0.02530941 -0.06106026 -0.01656059 +0.00141432 +0.03862139 +0.01793958 -0.06822213 +0.01268371 +0.08195827 +0.08327713 -0.01513201 +0.09838117 -0.03001557 +0.02297403 -0.03837847 +0.12437396 +0.00809186 +0.04046923 +0.10336410 +0.04055012 +0.04827349 -0.07725728 -0.03766917 +0.00863975 -0.09326490 -0.05425419 -0.05798553 -0.00956795 +0.03519865 -0.04814148 -0.02715439 -0.09275471 -0.08779815 +0.05769197 +0.04675623 +0.00083288 +0.04713729 -0.06272180 -0.09542046 -0.08069016 -0.06014352 +0.01813826 -0.02791658 -0.07840746 +0.06599701 -0.00458368 +0.02266444 +0.00893720 -0.01289021 -0.01093918 -0.02084294 +0.07880095 -0.00618686 +0.09022097 +0.11662831 -0.04594492 +0.06424189 +0.06577469 +0.05229480 -0.02407484 +0.02761546 +0.06783947 -0.04593479 +0.01346502 +0.05251613 -0.05399926 +0.01730919 +0.08117151 -0.02211074 -0.06446608 +0.02630894 +0.00665782 +0.10599848 -0.06193934 -0.00473165 +0.09237645 -0.01861468 +0.02888513 -0.06089189 +0.01271194 +0.01133667 +0.07677548 -0.00083035 +0.04267860 -0.00616010 +0.03178754 -0.04551518 +0.02923016 -0.04113797 -0.00038365 +0.11496767 -0.02316196 +0.08602234 +0.00650962 +0.07412616 +0.05969504 +0.09327913 -0.10930938 +0.02271742 -0.02331108 +0.00134892 +0.05872773 -0.02817816 +0.04132263 -0.07433998 +0.03200728 +0.10446186 -0.03561700 +0.01832352 +0.06384268 +0.01282788 +0.05409606 +0.04988500 -0.11518165 +0.06568175 +0.00128292 +0.04948810 -0.06428122 -0.00865791 -0.03476594 +0.00221950 +0.05413067 +0.05019869 -0.04890500 -0.05372026 +0.05603991 -0.09558310 -0.03024186 +0.06024961
+0.01520258 -0.04601103 +0.00133228 +0.06818958 +0.04861889 -0.00479667 -0.09273491 -0.00247299 -0.05028535 -0.01085922 -0.02115946 +0.07167843 -0.01281016 -0.07637174 +0.05801180 -0.05053619 +0.07414898 +0.06647085 -0.01848676 +0.01019229 +0.04958994 +0.08871547 -0.02943855 -0.07532108 +0.10756004 +0.01725156 -0.00193240 -0.08622911 +0.05296855 +0.06602850 -0.07988746 -0.00765846 +0.09138624 +0.08445001 +0.01283929 -0.02486729 +0.08306469 -0.03685393 +0.09430583 -0.05915347 +0.07452948 -0.01027473 -0.07957421 -0.04685002 +0.02874872 +0.01174537 -0.01748255 -0.03952693 +0.00203303 +0.04641315 -0.03551084 +0.08975752 +0.07166788 -0.06808367 -0.07091897 +0.10133063 +0.03246180 +0.01748361 -0.06450763 -0.10890565 +0.01562243 +0.02141183 +0.00845808 -0.07127181 +0.03931907 +0.05138768 +0.08306682 +0.03513362 -0.01983282 -0.02533125 -0.01239141 +0.05426223 +0.03106885 -0.03387113 -0.06424504 -0.02838792 -0.02804467 +0.05839236 +0.09821779 +0.00230770 +0.00571922 -0.04979891 +0.07714669 +0.10717067 -0.08813427 -0.07537083 -0.04260287 -0.03854667 -0.01316622 +0.04220823 -0.00214155 -0.02628705 -0.01442364 +0.06160374 -0.02175960 -0.08213454 +0.03380408 -0.07553325 +0.06119122 -0.00652464 -0.02829998 -0.01935857 -0.00783255 +0.01210640 -0.00313951 -0.05779171 -0.04760270 +0.11396278 +0.06035462 +0.00519737 -0.09567364 -0.02535762 +0.00020487 +0.02871833 +0.05723771 -0.06426240 +0.07675891 +0.06332316 +0.04966391 -0.01364358 -0.01272781 -0.02129658 +0.00765684 -0.04028820 -0.07747420 +0.01633240 +0.00046353 -0.02577976 +0.07413789 +0.03477043 +0.02223800 +0.06564236 -0.08413283 -0.03590043 -0.09271446 +0.16083054 +0.04181594 +0.00266860 -0.01972944 +0.05245750 +0.03441620 +0.01720053 -0.03988595 -0.01702923 -0.06689725 +0.20825596 -0.08494259 +0.02192453 -0.04821486 +0.01032167 +0.07307594 -0.09076235 -0.11320968 +0.00566958 +0.09093674 -0.05709425 -0.13596313 -0.00267919 -0.04585541 -0.04949973 -0.04329119 +0.05073655 +0.01234988 +0.04117960 +0.05388151 -0.04825084 +0.02559471 +0.05933132 -0.05358054 -0.01118195 -0.06443036 -0.00678373 +0.07627581 +0.06915636 +0.11791019 -0.06986660 -0.03282026 +0.03046185 -0.03325094 -0.01540888 -0.04353179 +0.07764408 -0.08297678 +0.02614261 -0.04761661 +0.00734873 -0.02132093 -0.01704449 -0.04012714 -0.09663497 +0.14749071 +0.04347622 -0.00967727 -0.02007301 +0.04225236 -0.03740302 +0.01784549 +0.04220625 +0.00116283 +0.06820887 -0.09396810 -0.06367606 +0.05768333 -0.02104453 +0.00168684 -0.03522425 -0.13462587 +0.05157585 -0.01452710 -0.01246325 +0.02212509 +0.05161517 -0.00410003 -0.06641886 +0.01326429 -0.10827149 +0.06242516 -0.03988464 +0.07979537 +0.02468953 -0.00686907 -0.01535691 +0.05836379 -0.05062195 -0.09262360 +0.04221664 +0.00227924 -0.06122211 +0.00723030 +0.06623755 -0.07019594 -0.02311232 -0.02036572 +0.03736712 -0.04777204 -0.01960999 +0.02627815 +0.18685573 +0.08320124 +0.08786216 -0.09017747 +0.09882681 -0.05205949 +0.04195730 +0.07177157 +0.03518903 -0.04519846 -0.00115879 +0.06059965 +0.06669074 -0.03080560 -0.01574416 -0.00754617 -0.01170263 -0.00194309 +0.05262473
-0.10438946 +0.10062045 +0.00525246 +0.02355223 -0.07130703 +0.04742481 +0.01110020 -0.05873296 +0.02240841 -0.02935401 +0.05281407 +0.04988330 +0.07300338 +0.02365120 +0.01966250 +0.02819739 -0.04360396 -0.07817344 +0.10476560 +0.02819812 -0.03543499 -0.07267877 +0.06225670 +0.09758041 -0.00341146 +0.05963886 +0.06628665 +0.07250381 +0.02198238 -0.13956761 -0.00167666 +0.08509615 -0.07433007 +0.14888611 +0.01687049 -0.06296669 -0.09153411 -0.09178772 +0.04606757 -0.00909107 +0.00811429 +0.06422767 -0.06180444 +0.03894140 -0.06622571 -0.04865029 +0.02914677 -0.02382543 +0.02167092 +0.06011202 +0.03589022 -0.08439285 +0.02698425 +0.00281275 -0.00565924 +0.04758490 -0.10821144 +0.09007020 -0.06095949 +0.04474615 -0.03652694 +0.00188728 +0.03043942 +0.08646198 +0.10015745 +0.00395083 +0.06269106 -0.09063361 -0.04440904 +0.04407120 +0.14731172 +0.03924355 +0.10408475 -0.06612504 -0.00265150 -0.05649438 -0.03760771 +0.14816011 +0.00189601 +0.00120289 -0.00782445 +0.00215844 +0.10065189 +0.01829499 -0.06236682 -0.07589800 -0.11510265 -0.07266519 +0.02650143 +0.08133841 +0.03404728 -0.06001818 -0.05177216 -0.08539932 -0.03178513 -0.01434319 -0.03397087 +0.04498492 -0.09721071 +0.02070257 +0.06981135 -0.04024931 +0.05505534 -0.03804825 +0.03907215 -0.02722502 +0.02031626 +0.07945886 +0.07174333 -0.08271508 +0.03652551 +0.00240534 -0.06359623 -0.00410398 +0.08055042 -0.01462779 -0.00506253 +0.08645820 +0.00304186 +0.06461134 +0.01485918 +0.05851395 -0.00842721 -0.01370728 -0.06715669 +0.09789964 +0.02288664 -0.02042812 -0.09155744 +0.01584659 +0.04933252 +0.03769468 +0.02883568 -0.04856026 +0.04733716 +0.02165638 -0.00177562 +0.10551276 +0.03426227 +0.02069514 -0.07378356 -0.01427899 -0.10141259 +0.03186086 +0.04264695 +0.06165296 -0.03676993 -0.11585742 -0.03292315 -0.07848258 +0.09547967 -0.04600055 -0.00200391 +0.05400722 -0.07086302 -0.00213851 +0.01659528 -0.06377275 -0.00736738 +0.04102509 -0.02218369 +0.03574352 -0.08673467 +0.00082618 -0.00464738 -0.03564455 -0.02836688 -0.15543240 +0.03919256 -0.04150158 -0.01598519 -0.03682253 +0.05165604 +0.01227363 +0.00885096 +0.11696670 -0.00833179 +0.00565784 +0.12582389 +0.10343721 +0.05921603 +0.05825016 -0.05020357 +0.05992650 +0.01333498 +0.00054389 -0.02789014 -0.00745904 +0.05137473 +0.04317450 +0.01649314 +0.10099923 +0.02495045 +0.07499272 +0.01889622 -0.01378028 +0.02432668 -0.10937226 -0.04395497 +0.05851419 -0.04789452 +0.02764155 -0.06461947 -0.08819482 +0.00480862 -0.02552259 +0.07633384 +0.03805251 -0.04195884 +0.04830001 +0.10915302 +0.01429469 -0.00322702 -0.07542495 -0.00152499 -0.01669923 +0.00235632 +0.08963847 +0.02657582 +0.05179461 -0.04810894 +0.06924630 -0.00277429 +0.00716890 -0.00479590 +0.09054092 -0.07062665 -0.01921500 +0.02471569 +0.03925511 +0.09646431 -0.06057696 -0.03602355 +0.07154773 -0.11602727 +0.04557168 +0.08966865 -0.09658238 +0.06067036 -0.05454052 +0.03978867 -0.08585928 -0.10432060 +0.07539152 +0.02853210 -0.01837839 +0.00950549 -0.02225674 +0.11325762 -0.01491918 -0.11680741 +0.05145587 -0.07952395 +0.04045234 +0.00368642 -0.02041878
-0.05421399 +0.03971643 -0.01136834 +0.03874694 +0.03207545 -0.00388037 -0.08683059 -0.08805675 +0.00199145 -0.02985828 -0.02829841 +0.00278179 +0.04292933 -0.00553125 +0.02059868 -0.02033798 -0.02557165 -0.00022332 -0.04009341 -0.00150759 -0.01423730 +0.07522880 +0.03364583 -0.11009578 +0.06900096 +0.04074416 +0.02817724 -0.05195018 +0.04195352 +0.05715679 +0.01933947 -0.09105586 -0.02645065 -0.05020661 +0.10625757 -0.05215999 +0.12458741 +0.01281729 -0.00483331 +0.10187878 +0.02212347 -0.10034688 +0.06770769 +0.04649300 +0.04676288 +0.01906955 +0.00748666 -0.02101558 -0.00570143 -0.03836374 +0.05454224 +0.07234612 -0.00485958 -0.01270406 -0.02374604 -0.06510638 +0.00465664 +0.03634158 +0.08890941 -0.00613017 +0.02617655 -0.04047411 +0.03659927 +0.03599501 -0.09359521 -0.03297233 -0.03354907 -0.03755241 -0.02636552 +0.00465769 -0.00228345 -0.04014850 -0.00748474 -0.01805815 +0.02121541 -0.12506662 -0.09784587 +0.02583232 +0.12645181 -0.02232722 +0.03680181 -0.04764026 +0.09558553 +0.04691637 -0.06806562 -0.00921561 -0.01571843 -0.01498115 -0.06070494 +0.09374681 +0.06374574 +0.00827626 +0.14895830 -0.05031344 +0.00984991 -0.08273990 -0.03119868 +0.01488941 +0.05982680 -0.04114729 -0.08320602 -0.03841116 +0.05868677 +0.01670068 -0.02099472 -0.03001821 +0.02297290 -0.01685744 +0.11643941 +0.00147843 -0.02237333 +0.07970545 +0.00411306 -0.02161066 -0.00171162 +0.09103886 +0.05302728 +0.08402579 -0.09523293 +0.01885468 +0.07018951 -0.01755019 +0.01515709 -0.01885814 +0.06696089 -0.00158318 +0.04837586 -0.11433726 +0.08813632 +0.07611392 +0.05970132 +0.06340013 -0.06256816 -0.09421478 -0.01030295 +0.05385279 -0.00791925 +0.07796773 -0.04238888 +0.03913929 +0.00070494 -0.01455275 -0.04866085 +0.10512462 +0.04198596 +0.06602882 -0.02074242 -0.01379647 +0.06448106 -0.03576871 +0.01555460 +0.03516112 +0.04609856 +0.10445412 +0.00390695 +0.04580635 +0.00337921 +0.03626603 -0.02678595 +0.01452731 -0.00330033 -0.04450997 +0.02806590 +0.00887663 -0.02789050 +0.07754406 -0.01519033 +0.09317221 +0.06406103 +0.01376070 -0.05760005 -0.01107800 +0.08554895 +0.07139222 +0.07184299 -0.05226316 +0.00141740 +0.00877537 +0.00124127 +0.03825368 +0.09624360 +0.05016518 -0.03621973 -0.09818663 +0.07589287 -0.02966008 -0.08410291 -0.13940287 +0.01932147 -0.06400643 +0.09423859 +0.00866772 -0.03119663 +0.01719988 +0.02503193 -0.01324015 +0.07939170 -0.04175689 +0.01001587 +0.07548384 +0.00673338 -0.04372469 +0.04584061 -0.02328929 -0.06534085 -0.00136416 -0.10332932 -0.04495747 +0.04870618 -0.02702294 -0.03318457 +0.09750443 +0.02679161 -0.04050992 +0.04510758 +0.00696779 -0.02418158 +0.03385659 +0.05607141 -0.00596790 +0.03543372 +0.03353068 +0.03727267 +0.05838577 -0.02524143 -0.05665177 -0.00775171 -0.00265656 -0.02457670 -0.02270465 -0.06400872 -0.08015934 +0.12323266 -0.03247325 +0.01272580 -0.03957456 +0.00761150 +0.15372729 -0.03306302 +0.00293635 +0.03275001 -0.03251320 -0.06056130 -0.01428691 -0.02562977 -0.05162442 -0.03683816 +0.00816337 +0.08818495 -0.05880538 -0.02074979 -0.05237820 -0.08715807 +0.03044615 +0.06924836 +0.00196965
-0.00380891 -0.00643101 +0.04480062 +0.04091193 -0.02067219 -0.04051594 +0.02186843 +0.05816175 -0.01357759 +0.02836936 -0.00944766 -0.00729971 -0.04318687 +0.09289602 -0.05993951 +0.04509360 -0.04914930 +0.05435621 -0.01695614 +0.00953503 +0.05757251 +0.02632858 +0.11234271 -0.07068983 -0.03473055 +0.02563415 +0.01815320 +0.03087179 +0.03143521 +0.13499007 -0.02982070 -0.06297299 +0.01929657 -0.18983868 -0.02275532 +0.07843561 +0.12469248 +0.01217314 +0.03974902 +0.08411306 +0.06427012 -0.06140052 +0.03623839 +0.10204687 +0.16754742 -0.06863141 +0.02317001 -0.06501480 +0.05710279 +0.07288405 +0.06751441 +0.04460693 +0.00671120 -0.04136381 -0.01904739 +0.02412125 +0.07777806 +0.08546605 +0.03299151 -0.04025307 +0.05611378 +0.09627587 -0.02903771 +0.02745950 +0.00964424 +0.00058067 -0.10573371 -0.00498271 +0.06810421 -0.01473283 +0.01089897 -0.00587798 -0.14002323 +0.02060145 +0.00483018 -0.02042487 -0.03017052 +0.00932581 +0.10446983 +0.01989300 -0.04870735 -0.03079442 +0.06662253 -0.01248251 +0.01475265 -0.01415163 -0.05420284 -0.03321773 -0.05468605 +0.04127000 +0.06315374 +0.03697668 +0.23974153 +0.02431131 -0.06454817 -0.07509354 -0.03919468 +0.07774563 +0.08845248 +0.00338453 -0.04306378 -0.02183201 +0.08812612 -0.01157656 -0.03258061 +0.04533503 -0.07042316 +0.06483097 +0.08025019 +0.06604202 -0.03559696 +0.03672762 +0.01572465 -0.01495498 -0.00888827 +0.12864448 +0.02576587 +0.01063055 -0.04170711 -0.01792106 -0.05982728 -0.12996088 -0.02190769 -0.06373087 +0.07179408 -0.02241542 +0.01825108 +0.08437773 +0.05686634 -0.01267430 +0.06178494 -0.09403697 -0.04016897 -0.10566743 +0.04562686 +0.13928162 -0.03498730 -0.05941219 -0.08917429 -0.01425270 +0.04297060 +0.01305616 -0.07487231 +0.09620961 +0.05245911 +0.13302854 +0.02950875 +0.04196413 +0.08908875 +0.08726957 +0.01650491 +0.05656813 +0.00417012 +0.06490969 +0.01454300 +0.10898707 -0.07609797 +0.01099935 +0.06400444 -0.00459118 +0.07079102 +0.00597406 -0.03242001 -0.00431218 -0.04088423 +0.03875120 +0.06905681 +0.01746403 +0.01061927 +0.00783439 -0.06512649 -0.02069865 +0.02840388 +0.12773541 +0.05270484 -0.01527368 +0.03989882 -0.03189203 -0.02136035 +0.02670156 +0.07476040 +0.03956934 -0.02269038 -0.00608736 +0.03179962 -0.11790154 -0.03931923 -0.09385451 +0.04659356 -0.10678227 +0.13419029 +0.00974010 +0.08843370 +0.05100470 +0.00953665 -0.01506560 +0.02147542 +0.06122663 -0.03174430 -0.04011143 +0.06784207 -0.06986780 +0.07491314 +0.04050101 +0.00938076 +0.07210886 -0.11971251 -0.06759798 -0.04441409 -0.01758206 -0.02253903 +0.01969380 +0.00867367 -0.01734922 -0.02245555 +0.03111964 +0.09053560 -0.00026315 +0.02002103 +0.01819547 -0.00213586 -0.01222447 +0.02017966 +0.01846888 +0.02115617 +0.04643440 +0.01858086 +0.00619326 +0.07359175 +0.01445512 +0.01669033 +0.09341238 +0.01289815 +0.01938183 +0.08025119 -0.02136929 -0.11206631 +0.17625491 -0.01256418 -0.09486829 +0.07410964 -0.08695543 +0.01684811 +0.04891247 +0.05074576 -0.01143160 +0.03197389 +0.03080960 +0.02047726 +0.03010826 -0.04307917 +0.00163030 +0.02092539 -0.02481276 -0.11373802 +0.11548279
+0.04886550 +0.00099419 +0.07378212 +0.02524838 -0.06221904 +0.05064251 -0.10191509 -0.00221413 +0.04804350 +0.02391167 +0.01707486 +0.01298816 +0.04488049 -0.03364039 +0.02147857 -0.05162651 +0.03688431 +0.03217882 +0.06338347 +0.04299610 +0.06316267 -0.03677684 -0.00990938 -0.00885934 -0.05822236 -0.00728584 -0.02198654 -0.00078726 -0.07211763 -0.00135875 +0.00676938 -0.06182995 -0.04876989 +0.02613238 +0.02667043 +0.06576399 -0.04916098 -0.02968304 +0.03909608 +0.00351464 -0.01995617 -0.02659962 +0.03359776 +0.06510047 +0.05911362 -0.01620583 +0.09396677 -0.01127273 -0.01359221 +0.05612320 +0.09474181 -0.07469802 +0.03704940 +0.05957201 +0.01132701 -0.02790309 -0.03900653 +0.02312490 -0.00216292 +0.03463762 +0.03797385 +0.08933762 -0.02109462 +0.04530203 -0.01685438 +0.05721562 -0.00499808 +0.00895214 -0.02315728 -0.03120027 +0.02664055 -0.05762311 +0.06245375 +0.04846675 +0.00927551 +0.01882949 -0.05441689 +0.00447936 +0.01140659 +0.02566241 -0.03718682 -0.08390008 +0.04542458 -0.04141446 -0.01105430 -0.01147686 -0.10038301 +0.00329828 -0.03660236 +0.00536318 -0.03170173 +0.10525633 +0.06148632 -0.00103597 -0.03075881 -0.06555495 -0.06458579 +0.08705768 -0.03011057 -0.01140741 +0.04890664 -0.01962286 +0.07332607 -0.00482441 -0.05475964 +0.04334758 -0.05196901 +0.12908953 +0.06961954 +0.05889171 +0.01005187 -0.00456147 +0.04916786 -0.01782637 +0.05626710 +0.00889896 -0.08189647 +0.06988364 +0.07407434 -0.04645788 +0.06780347 +0.01901906 +0.06116422 -0.01184195 -0.03685038 +0.14988130 +0.03739018 -0.03766417 -0.08069304 +0.08516606 +0.02689807 +0.06140544 -0.04442200 -0.03269790 +0.09514355 +0.04184281 +0.08989042 +0.02557870 +0.06734280 +0.07328772 +0.02383695 +0.04730738 -0.13163738 +0.04300051 -0.05835123 +0.07396638 +0.04397168 +0.02248699 +0.03245492 -0.10824959 +0.01411102 -0.05359539 -0.04135090 +0.11973851 -0.01406570 +0.04104277 -0.03227019 -0.01832848 -0.03447990 +0.03617001 +0.01771057 -0.00465745 -0.02188777 -0.02472099 +0.00395472 +0.06577443 +0.11376163 -0.00346536 +0.05631733 +0.02632374 -0.00090158 +0.02794537 +0.02149485 +0.06788417 -0.00656592 +0.01759630 +0.03639248 +0.03901272 +0.04146918 -0.01022645 +0.00433073 +0.02287467 +0.08768994 -0.04194789 +0.07116613 -0.16347083 +0.01977475 -0.01140586 +0.02039022 -0.04615277 +0.00473417 +0.08402199 +0.00727227 +0.02885285 +0.01395013 -0.03890888 -0.00148670 -0.08957094 +0.02895248 -0.04395259 +0.05736880 +0.01997307 -0.09779532 -0.07688996 -0.01222694 -0.00342216 -0.04240529 +0.01454000 -0.01231683 -0.03669761 +0.02776234 -0.01118940 -0.02303228 -0.00513362 +0.02947801 +0.03318519 +0.01886388 +0.03887265 -0.03836970 +0.00600382 -0.07871059 -0.04823983 -0.01949417 +0.07539411 -0.00873411 -0.08499742 -0.01228377 -0.05310155 +0.06689036 -0.00232072 +0.00566330 -0.06254783 -0.06418445 -0.00824937 -0.04996207 +0.00903259 -0.01474984 +0.02688070 +0.01212532 -0.00866523 +0.07256652 -0.09020026 -0.05044086 -0.05253850 -0.04908013 +0.07400244 +0.07720518 +0.04186757 +0.06870142 +0.01769981 -0.06103728 -0.01533893 -0.02878700 +0.03020560 +0.02373699 +0.07564818
-0.00690029 +0.08312182 +0.02578833 -0.04006783 -0.00637386 +0.04445238 +0.00752675 +0.08122445 +0.04010010 -0.01278622 +0.06763306 +0.01987611 -0.01718453 +0.01349076 +0.01106375 -0.01328298 +0.00445120 +0.00127337 +0.02937150 +0.04119994 -0.01114041 -0.01033399 -0.00029182 +0.00022647 -0.05449831 +0.02521806 -0.01698497 -0.04369114 +0.06329250 -0.03772404 +0.00090244 +0.00706917 -0.03264787 +0.05293880 +0.00028690 -0.00391361 -0.03226824 -0.00976408 -0.03174292 -0.03424942 -0.01044747 +0.01629944 -0.03876850 +0.05724917 -0.05087920 +0.04391547 +0.02305766 -0.02442494 -0.04841430 +0.04826018 -0.04347276 -0.05272842 +0.05367415 +0.04824699 +0.03097753 +0.00480865 +0.02637418 -0.02876487 +0.00201972 +0.01281389 +0.01337861 -0.02603390 -0.02650364 -0.03391332 +0.05965217 -0.00493406 +0.05143337 -0.00603135 +0.02796644 -0.04478992 +0.02730397 -0.02329969 -0.00933121 -0.03687074 +0.05608187 +0.03176167 -0.00577785 -0.05622059 +0.02584536 -0.03696984 -0.02436666 +0.05457975 +0.04014971 +0.03966054 -0.05932174 +0.01060319 +0.00400596 +0.00299990 -0.05609461 -0.04377003 -0.02645144 +0.04211861 +0.04829370 +0.01426082 -0.04409869 +0.03133127 -0.04526998 +0.03367493 -0.03260545 +0.03637831 +0.05469354 -0.04858044 +0.05114099 -0.04489898 -0.03639927 -0.02547901 -0.03400085 +0.03629940 -0.04448497 -0.03699702 -0.04908680 +0.01636485 -0.00455801 -0.03811684 +0.03164187 -0.05170394 +0.04712055 -0.06731144 +0.02441986 +0.02469627 -0.03518607 +0.02592831 -0.04588246 +0.00825585 -0.06287830 +0.04067111 -0.05493880 +0.08636636 +0.09826971 +0.04901170 -0.04791527 +0.02634184 +0.01018872 +0.05875434 -0.05401270 -0.04459953 -0.04753271 +0.02160501 -0.06220382 +0.04858232 -0.01870017 +0.01882274 +0.04340161 +0.02129029 +0.05385656 +0.05117662 -0.01333981 +0.04551674 +0.08075972 +0.06884538 +0.03135191 +0.04331100 -0.05812345 -0.03435690 -0.02024032 -0.06347579 -0.06433336 +0.02117301 -0.00527940 +0.05193008 +0.00506145 +0.01925454 +0.04328204 +0.05441017 +0.06605935 -0.02425579 -0.01025964 -0.05997216 +0.03709697 -0.01427423 -0.03502070 -0.05160686 -0.04158277 -0.07120050 +0.03922841 +0.01479548 -0.05521603 -0.01679412 -0.02827250 -0.00345220 +0.04106892 -0.05099263 -0.01949658 +0.00037747 -0.02336844 +0.06885029 +0.03946401 -0.06380258 +0.00773538 +0.03834612 -0.02002614 -0.01203168 -0.04848783 -0.05066707 -0.01682239 -0.04646978 +0.07831115 -0.02894195 -0.06328440 +0.02662586 +0.02644371 +0.06311600 -0.01855699 -0.05208361 +0.02585553 -0.00195568 -0.02856291 -0.00904412 -0.04531987 -0.02749918 +0.06881861 -0.03293978 -0.03395045 +0.01742288 -0.03183052 -0.02887371 -0.02519472 +0.01193956 +0.00779882 +0.04256988 -0.01228185 -0.01110269 +0.06361102 +0.03979672 -0.03214946 -0.00859031 +0.03230846 -0.02394583 -0.00827602 +0.00711716 +0.05160976 -0.00769848 -0.04128572 +0.07251278 -0.00173287 -0.05599959 +0.02591451 -0.05052540 -0.01151412 +0.02531742 -0.05165356 +0.00122864 -0.06963707 +0.05261146 +0.02487424 +0.04090407 -0.03962371 +0.01496509 +0.01362285 +0.04473868 +0.01709725 +0.03651703 -0.00578452 +0.02726688 +0.04366831 +0.00113285
+0.01891124 -0.08623845 -0.00658463 +0.05001475 +0.05223217 +0.04434926 +0.06861575 +0.02376020 -0.06679887 -0.01080386 -0.11464661 -0.04825464 +0.00752227 -0.05980876 -0.01015558 +0.01649847 -0.06497208 +0.07742247 +0.04248272 -0.09793815 -0.04080967 -0.02738254 -0.03514703 +0.06548652 +0.03020352 +0.02915699 +0.03041803 +0.06394113 -0.05835289 +0.04017689 +0.11127376 -0.00445005 -0.01160750 -0.01397684 +0.06075824 +0.02412168 -0.02016819 -0.07114859 +0.01275754 +0.06092312 +0.05055995 -0.05158364 -0.04403899 +0.04799967 +0.07241971 -0.01803385 -0.06811748 +0.07017094 +0.02346181 +0.02830193 -0.01900138 +0.05348621 -0.00710138 -0.02682378 +0.05213733 -0.00321976 +0.03233562 +0.08493926 -0.03431085 -0.02698051 -0.06883562 +0.03187373 -0.01538971 -0.07100574 +0.00165215 -0.01471843 -0.02974832 -0.03866899 -0.03895893 -0.05158632 -0.02119688 +0.04902387 -0.03659751 -0.05344803 -0.03385031 +0.05564560 -0.01245153 +0.08951771 -0.08153596 +0.00198094 -0.03750478 +0.03244828 +0.04345995 -0.04483022 +0.03727337 +0.13045326 +0.02078776 -0.00348370 -0.01184620 +0.01619490 -0.05292104 +0.04285048 -0.02107785 +0.06878298 -0.04030930 -0.03420661 +0.04585988 +0.07467017 -0.06825905 -0.04569167 -0.08537474 -0.01541498 -0.00195877 +0.03529903 -0.02677717 +0.02991698 +0.06839669 -0.01991866 -0.06568336 +0.03997470 -0.05797996 +0.01170010 -0.05025778 -0.04604898 +0.03325571 -0.01679680 -0.01362522 -0.02788745 -0.00615292 +0.11341785 +0.03531129 -0.07116871 +0.01916123 +0.06604594 -0.03551391 +0.04396720 -0.01257928 +0.03063868 -0.00082800 -0.03817819 -0.03700249 -0.01727122 -0.02953094 +0.03570119 -0.03217616 +0.03383959 -0.03231201 -0.02370859 +0.04500859 +0.02633849 +0.00336881 -0.03331310 -0.04503126 +0.02816373 -0.07634076 -0.02998671 +0.04129537 +0.03231538 +0.04494362 +0.00425483 -0.00120379 +0.01712904 -0.01588003 -0.09913642 -0.02575072 +0.02724933 +0.06343228 -0.02690247 -0.01273657 +0.05777735 -0.08338720 -0.05268696 +0.06348522 -0.02669661 +0.05473316 +0.01917798 +0.06209015 +0.00447715 -0.02965414 +0.04698572 -0.02261316 +0.05988222 -0.00582419 +0.00184109 +0.06413670 -0.03060820 -0.01245422 +0.02513024 -0.06171189 +0.03792350 -0.00788339 -0.06825180 -0.00541539 +0.00908947 -0.06517006 -0.07184263 +0.03594766 +0.04225190 -0.04795901 +0.07388513 +0.07156427 +0.06617349 -0.03509027 -0.02021234 +0.00188795 -0.00577029 -0.04613685 +0.13872589 +0.00157964 -0.03966967 -0.05484298 +0.03735774 +0.03574327 -0.02744238 +0.02415231 +0.00862781 +0.11415236 +0.07932264 +0.02884847 -0.00422351 -0.03158874 -0.07198935 -0.02138293 -0.05981154 +0.02029388 -0.02173178 +0.06292148 -0.08810832 +0.07235872 +0.07247843 -0.01009113 +0.01699531 -0.03812062 -0.07571495 +0.03393970 -0.03264743 -0.04268247 -0.03258773 +0.00675978 -0.03601953 -0.03418085 +0.10222618 -0.02493091 -0.06017483 -0.07605238 -0.04373094 -0.03041117 +0.03868530 +0.00156943 -0.01364321 +0.06429429 -0.08178098 +0.03721030 -0.01460436 -0.02255362 -0.03390986 -0.05449825 -0.02096818 -0.00833131 +0.07198275 +0.01182574 -0.01632112 -0.00040731 +0.03522326 +0.01685261 +0.03922260
-0.00140721 -0.00620595 +0.04868003 +0.05617677 +0.04025723 +0.00974769 -0.05953993 -0.04480683 +0.05630267 +0.04916780 +0.01601462 -0.00687887 -0.03342032 -0.05836124 +0.02992225 +0.05678682 -0.00602274 +0.00669502 +0.01356408 -0.02310092 -0.01694430 -0.00453463 -0.01428135 -0.07090142 +0.02709886 -0.04820098 -0.05368752 -0.06878375 -0.05937201 -0.08675633 -0.00266760 -0.02158514 -0.00759536 +0.09520454 +0.09099432 +0.02712858 +0.08630477 -0.03619917 +0.07274229 +0.01241614 -0.03263119 +0.03596264 +0.00997087 +0.05966458 -0.03654255 -0.05325172 +0.04021920 -0.00902394 +0.00799046 +0.07992931 +0.02833004 +0.01426942 -0.01928975 +0.06682023 -0.04322907 -0.00258789 -0.00043404 +0.08440535 -0.00400781 +0.06805426 -0.04685478 -0.01970818 +0.00097355 -0.02421877 +0.11519728 -0.04092110 +0.02541467 -0.04561885 +0.04927266 -0.02247991 +0.04108167 +0.01079460 +0.04357633 +0.04051951 +0.03333322 -0.04406742 +0.00994135 -0.02401970 +0.08274496 -0.02106440 +0.05600934 +0.01862312 +0.01946960 +0.07705244 -0.03474947 -0.07990985 +0.03965815 +0.01644919 -0.08722120 +0.02970519 -0.05775338 +0.04276622 +0.00217352 +0.01941627 -0.04663032 +0.04760090 -0.04859457 +0.01213152 +0.05156844 +0.05134809 -0.00854124 -0.04197790 +0.04140136 -0.03741442 -0.00936014 -0.00095491 -0.01183391 -0.00587452 +0.03108538 -0.05816833 -0.00201959 -0.03206543 +0.04686277 -0.00051252 -0.00515972 +0.06118175 +0.02672310 +0.04654016 +0.04370486 +0.06188470 -0.05028230 +0.00290454 -0.03662013 -0.01866833 -0.06827227 +0.00280910 +0.02922000 +0.05467687 -0.00675869 +0.01765306 +0.02540865 +0.04933031 -0.02683289 +0.05028528 -0.02931115 +0.01214913 -0.00208563 +0.01429714 -0.06642550 +0.02153147 -0.00557514 +0.02230907 -0.04655960 +0.00401988 -0.03092468 -0.00612446 +0.02920439 -0.00677136 +0.07047772 -0.02806856 -0.01179448 -0.04053618 -0.02839790 +0.02173250 -0.03746299 +0.03532094 -0.06701296 -0.06492950 +0.02831619 +0.03906416 -0.05541391 -0.00220291 -0.02405788 -0.00869113 +0.07769892 -0.01167817 +0.05609803 -0.05090941 -0.02675461 -0.04217004 +0.06255999 -0.01715225 +0.00793296 +0.05951836 -0.01207492 -0.05255044 -0.01740708 -0.01944047 -0.02181394 -0.01828902 -0.02772796 +0.00279199 +0.02566255 -0.03670564 -0.03923178 -0.08699341 -0.05505427 -0.05751018 +0.01330606 -0.00739192 +0.05729846 +0.00555469 +0.05768914 +0.04998941 -0.04571493 -0.00983598 +0.01054549 +0.00974763 +0.02834144 +0.00624273 +0.03460118 -0.04887901 -0.04932262 -0.02412252 -0.00545359 +0.02899222 +0.06303925 +0.03434622 -0.00522849 +0.03245925 +0.05746991 +0.04584601 +0.01202730 +0.06742818 -0.02499225 +0.02127211 -0.03418846 -0.02312102 -0.01193883 +0.03780189 -0.08972978 -0.05086102 +0.04819373 -0.05629045 -0.05195919 -0.00306498 -0.02568172 +0.02387094 -0.03335628 +0.02909090 +0.00866942 -0.05240023 -0.02982495 +0.07077867 +0.03311069 +0.05275387 -0.04347754 +0.05084676 +0.02443415 +0.02019194 +0.05421859 -0.02844432 -0.08486487 -0.04980698 +0.02523681 -0.02435609 -0.02138330 +0.00847958 +0.05349114 +0.00996125 +0.07486941 -0.01581245 +0.01844420 +0.00728947 +0.05988783 -0.04509088
+0.03769951 -0.02490935 +0.04082672 -0.05130336 -0.00212775 +0.00256939 -0.02257404 -0.02747704 +0.00698555 -0.01398823 -0.02695847 +0.05900308 +0.04456326 +0.01123434 -0.04841017 -0.02046563 +0.07507837 -0.05956025 -0.05025261 -0.04890392 +0.00727977 +0.05666874 +0.08207355 -0.07388703 +0.00910333 +0.02637119 -0.00197639 -0.09963204 -0.00716046 +0.04321880 -0.09084510 -0.02129732 -0.04546659 -0.03352019 +0.01778186 -0.04445539 +0.10191052 -0.11603861 +0.01795207 +0.10743875 +0.03728791 +0.07607279 -0.08619246 -0.05181899 +0.00621592 +0.05237363 +0.03152848 -0.00116919 -0.05252806 +0.04942253 -0.03433086 +0.10363163 -0.02864307 +0.00185986 -0.00460211 +0.02983290 -0.03428804 -0.03898177 -0.02733977 -0.00769578 +0.00568377 +0.04959621 +0.06473169 +0.06348128 +0.01128394 +0.00353416 +0.03646121 -0.06768851 -0.03014953 -0.04775610 +0.07354753 +0.04491120 +0.00549616 +0.05444523 +0.03936779 -0.02333186 -0.02620705 -0.08412273 +0.02937814 +0.08633358 -0.00315668 -0.01354516 +0.05791253 -0.05852362 -0.02683790 -0.10545103 +0.02378082 +0.04846713 -0.04366730 +0.06467443 -0.02997222 +0.00242671 +0.04362404 +0.06885696 +0.03632933 -0.07883979 +0.09135453 +0.05330303 +0.09390117 +0.07358937 +0.05810935 -0.01112218 +0.01410738 -0.05883704 +0.02099278 -0.02305739 +0.03515301 +0.03861673 +0.07016815 -0.02743132 -0.03172792 +0.02933406 +0.01979454 -0.05015276 +0.08356880 +0.03194640 +0.08031463 -0.01969176 +0.01583537 +0.02954507 -0.07819629 -0.06976919 -0.03004449 -0.07152423 -0.06532583 +0.01767247 +0.08484978 +0.08397850 -0.04366472 +0.03936417 -0.00875999 +0.01647505 -0.01227148 +0.02404277 +0.03754126 +0.01033683 +0.01938108 +0.09877162 +0.01136020 -0.04289400 +0.00112086 +0.01072260 -0.13977931 +0.04244209 +0.00900628 +0.07865911 -0.02052787 +0.02790217 +0.05600609 +0.00090633 +0.06828829 -0.00503649 -0.06276058 +0.02655289 -0.00596099 +0.05808663 -0.05857629 +0.04076314 -0.07732786 +0.02254310 -0.05201579 +0.05045812 -0.07922122 -0.02077020 +0.01020819 +0.09680320 +0.01641733 +0.07773463 +0.04672209 -0.05128738 -0.04806588 +0.00563885 +0.00451066 +0.02854826 +0.02373486 -0.06022706 +0.04660003 -0.01954079 -0.03334150 +0.01108455 +0.01855971 -0.00135065 -0.05499328 -0.02771463 +0.04534069 -0.05884188 +0.00667657 -0.07707814 +0.04584748 -0.08731061 -0.00025879 +0.09389252 +0.07753199 +0.10770824 +0.00304501 -0.03755438 -0.05332770 -0.04573056 -0.04496145 -0.03371046 -0.02412344 -0.04874906 +0.07293610 -0.12571873 -0.04872168 +0.08037660 -0.03351170 +0.00918889 +0.03187289 -0.00663438 +0.01836423 -0.00545629 +0.04197755 +0.04839263 -0.01665921 -0.08375245 +0.03227448 +0.01375973 +0.05293595 -0.00400000 +0.06511395 +0.05225218 -0.04191244 +0.03633306 -0.05795025 +0.00670694 +0.01967966 -0.04184133 +0.07573082 +0.06554304 -0.01741951 +0.00086076 +0.07467295 -0.06426547 -0.01507110 +0.01561100 -0.00044373 +0.10969160 -0.05719719 -0.05496635 -0.06342942 -0.05979899 -0.05791434 -0.06925415 -0.03080107 -0.01638586 +0.01014692 -0.03822579 +0.04996195 +0.01949440 +0.04500769 +0.04390471 -0.11879250 +0.00260414 +0.02070224 -0.10689742
+0.03674729 +0.00838517 +0.05445511 +0.07425331 -0.05577919 -0.04359531 +0.01560618 +0.01898291 +0.08018584 +0.01182992 +0.03792857 +0.02750365 +0.04869117 +0.01447878 +0.03309287 -0.04762264 -0.03075251 -0.00738277 -0.04060548 -0.03483757 +0.07577565 -0.06917382 +0.01999172 +0.02044323 +0.02533625 +0.06270264 +0.02368793 -0.09555580 -0.04194735 +0.05648638 -0.02804641 -0.05384379 -0.01538682 +0.01762485 +0.09475793 +0.03843772 +0.03344321 +0.00307878 -0.00776985 +0.00368796 +0.04848702 -0.04293344 +0.01822975 +0.03197420 +0.08242991 +0.02276993 +0.09426502 -0.09639324 -0.01939651 -0.03264868 -0.04544142 -0.03853108 -0.06512470 -0.00696394 +0.03045253 +0.04454983 -0.01602036 -0.01466228 -0.03496882 -0.03324692 +0.04315689 +0.05375141 +0.00200524 -0.03163624 +0.00265489 +0.03589620 +0.04314113 -0.03999239 +0.08397631 +0.06330623 +0.02783376 -0.06309240 +0.03053007 -0.04756498 -0.03891397 -0.06142242 +0.00867495 -0.04176655 +0.03084771 +0.04904761 -0.01891507 -0.04332976 +0.07010975 +0.05421427 -0.01700156 -0.05484525 +0.01923101 +0.04716975 +0.00914440 -0.00158995 -0.06160654 +0.03145784 -0.01163406 -0.05086067 -0.03932597 -0.01578600 +0.08965851 -0.05264192 -0.01159280 -0.02852849 +0.02228236 -0.03236166 -0.01068601 +0.00599101 -0.00594497 -0.00189942 +0.04652669 +0.03860965 -0.01294544 +0.01325075 -0.06222003 +0.00120985 -0.04910764 -0.04591134 +0.07510482 +0.02199587 -0.03335800 +0.03122806 +0.05062716 +0.01639799 +0.02214382 -0.03302371 +0.03421604 -0.00268072 -0.02859431 +0.02201376 +0.03751381 -0.10619397 +0.05249131 +0.00071442 -0.01599819 +0.00788562 -0.06773011 +0.00419611 -0.01604848 +0.06034358 +0.00397360 +0.06475943 +0.08150577 -0.06082144 -0.05787989 -0.00875486 -0.04330944 -0.02562099 -0.05421842 -0.00140727 -0.01804839 +0.03237953 -0.01900276 -0.06839272 -0.02363759 -0.05256099 -0.02295297 -0.01306822 +0.01501868 +0.00822364 -0.04964411 +0.01736430 +0.02494129 -0.03809576 -0.06193731 +0.01792943 -0.07192990 -0.00968364 +0.07378916 +0.06902692 -0.03046184 +0.03494885 +0.00598183 -0.03407983 +0.02132336 -0.05730360 +0.03018166 -0.01194583 -0.05208202 -0.01804602 +0.05327587 +0.05690071 +0.03340677 -0.00810859 +0.06985181 -0.04814719 -0.05505105 -0.07896790 -0.00470393 -0.04457887 +0.05251025 -0.06961609 -0.04549740 +0.00702264 -0.03527191 +0.00889701 +0.00240633 -0.02015948 -0.05432104 -0.04299572 +0.03102538 +0.00298915 -0.05361914 +0.05366511 -0.02229604 -0.01089959 +0.03985280 -0.03052579 -0.03130088 +0.08072477 -0.04475997 -0.00408364 -0.01009541 -0.01982086 +0.01539225 +0.08987015 +0.00808654 +0.00503602 -0.02730848 +0.05502737 -0.00947379 -0.06425497 -0.03296149 -0.03616643 -0.02987485 +0.01758033 -0.00876887 +0.02505805 +0.04421810 +0.01770518 -0.05701531 +0.02274947 +0.03749310 +0.07296288 -0.01958095 +0.02350276 +0.03287620 -0.00378214 -0.00754003 -0.05314277 -0.02546610 +0.12541759 -0.05762106 +0.05310287 -0.00257811 -0.02881783 -0.03577692 +0.00405039 -0.03030527 +0.00325031 -0.05777671 +0.01124410 +0.01027820 +0.00914259 -0.01005370 +0.01269487 +0.00355802 -0.02073825 +0.04064672 +0.00790340
-0.02533528 +0.08381487 +0.01636205 +0.03160732 -0.02052650 +0.06688584 +0.04719411 -0.04003832 -0.02186089 +0.02795190 -0.02274151 -0.06357589 +0.04203015 +0.04163435 +0.04867610 -0.00200711 -0.06863721 +0.08852346 +0.07040401 +0.07121636 -0.06012093 -0.02878540 -0.07409086 +0.00248837 -0.09700418 -0.05536207 +0.03641612 -0.01288519 +0.09951136 -0.04525045 +0.13413480 +0.03288681 -0.08083757 -0.08527208 -0.06163527 +0.01798564 -0.00970328 +0.06368013 -0.07241570 -0.03572203 -0.02659608 +0.01083799 -0.01240554 +0.03926193 +0.09119169 +0.05730745 -0.04724488 +0.10311949 -0.03127788 +0.10212233 -0.08808523 +0.09531604 +0.04606661 -0.04874040 +0.08637152 -0.02385240 +0.09978194 +0.09905401 -0.01481935 -0.05253737 -0.10727464 -0.09324261 -0.01939698 +0.02351289 +0.02698623 -0.01857536 -0.06383765 -0.04582076 -0.06874088 +0.04066836 +0.05203734 +0.03850532 -0.08809602 -0.05520014 -0.03885832 +0.08779534 -0.02772273 -0.12265162 +0.02158699 -0.05022754 -0.01800451 +0.09723736 +0.02700215 -0.01459686 +0.01308188 +0.06684481 -0.03069079 -0.00335582 -0.03491502 -0.03341243 +0.04670892 -0.05383648 +0.01560202 -0.04872460 -0.04006023 +0.02348458 +0.04447939 +0.05666408 +0.06804881 -0.04307630 -0.00529222 -0.00213600 +0.00911823 +0.04877951 -0.03455190 +0.08575048 +0.02445685 -0.05856156 +0.02990165 -0.01105156 +0.04489055 +0.05021584 +0.06443081 +0.03990373 -0.02424199 -0.04736939 +0.03259042 -0.06540687 -0.07837010 +0.00440321 +0.04397022 -0.03580000 +0.01337178 +0.01608632 +0.03247926 -0.07485329 -0.06829012 +0.06543867 +0.08644423 +0.03067163 -0.01673117 -0.13083810 -0.08306690 -0.02277526 -0.05387769 +0.00082075 -0.02491338 -0.10544544 -0.06712921 +0.03547138 +0.04638905 +0.01247798 -0.04227333 -0.02206476 +0.00353016 -0.07412580 +0.05828250 +0.04773100 +0.06863683 +0.06117951 -0.09014824 -0.06534436 -0.01461130 -0.11454990 +0.01757316 -0.02779758 -0.04757342 -0.03154261 +0.09541114 +0.00814233 -0.01490155 -0.00169248 +0.08149027 +0.03627713 +0.04808712 +0.06633211 -0.05306738 +0.04716014 -0.01737276 +0.03832321 +0.04416570 +0.06749810 +0.06347403 -0.03539238 +0.11400398 +0.04750326 -0.03953179 +0.01345422 -0.09049182 +0.06685692 -0.08896799 -0.02009869 +0.04709388 +0.12134262 +0.02269711 -0.05206547 +0.06837269 +0.06115802 -0.02410463 +0.08815599 +0.06340308 +0.01282573 -0.03363543 +0.02304292 +0.01509779 -0.00351150 -0.02282847 +0.16131181 -0.03402408 -0.00879120 +0.05616741 +0.05289555 +0.07633176 +0.09961773 +0.04959849 +0.07920634 +0.05522673 -0.03019798 -0.03445435 -0.02019404 +0.03384954 -0.03821418 -0.00854651 -0.03947628 +0.03515626 -0.08229789 -0.07478554 -0.10403614 -0.02292207 +0.04737016 -0.00980970 +0.04308428 +0.01096745 +0.02268809 +0.08807309 +0.10548297 -0.01638892 +0.04415036 +0.02631827 +0.03301772 -0.04781612 +0.02410606 +0.03204925 +0.03086338 -0.01875520 -0.01576181 +0.07009266 +0.01815616 -0.00228666 -0.01624811 +0.02981696 -0.00076785 +0.02923734 +0.06103486 -0.02535812 +0.04311004 -0.07696541 +0.04843118 -0.07887354 +0.07496475 -0.03132094 -0.01685757 +0.00894973 +0.02192529 -0.09964863 +0.04989092
-0.04361022 +0.03920532 +0.07295211 +0.02070493 -0.05407684 +0.06599185 +0.03655882 +0.00563371 +0.03368859 -0.01310172 -0.01084968 +0.01104294 -0.00251515 -0.02585936 -0.03316186 +0.04172595 +0.01953714 +0.06310544 +0.00371870 -0.03253929 +0.04634012 +0.01258456 -0.01345185 +0.10655093 +0.00822057 +0.04788909 -0.03468044 +0.11423428 +0.06844033 -0.05297437 +0.04437549 +0.06902980 -0.01050360 +0.02723689 +0.06188922 +0.00988078 -0.07142303 -0.01260837 +0.03001196 -0.00829959 -0.03336880 -0.06387713 +0.03279334 +0.00932619 -0.06922162 -0.01963753 -0.00784638 -0.01525723 -0.00434794 -0.05472668 -0.05161862 -0.06111339 +0.04914766 -0.10161976 -0.00743388 +0.04951366 +0.09027181 +0.07769145 +0.06727172 +0.07195331 -0.00569461 -0.07673907 +0.05950798 +0.02107362 +0.01041571 -0.01541222 +0.14207715 -0.06538559 -0.03271098 +0.04558785 +0.07658759 +0.01415443 +0.06506702 +0.01602837 -0.07908637 +0.05358033 -0.06820279 +0.08648130 -0.09763013 -0.06819988 -0.01299535 +0.08725778 +0.11189429 +0.08518055 -0.04784933 +0.07196165 +0.00799841 -0.05015958 +0.06980181 -0.09726112 +0.00304871 -0.06122945 -0.10244709 +0.03505972 +0.06533711 +0.03458985 -0.00654629 -0.03394591 +0.04387537 -0.04295601 -0.05025179 -0.03114699 +0.02920875 +0.05909517 -0.06166111 +0.08164889 +0.05574200 -0.00697766 -0.00714449 +0.04790028 -0.02543840 +0.05770130 +0.07165905 +0.04317224 +0.01814853 -0.05893822 +0.00879959 +0.03053144 +0.06781948 +0.05858742 +0.10733600 -0.03122926 +0.00122922 -0.02228626 -0.08300946 -0.05763296 +0.00480224 -0.04071744 -0.01178826 -0.03816586 -0.03132112 -0.07499918 -0.01989823 +0.03442317 -0.02488377 -0.02404927 -0.04017285 -0.02515959 +0.05709207 +0.06130384 -0.00097227 +0.00780570 +0.01998927 +0.03632659 +0.01509650 -0.05842122 -0.03824121 -0.05612843 -0.01723713 -0.05997184 +0.01207852 -0.00614454 +0.00202221 -0.02377398 -0.02727129 -0.07129840 +0.03268061 +0.07257260 +0.08426280 +0.00912303 +0.04095828 +0.01833756 +0.07075923 +0.03326323 +0.02342698 -0.01491789 +0.02758816 -0.04561161 +0.00930724 -0.01465952 +0.05661679 -0.04320239 +0.04508764 -0.09496273 -0.06547665 -0.00070957 -0.00750212 +0.03157477 -0.03023324 +0.00204363 +0.02009873 -0.08916992 +0.01207268 +0.03931300 +0.04205189 +0.04074127 -0.05243225 +0.00141676 -0.01587436 +0.07562464 -0.04429980 +0.05633070 -0.04195349 +0.01603983 -0.05770775 -0.04417919 -0.06944399 +0.01727706 -0.05072061 +0.06025228 -0.01039463 -0.02468241 -0.02950150 -0.01488585 -0.00374473 +0.08336470 +0.12277900 +0.01200560 -0.06212156 -0.01926479 +0.08836538 -0.02149850 +0.04572572 -0.00698915 -0.03176772 -0.02803461 -0.03237792 -0.02359260 +0.07869926 +0.01572090 -0.02318247 +0.07569623 +0.01125729 -0.07471057 -0.03696219 +0.09989308 +0.01647478 +0.06845610 -0.03217530 -0.05536558 -0.04887167 +0.06633379 -0.04259079 -0.04960117 +0.02403320 +0.05858671 -0.01775337 -0.09616797 -0.01270128 -0.04460800 +0.01186127 -0.04596011 -0.02123719 -0.00749318 +0.02280786 -0.05047333 -0.06549878 -0.09274048 -0.01252125 +0.05778195 -0.02250368 -0.00946056 +0.07313616 -0.03673824 +0.01358644 -0.11148351
+0.01675541 +0.05465052 +0.04323545 +0.05033581 -0.00752382 +0.03812067 +0.00477087 +0.05445042 +0.05620518 -0.01546211 -0.00952108 +0.01145604 +0.00562480 -0.05230869 -0.02777538 +0.02757987 +0.01680936 +0.04203279 -0.03104369 -0.03393764 +0.02179285 +0.00001624 -0.03060357 +0.03113019 -0.05136094 -0.05982596 +0.00876876 -0.01052482 +0.00179772 -0.00074862 +0.05557936 +0.02059547 -0.01599389 -0.00207898 -0.02823223 -0.01375952 -0.01118852 -0.05087427 +0.02706162 -0.01263803 +0.01373385 -0.00552488 -0.00357075 -0.02325441 +0.03608983 -0.00120433 +0.04631423 +0.00640622 -0.01648190 -0.05484932 +0.01498233 +0.02699607 -0.03066177 +0.02050312 -0.01526078 +0.05532509 -0.05909941 -0.05438766 -0.06794953 +0.02795627 +0.05252787 -0.02059315 +0.04151423 -0.05019650 -0.01717376 -0.01152003 +0.02928888 -0.04397509 +0.01110653 +0.01151299 +0.04536020 -0.05685611 +0.03489562 +0.03370421 +0.03224429 +0.03057067 +0.01529331 -0.02732396 -0.00175620 +0.05347977 +0.01186595 -0.03869299 +0.03803484 +0.02355429 -0.01505810 -0.05785221 +0.00164314 -0.03479855 +0.02700968 -0.00557806 +0.02749616 -0.01160017 -0.01431193 -0.06081606 -0.01575542 +0.03384344 -0.03660814 -0.04966627 -0.02525775 +0.00477930 -0.05302437 -0.03243834 -0.01942030 +0.05226770 -0.00169956 -0.03679604 -0.02507523 +0.06657570 -0.05449246 -0.00055200 -0.02024018 -0.02352235 -0.05544302 +0.01397348 +0.04399166 +0.01220291 -0.04137871 -0.05390036 -0.00034275 -0.00463369 -0.00150486 -0.02493811 +0.04889085 +0.03216211 -0.02846866 +0.02893881 +0.02391405 -0.00972109 -0.02530134 +0.01862459 -0.02445786 -0.04112740 -0.06593889 -0.01974346 -0.00783706 -0.04108262 +0.03432082 -0.04318225 +0.00316166 +0.04775469 -0.03420985 +0.01597324 +0.01648683 +0.03210761 -0.06509975 +0.06138501 +0.04891098 +0.07353428 +0.04108706 +0.00307136 -0.05105470 -0.02077313 -0.04383808 -0.01813811 -0.04077190 -0.01734111 +0.04115462 -0.00188853 +0.05007010 -0.05302729 +0.03458471 +0.00245272 -0.01405674 -0.01161967 -0.00813508 -0.03162252 -0.00262926 -0.02121258 -0.04646394 -0.00568170 +0.02633135 -0.04547290 -0.01483963 +0.03857602 -0.01256633 -0.03452222 +0.03606999 +0.01984985 -0.00283756 -0.04004788 +0.00965112 +0.06528131 +0.00189537 -0.06078102 -0.05281455 +0.02712692 +0.05832461 -0.04273338 -0.02173644 +0.00295240 -0.03414819 +0.06220259 +0.00912867 -0.03632291 +0.04285544 +0.02403390 +0.04610663 +0.06065932 +0.02418221 +0.01579148 -0.04225042 +0.00301185 -0.05146763 -0.02497673 +0.00449763 -0.04803914 -0.01931689 +0.03608228 -0.01238438 -0.03747358 +0.01929124 +0.00450714 -0.05887382 -0.00804817 +0.03672431 +0.03442125 -0.02411096 +0.00757560 -0.03552653 +0.04328844 +0.04068636 -0.02877797 -0.03991675 -0.03909136 -0.01301607 -0.04439817 +0.02586592 +0.05891736 +0.00944345 +0.02110331 +0.04693082 -0.00490902 -0.04411874 +0.02955910 +0.05954335 +0.03133276 -0.06098646 +0.06460157 -0.03419409 +0.00017268 +0.02096407 +0.00218021 +0.00932563 -0.03725759 -0.01966958 +0.02844494 +0.02836460 -0.01216016 -0.04379999 -0.00528223 +0.02985698 +0.03227674 -0.02726798 +0.04919391 -0.06103501 -0.05375383
-0.03435498 -0.00276552 -0.06053133 -0.01335947 +0.03915030 -0.00241132 -0.06156571 -0.03387077 +0.06257416 -0.03846195 +0.02212924 -0.03963643 -0.03697613 -0.02952274 -0.04367587 +0.01539878 +0.03998547 -0.01502809 -0.03072938 +0.04134884 +0.00562546 -0.00119114 -0.03528812 +0.04561218 +0.01614575 +0.03917754 -0.02740395 -0.00909812 -0.03365554 -0.03262994 +0.04043181 +0.01449347 -0.03984262 +0.01525404 -0.00159624 +0.05280475 +0.02951410 +0.02109193 -0.05386793 -0.03980085 +0.01862193 +0.00466313 +0.05436553 +0.04900435 -0.02910932 -0.01407413 +0.02896247 +0.04702585 +0.00124060 +0.05507541 -0.03507448 +0.02581303 -0.00825197 +0.05544120 +0.05662789 -0.03786655 +0.00416849 -0.05099871 -0.03488301 +0.00970405 -0.03330316 -0.05262112 -0.04111114 +0.04560405 -0.00433251 -0.05538750 +0.03923994 -0.00838684 -0.04760449 -0.00930315 -0.02596104 +0.02684035 -0.02426314 -0.02389092 +0.02622329 +0.02666200 +0.02494964 -0.02178561 +0.03027904 -0.03008544 -0.05278144 -0.00230229 -0.05872260 +0.03920169 +0.03688610 +0.00368534 +0.00370102 -0.04142633 -0.01738333 -0.02057897 -0.04281598 -0.02039267 +0.02846012 -0.05383108 +0.02937579 -0.00612977 +0.00589576 -0.05140775 -0.04270680 -0.04936475 -0.05160173 -0.01752836 +0.06832115 +0.03021185 +0.02941555 -0.00260070 -0.01299422 +0.04674834 +0.03829558 -0.02406436 +0.05523520 -0.04836034 -0.00392799 +0.03968218 -0.04728480 -0.03110499 -0.03944053 -0.05791019 -0.03572192 -0.00890525 -0.03795415 -0.01306920 -0.04603684 +0.00197823 -0.05855340 +0.06602703 +0.02481637 +0.03711707 -0.02298288 -0.02808245 +0.03198300 +0.01634472 +0.01196349 +0.01996318 -0.05589684 +0.06114796 -0.00070027 +0.00708857 -0.03879242 +0.03724802 -0.05028272 +0.02276645 +0.07093008 +0.01994503 -0.05983138 +0.02048675 -0.00026255 +0.00165436 +0.04053121 -0.03859318 -0.01434886 +0.01006005 -0.04262407 +0.03437600 +0.00113961 +0.05695605 +0.02231050 -0.00584700 -0.04849819 +0.05584682 -0.02918463 +0.06030711 -0.04214200 -0.04012576 -0.03934590 +0.05519996 -0.02841307 -0.02062010 +0.02413798 +0.01916872 +0.03647976 -0.03171014 -0.05576132 +0.01620228 -0.04481301 -0.02001828 +0.01381123 -0.04152213 -0.01931479 +0.04677795 +0.05121664 -0.02921502 +0.04780386 +0.06323930 -0.03528284 +0.03089111 -0.01301677 -0.01152407 -0.01386820 -0.03406091 -0.03935546 -0.03605961 -0.03929753 -0.05570398 -0.03564613 -0.03616671 +0.00238235 -0.04207784 +0.03826351 -0.01532436 +0.04572027 +0.02990271 +0.00608493 +0.00140089 -0.02851598 -0.03990245 -0.00069093 -0.05732965 -0.02981262 +0.02002449 +0.01445182 +0.06070413 -0.04640970 -0.00599800 -0.00278110 -0.04738390 +0.01804859 -0.00501051 +0.03307883 -0.01595741 -0.03867665 -0.03542612 -0.03449669 -0.01967003 +0.01150909 -0.04959817 +0.06967950 +0.02479482 +0.00532837 -0.05054016 -0.05260251 -0.02244078 +0.06215274 +0.02962405 -0.02816983 +0.03557194 +0.02467671 -0.02679479 -0.00776498 +0.00939752 +0.04041418 -0.03192259 -0.03106254 +0.00269063 -0.00988506 +0.01517132 +0.04328208 -0.03519217 +0.00601486 -0.04170198 -0.00114965 +0.06128645 +0.04162763 -0.02832768 +0.05734391 +0.03127404
-0.03122356 +0.01033692 -0.02571021 -0.04706370 -0.08946613 +0.02435888 +0.03708827 +0.06234942 +0.07453413 +0.03601207 +0.05023104 -0.01505127 +0.03339435 +0.06288232 +0.02101698 +0.03905839 +0.00490547 +0.01410678 -0.06181694 +0.01009755 -0.01013482 +0.02765385 +0.00376939 +0.01216295 +0.02348529 +0.05958323 -0.03183945 +0.01761621 +0.05114897 -0.05419387 +0.01321687 +0.07587687 +0.01935291 +0.05640386 -0.02144804 -0.00270508 -0.06770354 +0.00123621 -0.00173797 -0.00034457 -0.08390367 -0.06589062 +0.07799825 +0.01515035 -0.04754670 +0.03143764 +0.02050834 +0.06265151 +0.03834965 -0.04206569 -0.04930571 +0.02183683 -0.04833827 -0.05656381 +0.04182033 +0.01837271 -0.04251703 -0.06064257 -0.03833587 -0.00914156 +0.02226868 -0.06479612 +0.02515007 +0.08128049 -0.00453240 -0.03570388 -0.06070796 +0.04139564 -0.03848202 -0.02416754 -0.03104381 -0.01761721 +0.03058745 -0.04241143 -0.06887920 +0.01555105 +0.03061726 +0.08106154 -0.04136427 -0.03790543 -0.02271812 +0.07133184 -0.01620221 +0.00621985 -0.03212467 +0.07138891 +0.00925879 -0.03442191 -0.02540571 -0.06931010 -0.06213395 -0.07839974 +0.02536960 -0.05426408 +0.00273607 +0.03044345 -0.01775651 -0.00618668 -0.05126866 -0.00919832 +0.07071503 +0.02489181 +0.09790564 -0.02115856 -0.00086845 -0.02093799 +0.04159537 -0.06215255 -0.01506949 +0.01157368 -0.01189240 -0.07289500 -0.04286435 -0.02372433 -0.06977559 -0.03699596 -0.04458658 -0.00475038 -0.03609916 +0.04901179 -0.08161096 -0.04777131 -0.02064520 +0.10560731 +0.02605749 -0.05722738 +0.00949608 -0.02096961 +0.06495602 -0.04943845 -0.04529766 +0.04728162 -0.00683949 +0.07496427 +0.02411339 -0.04796173 -0.03249012 +0.03258163 +0.03948248 -0.01410197 +0.02637401 -0.07233779 -0.00148846 -0.01647298 +0.02293864 -0.05041075 +0.06539256 +0.03738265 -0.03637269 +0.01887733 +0.03996956 +0.02795577 +0.01391842 +0.06211920 -0.03219366 -0.05732323 -0.00408187 +0.05721154 +0.04977059 +0.00618034 +0.08998833 +0.04514565 +0.02271663 +0.04854148 -0.02312322 +0.06943464 +0.01553202 +0.04785314 -0.00193269 +0.02332680 -0.04145037 +0.02284875 -0.04672842 -0.04118355 -0.01500557 +0.04296290 -0.05655307 -0.02548208 +0.03129824 -0.03769402 -0.06227957 -0.06664856 -0.07955990 -0.01107269 +0.05317008 -0.06237005 +0.01269169 +0.03518535 +0.02090011 +0.05009107 -0.06255530 +0.04719491 -0.03639345 +0.04199370 +0.03247873 -0.03155228 +0.02690803 +0.01236878 -0.02317380 +0.01003440 +0.07525025 +0.06013023 -0.01016481 -0.01827795 -0.03430248 -0.03309147 -0.02867830 -0.03321131 -0.05267400 +0.00497410 -0.00739894 -0.03127791 +0.05897976 -0.00995140 +0.01122138 -0.00606766 +0.03823689 +0.06577424 +0.03549384 +0.03405238 -0.01373358 +0.00228013 -0.00894623 -0.04396007 -0.05258202 -0.02367577 -0.03126466 +0.01283013 +0.01810299 -0.04430859 -0.04553041 -0.01654087 -0.02394454 +0.04803572 -0.02098052 -0.04769838 +0.07690729 +0.04060675 -0.01871406 +0.00457488 -0.05322966 -0.03426549 +0.01955736 -0.01757652 -0.04645155 +0.02011928 +0.00183057 +0.03671217 -0.05924752 +0.02989386 -0.03424551 +0.05669009 +0.01450356 +0.03588032 -0.04210788 -0.04363810
-0.03949809 +0.03541180 -0.02118674 +0.02732243 +0.01756835 -0.04505751 +0.05489663 -0.01580674 -0.03025749 -0.01042584 -0.02423944 -0.00666706 -0.01654846 +0.00426729 +0.04755571 -0.04991383 +0.03833625 +0.02275249 -0.00068100 -0.03465749 -0.03820516 +0.03764037 -0.05564860 +0.03282226 +0.08620544 +0.01232399 +0.04474381 -0.06514823 +0.03085695 +0.00058823 +0.03276960 +0.07656990 +0.00612670 +0.03216552 -0.04245434 -0.02857826 +0.03420039 +0.03380622 +0.03948710 +0.00663264 +0.00066080 -0.04521428 +0.04206412 -0.03510052 +0.00970007 +0.07775261 -0.03195625 +0.06300095 -0.00559195 -0.07901766 -0.02454454 -0.08353702 +0.03439892 -0.04370221 +0.06746899 +0.08487856 -0.04349753 -0.06323545 +0.02031842 +0.00639568 +0.02500066 -0.03797475 +0.02804094 -0.02438440 +0.03604289 +0.05360671 +0.01853001 -0.04336598 -0.04936263 +0.07065188 -0.07317850 -0.01906759 -0.01127609 -0.06107587 -0.04227516 +0.05785732 +0.06065947 +0.03278226 -0.03226626 -0.01355917 +0.02547586 +0.07661424 +0.01278439 +0.02689599 -0.07834298 -0.07594340 -0.01601282 +0.01629448 +0.01402510 +0.00289939 -0.04698359 -0.08150414 -0.04083313 -0.03984009 -0.03429168 -0.02554479 +0.00863455 -0.01575791 -0.02080130 -0.07662318 -0.05545726 +0.01939852 -0.01206963 -0.05594079 -0.00553789 +0.06580407 +0.04035129 -0.00033763 +0.05310824 +0.06987310 +0.00822054 +0.05941432 -0.03130258 -0.04285520 -0.04763222 -0.03431299 +0.05753013 +0.02777700 +0.04556783 -0.03100454 +0.01200737 +0.08279114 +0.04003092 -0.01856812 -0.01972813 -0.01938966 +0.03959474 +0.02902703 -0.05836857 -0.03992042 -0.03442050 +0.05017714 -0.04754049 +0.07503311 -0.05434543 +0.01229397 +0.02369082 -0.03770354 +0.05721119 -0.03536864 +0.02739964 +0.03730723 -0.01104808 +0.04330525 +0.06098321 -0.02155036 +0.01030396 +0.01146964 +0.01455534 -0.00971923 -0.00472431 +0.05491916 -0.05981063 +0.02418079 +0.04993494 -0.01857601 -0.05304384 +0.04925318 -0.05412366 -0.02572966 +0.05018593 -0.01655705 +0.02818248 -0.05864018 -0.02558227 -0.02422598 -0.03313044 -0.00288508 -0.00632877 -0.06625813 +0.04398231 -0.02231534 -0.01320366 -0.06371028 -0.08007277 -0.00478929 +0.02815264 -0.01864658 -0.02354353 -0.01727960 +0.05312325 -0.05652323 +0.01983822 -0.04391847 +0.02792892 +0.00357092 -0.00106085 +0.01459325 -0.06215061 +0.07595952 -0.02833926 -0.07275998 -0.02301562 +0.00992615 +0.03569670 +0.05494171 -0.04646192 +0.01671933 -0.04612628 +0.07513595 -0.07531203 -0.00198951 -0.09744920 +0.02758898 +0.02506771 +0.04074919 +0.07954884 -0.01858792 +0.02134431 -0.00799970 -0.02780512 -0.05376842 -0.03907781 -0.01910095 +0.03322979 +0.04439968 +0.01932506 -0.00914509 +0.04761979 +0.07488513 -0.01596430 +0.09423622 +0.02248445 +0.03217971 +0.05195039 -0.02092441 +0.03241800 -0.00615300 -0.03908142 -0.03942341 -0.03009808 +0.00130152 +0.01186488 +0.01966497 +0.00614522 -0.04652560 +0.08764234 -0.07170532 -0.02154655 -0.04539556 +0.03755848 +0.03182292 +0.00947262 -0.04472147 +0.01278688 -0.05757710 -0.00003033 -0.01266428 +0.01469710 +0.02487323 +0.03541091 -0.05168374 +0.04286937 +0.00763881 -0.01337318 -0.09796248
+0.03011410 +0.01724353 +0.00441524 -0.03234955 -0.01172970 +0.05162927 +0.01092061 +0.07869489 +0.01931207 -0.05530972 +0.02151042 +0.03289397 -0.02046363 +0.04943311 -0.01226388 +0.06209878 +0.03589816 +0.01945982 +0.02242080 -0.02778811 +0.02693459 -0.00481129 -0.03848807 +0.04025159 -0.02308098 +0.03879763 -0.02012342 -0.00114537 +0.05947769 -0.02013955 -0.05324176 +0.00331978 -0.00314955 -0.00550610 -0.04004756 -0.03971390 +0.05626304 +0.03874191 +0.05542190 -0.00703537 -0.05166152 +0.00002465 +0.06294291 +0.03240178 +0.03304621 +0.00296442 -0.04400142 +0.08323066 -0.04847537 +0.00873376 -0.01596593 +0.01795970 -0.04484222 +0.05531507 -0.02754353 +0.06712346 +0.00065514 -0.01005482 -0.01910253 -0.03537251 -0.03216301 -0.03944008 +0.04820254 -0.02690909 -0.03801103 +0.00346338 +0.09600314 -0.08409996 -0.01054638 -0.07834710 -0.02328506 -0.01603276 -0.02815074 +0.05310223 -0.04812983 +0.09416429 -0.03329038 -0.09903963 +0.01196034 +0.04074923 -0.05351206 +0.04125935 -0.03403926 +0.06643745 +0.00736902 +0.03784612 +0.04887945 +0.03081688 -0.00848601 -0.09013629 +0.00945955 +0.03576472 -0.04127049 +0.06291529 +0.04673673 +0.03039562 +0.00814108 +0.00424914 +0.00246174 -0.02543824 +0.03293912 -0.05460975 -0.04159787 -0.00256871 -0.00190989 +0.05664624 +0.02282316 +0.07766731 -0.07157797 -0.04099023 +0.05555516 +0.01580245 +0.01686518 -0.05752125 -0.04667703 +0.00814169 +0.05814076 +0.03650947 +0.04237750 -0.06016974 -0.00563872 +0.07187899 -0.04194663 +0.05026965 -0.01920204 -0.08632939 -0.01984670 +0.09746370 +0.01839656 +0.05197080 -0.05024832 -0.03523787 +0.01235694 +0.04002560 +0.05385095 -0.04812944 -0.04618540 -0.05058526 -0.04016600 +0.03921694 +0.05830867 -0.04192717 -0.04913462 -0.00883446 -0.05607831 -0.03621032 -0.04776991 +0.00470206 +0.02295584 -0.03408195 -0.01498523 +0.03853358 -0.00002130 +0.03729015 +0.05580392 +0.04256018 +0.03141686 -0.03160025 +0.04155122 +0.01546999 -0.01886220 +0.00299571 +0.03726596 -0.04930235 -0.01034852 +0.02095523 -0.02412356 -0.04402323 +0.02417478 +0.00908326 -0.01384161 +0.03291890 -0.00751638 -0.01358767 +0.05134669 +0.00543252 -0.01770821 -0.00555766 -0.03294650 -0.02728242 -0.08625142 -0.03109819 +0.00251248 +0.00413773 +0.03347635 +0.03335854 +0.07341287 -0.06335426 -0.01494678 -0.03190213 -0.00927189 -0.03069829 +0.01832019 -0.03226504 -0.03160464 +0.01733121 -0.03269171 +0.05291419 -0.06501275 +0.05246320 -0.01845667 +0.02720832 +0.05795731 +0.02887198 +0.02631241 -0.07268424 +0.05640695 -0.03009176 -0.01043085 -0.01644560 +0.05677611 -0.03140229 -0.02248497 +0.00512693 +0.00912565 +0.02189012 +0.00042097 -0.06450747 -0.05822035 -0.02133515 -0.02902033 +0.03627351 -0.01870261 -0.04100665 -0.02027952 -0.02246264 -0.03898538 +0.06761245 +0.05113954 +0.02792282 -0.02761261 +0.01978024 -0.02040210 +0.05485745 +0.02628404 +0.04040940 -0.05615291 +0.04303960 -0.10399175 +0.07488073 -0.01587856 -0.03132696 -0.04020388 +0.03557551 +0.02075366 +0.04793865 -0.05626952 -0.01367775 +0.03178006 +0.00804428 +0.05439264 -0.03509051 +0.00684079 +0.00792002 +0.08063197 +0.05035137
+0.01061452 +0.00757302 +0.02358521 +0.06474353 -0.00248782 +0.10051078 -0.00610515 +0.00071074 -0.00142167 +0.05781990 -0.03928560 -0.05153901 -0.05249796 +0.05450967 +0.04814577 -0.03860152 +0.04697966 -0.00220198 +0.14343622 -0.03598085 +0.10903035 -0.00431703 -0.09744740 +0.04400911 -0.05446099 -0.01787457 -0.07204133 -0.04777029 +0.12082677 -0.04201087 +0.02292652 -0.04167887 -0.13676266 -0.00679405 -0.04716057 +0.17200425 +0.07740073 +0.10560001 -0.04867003 +0.05509362 +0.04415350 +0.07155498 +0.08104593 -0.00914372 -0.04299370 -0.00528016 -0.03453968 +0.03581846 -0.00106276 +0.02906355 +0.06705888 +0.09346823 -0.02895512 +0.00759414 +0.04153951 +0.06509937 +0.05602890 +0.06298693 +0.00595324 +0.04804829 +0.01063573 -0.06145821 +0.05481547 -0.09106798 +0.02683741 -0.09187993 +0.10887879 -0.04000670 +0.04808769 -0.01523280 -0.02135898 -0.10639245 -0.03326646 +0.04899604 +0.03687834 +0.12430544 -0.12671944 -0.13881774 -0.07830098 -0.03681929 -0.06724271 -0.04990327 -0.04184477 +0.13435924 +0.07384772 +0.05601300 +0.05676324 -0.02659529 +0.07169641 -0.04516179 -0.03829034 +0.04627474 +0.00050114 -0.00416285 +0.07277945 -0.00449944 -0.06281138 -0.06453037 -0.03653057 -0.07679453 -0.13359921 +0.00778178 -0.04517839 -0.09381860 -0.02335083 +0.20152904 +0.08221026 -0.01676569 +0.02830083 +0.03570018 +0.00035954 +0.06525081 +0.08194132 +0.02904675 -0.01846206 +0.02622683 +0.10579141 -0.07072945 +0.12386035 -0.00263395 +0.17694284 -0.03698802 +0.04819583 -0.09264845 -0.00850909 -0.10054594 -0.09769383 +0.02363016 +0.08621708 -0.07464790 +0.06654058 -0.13136879 -0.08321079 -0.08668823 +0.10000572 -0.11748929 +0.01124575 -0.14114785 +0.10184591 +0.00315066 +0.05423008 +0.10765553 -0.10060788 +0.06531649 +0.03640394 -0.01765114 +0.00454219 +0.00685232 -0.08905813 -0.02239433 -0.08882613 +0.06120381 -0.01510380 +0.02695933 -0.07188139 -0.01704589 +0.09051277 +0.06763452 +0.10199074 +0.04893927 +0.07937170 -0.07399649 -0.04475236 +0.02504981 +0.05385651 +0.04467406 +0.00804399 +0.12278897 +0.01779277 -0.03281104 +0.10917830 -0.06493678 +0.02984993 +0.03921592 +0.08637851 -0.06830214 +0.04373321 +0.02595710 -0.06299583 -0.01076411 +0.01056028 -0.05353673 +0.07885139 -0.07201662 -0.00950019 -0.18738696 +0.05471392 +0.07553502 -0.00505893 +0.03546479 -0.03843464 +0.01597147 +0.07218294 -0.03597995 +0.07021839 -0.04948224 -0.02142933 +0.01808984 -0.16367537 -0.05267012 -0.02394549 +0.08898181 +0.07861621 +0.03502295 +0.01912111 -0.10294636 +0.02735667 +0.00109942 +0.06410825 +0.05189890 -0.09502568 +0.05594079 -0.01132722 -0.04333145 -0.04203171 -0.13264924 +0.08157042 -0.06549246 -0.07697944 -0.14651352 -0.00502434 -0.01838152 +0.05819429 +0.00193987 +0.07533471 +0.03528044 -0.08936246 +0.13629943 -0.06606348 +0.03001313 +0.02652389 +0.05742174 +0.12001534 -0.12216470 +0.13331085 +0.01936633 +0.00319785 -0.02384140 +0.00901643 -0.01541088 -0.07501242 -0.15220049 -0.03966837 +0.05045458 +0.00077396 +0.11181748 -0.02855378 -0.06158990 -0.07972563 +0.02017467 +0.03695991 -0.00306120 +0.02598282 +0.08391680 -0.06347713 +0.04858392
-0.03132699 +0.00041081 -0.00889423 +0.00412147 -0.00595850 -0.00097246 +0.09116960 -0.01148308 -0.02673469 +0.01702715 +0.03656815 +0.02868803 +0.01556721 +0.00520342 +0.09395679 +0.06139801 -0.10416090 -0.06049509 -0.03670090 +0.01471627 +0.00677316 -0.00162985 +0.04020332 +0.06877223 -0.09420014 -0.03177105 +0.03300043 +0.00810532 +0.07005048 +0.02979445 +0.07663845 -0.04989239 +0.01485829 -0.09554172 -0.02031290 +0.02574320 +0.01279907 -0.05356395 -0.05988015 +0.03228126 +0.06103691 +0.03927153 +0.05145626 +0.08613747 +0.00128237 -0.04449724 -0.05041065 -0.00390792 -0.00965277 +0.08294882 -0.08010845 -0.04369638 +0.01596736 -0.06885374 +0.04577750 +0.06123856 -0.07079975 +0.09708999 +0.04332293 -0.04063052 +0.00415096 +0.07429723 +0.02831361 +0.05028323 +0.02540149 -0.05758745 -0.01707727 -0.06449896 +0.07072924 +0.03437794 +0.06446815 -0.00422294 -0.05932029 -0.06169907 +0.05923549 +0.02848567 +0.03152781 +0.01288943 -0.03585217 -0.05672675 -0.03657922 -0.04109831 -0.02288446 +0.00040148 +0.04034084 -0.00561627 -0.05790012 -0.07501765 -0.05691988 -0.05906131 -0.01428853 +0.01063295 +0.03938192 +0.00255314 -0.04598416 +0.01229644 -0.02165112 -0.01125511 +0.03573350 +0.03082076 +0.06740721 +0.03143831 -0.00488960 -0.01122858 +0.03896502 +0.00056575 -0.03495764 -0.01838532 +0.06628041 +0.04186473 -0.00201337 +0.02995835 +0.01180424 -0.03040748 -0.01941499 +0.00564132 -0.05605948 -0.06408417 +0.01255214 +0.03708013 -0.03714832 -0.03858337 +0.00986101 +0.07890009 -0.00726312 +0.00874772 +0.03877569 +0.02118056 +0.05686414 -0.05532127 +0.05706551 -0.02897491 -0.05912961 -0.06963592 +0.04215788 -0.06308679 -0.04588225 -0.04388044 -0.04282933 +0.03176748 +0.04657046 -0.00732822 +0.00874715 +0.01298068 -0.01680958 -0.06232545 +0.04895647 +0.04733510 -0.01698047 +0.01792468 -0.05170724 +0.00770330 -0.00626715 -0.10217122 +0.05342861 -0.03201658 -0.04955936 -0.05463600 -0.01194143 +0.03643975 -0.03838390 -0.04260847 +0.06693494 -0.01956228 +0.00878730 +0.02043239 -0.04763735 +0.00812346 -0.02996163 +0.08152331 -0.01322052 -0.01787223 -0.04418308 -0.06711840 -0.06637824 -0.02851474 +0.02486887 -0.01079153 +0.01056758 +0.03011764 -0.04602809 -0.05960083 -0.02425214 +0.05599167 +0.00557917 +0.04225344 +0.02352009 +0.10990544 -0.04880192 +0.08739440 -0.05902586 +0.04330900 +0.08818993 +0.02767574 -0.02510895 +0.02199085 +0.04944178 -0.00059905 +0.05944623 +0.03389778 +0.02708366 +0.01194120 -0.02695654 +0.05914799 +0.08091887 +0.02244265 +0.02688884 -0.05588458 -0.05232481 +0.06000812 +0.04791055 +0.00552136 -0.00150490 -0.00168596 +0.00580222 +0.00765968 -0.00556068 +0.01007860 +0.00041416 -0.06266932 +0.03575118 -0.03860264 -0.02331375 +0.08190938 -0.02742965 +0.05857885 +0.05555671 +0.04326392 -0.01046021 +0.02846903 +0.04336013 +0.03259220 -0.03702407 -0.08917245 +0.00217193 +0.02591761 -0.01118239 -0.02914313 +0.04178916 -0.03596908 +0.03524122 +0.04369677 -0.03725308 +0.05773667 +0.05556497 +0.00040958 +0.02131495 +0.05453004 +0.02407857 -0.01456642 -0.06748353 +0.04420258 +0.00103771 -0.08576584 -0.08431214 +0.01481394
-0.03938612 -0.07136840 +0.05199310 +0.00369401 +0.09130477 +0.08546949 +0.04115071 -0.00747523 -0.05797842 -0.05652303 +0.04069912 -0.02651421 -0.07237197 +0.02798274 +0.02560695 -0.07059707 -0.03022859 -0.00719516 +0.13261120 +0.01085999 +0.04913135 +0.01662951 -0.04629200 +0.00170199 +0.04990301 +0.08933788 +0.08138398 +0.03697240 +0.02405285 -0.01959259 +0.03622090 -0.05937242 +0.06686909 +0.03099803 +0.08032002 -0.03227596 +0.05677540 +0.07573930 -0.01677382 -0.06126397 -0.00702340 +0.10663132 +0.10892515 -0.00821233 -0.00691383 +0.05182021 -0.02580854 +0.12221723 +0.04220758 -0.08040117 -0.07530980 -0.03202501 -0.04184210 -0.00514802 +0.09962290 -0.05925988 +0.03164127 +0.03099944 +0.10213841 -0.04759783 +0.05917986 +0.02261126 +0.04076217 -0.01285974 -0.01155325 -0.08521364 +0.20087515 -0.03226588 +0.00364154 -0.02194989 -0.07583223 -0.11505769 -0.03814597 -0.04802621 +0.03773878 +0.12027109 +0.01624425 +0.00409785 -0.12919280 +0.08966386 +0.04673727 +0.05993487 -0.01522006 +0.11868308 +0.00786595 +0.09466175 +0.06659608 +0.05818972 +0.06446821 +0.05385202 -0.02393942 -0.00386920 -0.03686433 +0.04518671 +0.01981410 +0.07469725 -0.01926906 -0.05590244 -0.05782593 -0.04065348 -0.04809283 +0.03201350 -0.09354199 +0.00022132 +0.05214632 +0.13754621 +0.06474096 +0.04888058 -0.12231135 -0.02461722 +0.06194128 +0.05306707 +0.05956602 +0.05406462 +0.12945658 -0.07051048 +0.13059813 -0.05581523 +0.02346887 -0.00799912 +0.01283775 +0.11872198 +0.03443477 -0.06269579 +0.00287035 -0.01439778 +0.00094218 +0.07816436 -0.00524272 -0.06211830 -0.07566516 -0.05520350 -0.01747876 -0.02829888 +0.02528508 -0.09597216 -0.01499041 -0.00055252 +0.04429279 -0.07316728 +0.05832706 +0.03908747 +0.07828879 -0.05479499 -0.03096449 -0.10317012 +0.01799609 -0.07804740 -0.02494277 -0.00817429 +0.00222532 -0.01334596 +0.04897800 +0.01445936 +0.01436776 -0.08112598 -0.03362949 -0.04412093 +0.02177034 -0.05313373 -0.03844269 +0.06434345 -0.00037427 -0.05577258 -0.02498743 -0.00416637 +0.07212993 +0.06437693 -0.03907606 -0.07739340 +0.07741216 -0.07303095 +0.02347115 -0.06220496 -0.07556175 -0.15736772 -0.05790036 +0.03942208 +0.00543043 -0.08059377 -0.05994724 -0.04872086 +0.07878254 -0.02715944 -0.05863861 -0.03113075 +0.04544636 +0.00450325 -0.05516553 +0.05994546 -0.01727445 +0.07063641 -0.09466480 -0.05359320 +0.02181992 -0.01966861 -0.02007606 +0.05650713 -0.07763831 +0.05125312 -0.09855832 +0.00275047 +0.03069773 +0.09220792 +0.00806885 +0.04804445 +0.12015413 +0.01722163 +0.02129267 +0.01155789 +0.01651861 -0.06280101 +0.08483005 +0.01409175 +0.04365901 -0.04472682 +0.02910388 -0.04355637 +0.04807764 -0.13766135 +0.05877378 +0.10988393 -0.00153468 -0.09487582 +0.08745602 +0.07798730 -0.01358166 +0.13999318 +0.04009962 +0.08629829 -0.08323659 -0.02309106 +0.15062231 -0.09892152 +0.06600787 -0.00014952 +0.02961181 -0.10791735 +0.00342372 -0.03266524 +0.08577747 +0.03553274 +0.06336237 +0.07656185 +0.09777800 -0.00572791 -0.06489982 -0.03386654 -0.09303631 +0.09723453 +0.07680141 +0.01097047 -0.00282427 +0.01180410 -0.03458207 -0.04094032
-0.03344658 +0.03872116 -0.02267585 +0.00152950 -0.03472745 -0.03954890 -0.02428211 +0.07329217 +0.04433736 -0.04134832 +0.05373089 +0.04271472 -0.00877545 -0.04020603 +0.05327145 -0.01923769 -0.01717339 +0.03693947 +0.05086398 -0.06552828 -0.02014528 +0.07707363 -0.01197719 +0.01424041 +0.01676310 +0.01486169 +0.08448493 -0.04271490 +0.05294716 +0.01583792 +0.04052090 -0.00230665 -0.02025622 -0.02631160 +0.07483990 +0.02378668 +0.05813728 +0.06506122 -0.06460737 -0.05072156 +0.06538062 -0.06087986 -0.03447967 +0.02925790 +0.06816151 -0.05067153 +0.01623682 -0.00169873 -0.02930022 +0.00882848 -0.05952755 +0.01883462 +0.02537462 +0.00977700 +0.04220933 -0.04666313 +0.11880358 +0.01226600 -0.02864216 +0.04801578 +0.02600100 -0.01737688 +0.03633629 -0.01654806 +0.01558420 +0.06670307 -0.02202439 -0.04958049 +0.07044765 +0.00870907 -0.00153786 -0.05405178 +0.03887394 -0.04768341 -0.01568118 +0.02582641 -0.01087221 -0.05099882 +0.01434918 -0.00086266 -0.07250721 -0.02853349 +0.00507937 +0.03551866 +0.02342056 +0.08093544 +0.00952401 -0.00844988 +0.00955436 -0.07324253 -0.03067109 +0.00985248 +0.04485070 -0.02812941 +0.01057945 -0.05203763 +0.08810793 +0.03569273 +0.06480221 -0.06037730 +0.03108365 -0.02194465 +0.05020716 -0.02971415 -0.03894475 +0.02826828 +0.03404212 -0.02920852 -0.01849123 +0.05728737 -0.06042714 +0.05436463 +0.06270602 +0.03320146 +0.07618770 -0.00445169 +0.05115434 +0.04371082 +0.00799124 -0.00876168 +0.02593750 +0.07397386 -0.00552930 +0.04793559 -0.06470683 -0.01176227 -0.02237419 +0.03066604 +0.07497068 -0.00358829 +0.00836991 +0.00929702 -0.04265932 +0.03870318 +0.00525309 -0.01651059 -0.03480336 -0.04664695 +0.02236122 -0.06562636 -0.03255688 +0.01390964 +0.02292410 -0.01388791 -0.03556872 -0.04202214 -0.02092316 +0.05189333 -0.04564062 -0.05550770 +0.06045476 -0.03070981 +0.05345928 +0.01539660 +0.04149574 -0.03633524 -0.03988508 +0.00644833 +0.08205416 -0.01779391 -0.01769742 +0.00058839 -0.03166578 -0.08432779 +0.04124591 +0.00012134 +0.05028332 -0.01429317 +0.04164711 +0.01777503 -0.03460358 -0.04871139 +0.01918724 +0.07384123 +0.06702332 -0.12573026 +0.01147176 +0.03731411 -0.04480541 -0.01299695 +0.03384659 +0.05693487 +0.04482928 +0.02312315 -0.01137578 -0.06019434 +0.06233786 -0.00482003 +0.02209560 -0.02143759 +0.07179786 +0.01567551 +0.00177581 +0.02305160 -0.00097723 +0.04259354 -0.04611342 +0.09618674 -0.05412917 +0.05217727 +0.01763721 +0.10937000 -0.01635967 +0.06081920 -0.02838619 -0.03358230 +0.03545013 -0.00201487 +0.01706729 +0.07556586 -0.04136635 -0.01083586 +0.01668899 +0.00203200 -0.02491974 +0.00722713 -0.01241305 -0.03662003 -0.03506454 -0.09125564 +0.03350727 +0.02912251 +0.02743163 +0.05537586 -0.01850904 +0.01730197 +0.00272749 +0.08642842 -0.03684591 +0.01352894 -0.04381614 -0.03863743 +0.02926420 -0.02389329 +0.04257789 -0.07772057 +0.02096766 +0.05201922 -0.05091302 -0.05401988 +0.01238654 +0.00918201 +0.07193971 +0.04799384 -0.00804104 +0.03131337 -0.02089012 +0.03211555 -0.03259398 -0.06891347 +0.00936106 +0.00070046 +0.02273472 -0.06298802 +0.03849367 -0.00301850
-0.01230079 +0.10211834 -0.11163133 +0.08027603 -0.07424098 +0.01339502 +0.16123971 +0.05519288 -0.08098999 -0.05872568 -0.03092723 -0.00959893 +0.07209644 +0.09228402 -0.04099918 -0.03665956 -0.09755149 -0.01468144 +0.01507746 -0.09301078 -0.03109947 -0.00986922 +0.00482236 +0.06285096 +0.04216314 +0.09739222 +0.03844858 +0.08092313 +0.08729058 +0.09563360 +0.01836527 -0.07386799 +0.05746967 -0.10360886 +0.02453981 -0.03791096 +0.07555515 -0.04498052 -0.01716461 -0.01365139 -0.02505751 +0.07662448 +0.07412764 +0.05311373 -0.00674124 +0.07085589 +0.02428633 +0.04653570 -0.04512753 -0.00798923 -0.04407953 -0.04607530 +0.00235035 -0.02299028 -0.05175259 +0.03939516 -0.10190991 -0.00840974 +0.04664661 +0.01269994 -0.03308588 -0.06975617 -0.00373062 +0.06889182 +0.02789004 +0.01682466 +0.06585794 -0.08978839 -0.04673922 +0.07660238 -0.01249607 +0.03955146 -0.08001395 +0.01370344 +0.05768652 +0.01631857 -0.10111877 -0.00111263 -0.02722630 +0.02992030 +0.09883046 +0.03639176 -0.02851638 +0.06646714 -0.04360956 +0.00816593 -0.02821915 -0.01907182 -0.03461151 +0.04089061 +0.05149696 +0.05004018 +0.14589958 -0.03094260 +0.01891737 +0.01760794 -0.03560477 -0.03300571 +0.12268440 +0.00867417 +0.05960971 +0.06297769 -0.13900068 -0.05779855 -0.08281086 +0.07756067 +0.04879968 -0.00223158 +0.07608558 +0.00999664 -0.06441175 -0.01163435 +0.05231290 -0.00843351 -0.09586213 +0.01821806 +0.08085870 -0.00761417 +0.00973663 +0.06737459 -0.06282542 -0.03909406 -0.05821156 +0.05743502 +0.03111473 -0.12836537 -0.09008943 +0.12880342 +0.04073595 +0.01483914 +0.03116259 -0.00484672 -0.13378319 -0.11816878 +0.06894588 -0.02283171 +0.03109007 +0.02376498 +0.03499037 -0.03663861 +0.01325371 +0.04529002 +0.00665311 -0.02643279 -0.01449130 -0.07474003 +0.05099396 -0.02894432 +0.04520124 -0.03019602 -0.10691106 -0.00266846 +0.12633175 +0.03443301 +0.01255561 -0.01701420 -0.07439461 +0.01717743 -0.06818703 -0.01780871 +0.01504908 -0.01359789 +0.04500537 +0.03609351 +0.02999062 +0.03590105 -0.05324283 -0.09658148 +0.02365998 +0.05881392 +0.03650888 +0.03215202 +0.08795297 +0.00865817 -0.02179519 +0.01361738 -0.06254733 -0.06231572 -0.01124942 -0.00327766 +0.05872015 -0.03843533 +0.00866881 +0.07852706 -0.06561837 +0.09392492 -0.01908475 +0.04068707 -0.03126190 -0.00333939 +0.10462025 -0.08518945 -0.02797771 +0.05294587 +0.10954526 +0.06759386 -0.00948337 +0.12679303 +0.11695816 -0.02833216 -0.01028067 +0.00612691 -0.05577905 +0.01563125 -0.10074059 +0.08440084 +0.08369987 +0.09328658 +0.06831868 +0.03942544 -0.04483116 -0.02068045 -0.08884757 -0.04985720 +0.02202835 -0.04378827 +0.00944265 +0.00791908 +0.02056292 +0.04893843 +0.05993358 +0.15312123 +0.00430517 +0.00554961 +0.01340809 +0.11728895 +0.03439643 +0.05173529 -0.00959396 -0.03296765 -0.12314607 +0.06661883 +0.01478458 -0.00231730 +0.09168154 -0.05843398 -0.10092191 +0.10581893 -0.05110603 -0.05861605 -0.05260204 +0.06756824 +0.01723015 +0.05284273 -0.05895079 -0.06912503 -0.00519499 +0.04340445 -0.00510734 +0.07132458 -0.03758734 +0.02613178 +0.03800685 +0.06644793 -0.00290513 -0.05597470
-0.02139799 +0.00439511 +0.01900613 -0.03013471 -0.00699660 -0.01086388 +0.00063525 +0.03983248 -0.01484314 -0.00598346 -0.01644405 -0.03038421 +0.04778202 +0.05142872 +0.00567224 -0.02722917 -0.03002062 -0.03826289 +0.05230109 +0.00473210 +0.03371679 -0.03365928 -0.07860783 +0.02547857 -0.01246235 +0.05182903 +0.03441921 +0.00329640 -0.05700831 -0.01969430 -0.00363314 +0.03396684 +0.03139680 -0.01196501 +0.02800638 -0.01168379 +0.00275179 -0.06329110 +0.00090163 -0.05341604 -0.06597577 -0.05933171 +0.02148007 -0.02510107 +0.00911913 -0.03892613 -0.04485555 +0.04279553 -0.01997731 -0.00088610 -0.03392613 +0.03001567 -0.01999084 +0.02829113 -0.05509048 -0.01840492 +0.05391129 +0.04760139 +0.02746972 +0.00827630 +0.07391958 +0.04846982 +0.04701108 -0.02639336 -0.00307333 +0.02651751 -0.03564085 +0.04532599 +0.00905473 -0.04650307 -0.05552499 +0.01539094 +0.01246302 -0.01426599 +0.02071747 -0.04696105 -0.05329148 -0.01990214 +0.01888456 +0.00592725 +0.02610939 -0.02965233 -0.04198563 -0.00179126 -0.04432613 +0.07802030 -0.05619217 -0.06903619 -0.03672452 +0.00570047 -0.04317211 +0.05078944 -0.05335373 -0.03841982 -0.04122263 +0.02900488 +0.00079099 -0.02878969 -0.04533045 +0.00481716 -0.03481320 -0.03201536 -0.03646431 -0.02448624 -0.00412913 -0.04864148 +0.04736147 +0.01570489 -0.05400174 +0.00960244 +0.01602973 -0.05838045 +0.02138763 +0.07824437 +0.05365932 +0.02920931 -0.01622975 -0.03357973 -0.03089209 -0.00589440 +0.06854678 +0.00533047 +0.02995778 -0.01093726 +0.04237344 +0.07297258 -0.00062707 +0.02300913 +0.01425939 +0.01679066 +0.07070307 -0.00364707 -0.00991909 +0.03206543 -0.00024965 -0.02181252 -0.05085947 -0.00461781 -0.01751426 +0.04894344 -0.01417635 -0.04944882 +0.00984886 +0.02657638 +0.07502306 +0.05253828 +0.03420566 -0.02249100 +0.00892558 -0.04742511 +0.04885755 -0.02968599 +0.01638046 +0.04402699 +0.04264277 +0.04738899 +0.05552517 +0.03719959 -0.01477792 -0.01886483 +0.04747885 +0.05281199 +0.00398109 +0.01437301 -0.01443222 +0.04721457 -0.03804192 -0.00584837 -0.05279818 +0.01170488 +0.04860660 -0.05097541 -0.03223764 -0.03300148 -0.06565326 -0.03305431 -0.00727598 +0.01864899 +0.00698138 -0.02383899 +0.05483306 -0.05037555 +0.00639168 -0.01656624 +0.04931382 +0.02314866 -0.04182163 +0.00324785 -0.00884136 -0.02657301 -0.04458855 -0.02948698 -0.01232652 -0.03526872 +0.03426363 -0.04638399 +0.00424993 +0.03392778 -0.02644886 +0.01059938 +0.03052738 -0.05437518 +0.04636268 -0.02248697 +0.00872712 -0.03874977 +0.01428444 +0.04732912 -0.04476758 -0.04794169 -0.01197368 +0.04896493 +0.06574140 +0.06290713 -0.02367380 +0.06824990 -0.00060467 +0.06655279 -0.02190077 -0.02830547 +0.03117568 +0.04966321 -0.01375184 -0.04127568 -0.04328046 -0.03195312 +0.02425458 -0.04571778 +0.03273565 +0.04869321 -0.03636702 -0.01548339 -0.03183168 -0.07201473 -0.04554166 -0.00240114 -0.03325024 -0.07835811 +0.04319549 +0.04584068 +0.00386650 +0.04990123 -0.00657290 +0.01608184 +0.02720789 -0.01589332 +0.05869972 +0.01999823 +0.01078018 +0.02062989 -0.00660590 -0.00987906 -0.02635472 -0.04559764 -0.04843524 +0.00452561
-0.02705810 +0.06169609 +0.01482848 +0.00536509 -0.06045887 -0.02429882 +0.06511558 +0.05125319 +0.02756299 -0.00984889 -0.03340874 -0.06160830 -0.00123646 +0.02878778 -0.05555923 +0.04035803 -0.01427299 +0.02580247 -0.04130450 -0.00661497 -0.00191194 +0.04049075 -0.01530990 -0.01858625 +0.00651265 +0.08397017 -0.04807495 +0.02990840 -0.01254026 +0.01873465 -0.02603887 +0.01062949 -0.00132639 +0.06129021 +0.04730722 -0.02619266 +0.07101093 +0.03451195 -0.02183998 -0.03140843 +0.03680640 +0.00867158 +0.05893487 +0.01065182 +0.00213885 +0.05450006 +0.02887015 +0.02005066 +0.08412425 -0.03647724 +0.00549058 -0.04704805 +0.03126360 +0.01725515 -0.04657282 +0.00736179 -0.06797803 +0.07545009 +0.00762155 -0.06309216 +0.04707645 +0.01491852 -0.05754935 -0.05898281 +0.00849424 -0.06792580 +0.10659827 +0.03389602 +0.03711721 -0.03058234 -0.00961312 +0.07166551 +0.06162958 +0.01186742 +0.00493204 +0.01917520 -0.05251084 +0.01998325 -0.00565343 +0.01049379 -0.02288627 -0.02677936 -0.02297013 +0.09738705 -0.00827579 +0.03820761 -0.01288305 +0.07058397 -0.06706857 +0.00215160 +0.01843843 +0.03060028 +0.00798862 +0.04665888 -0.02995538 -0.02063897 -0.02154939 +0.04283850 -0.03087366 -0.04651209 -0.04855435 +0.02573733 -0.02264233 +0.03837692 +0.00834077 +0.01241959 +0.00127994 -0.01600231 +0.06148502 -0.00469221 +0.00358370 +0.00371800 -0.04587816 -0.07057716 +0.04119217 +0.02684447 +0.09182253 -0.06191097 -0.01979207 -0.00506580 -0.00666180 +0.06146193 -0.00055057 -0.03356899 -0.00170102 +0.03170975 -0.01573696 +0.04694859 -0.02074404 +0.02084018 -0.06706262 +0.07970408 -0.05574737 -0.05146443 -0.03087850 -0.02040022 +0.01349756 -0.04692442 -0.01995238 -0.04112592 -0.01305732 +0.08229831 -0.03747020 -0.04318274 -0.01421590 +0.09147830 +0.00070495 -0.03533687 -0.03863364 -0.00000972 -0.01422477 -0.02882049 +0.06784330 +0.02997918 -0.01144131 -0.02605636 +0.01253237 -0.02294026 -0.02456331 +0.03500823 +0.04448043 -0.00237266 -0.03902546 -0.03543274 +0.06097738 +0.02877523 +0.01008250 -0.01799200 +0.01474983 +0.06229470 +0.06773943 +0.05195281 +0.00946184 +0.02478833 +0.07086322 -0.02508772 +0.00922105 +0.02268087 +0.08612888 +0.03440244 -0.01132187 -0.05580923 +0.04090490 +0.04699460 -0.01917297 +0.03452109 -0.06947730 -0.05252786 -0.04841837 +0.00519012 +0.05800817 +0.03382424 +0.00075254 -0.06801395 +0.02685823 +0.01743234 -0.01668659 +0.04352063 +0.01071824 -0.04896346 -0.04486566 -0.08301334 +0.02994191 +0.07689638 -0.07756205 -0.03828461 +0.06200213 -0.01718793 +0.04656830 +0.03545352 -0.00424553 +0.07202981 -0.06241420 -0.01248069 -0.00678579 -0.05309635 -0.02471897 +0.04830025 +0.08532174 +0.02015368 -0.03430117 +0.02215071 +0.00725682 -0.02216440 +0.00814124 +0.06117381 -0.04133305 -0.02569773 -0.01622811 +0.08021685 -0.05169488 -0.01904811 -0.01736858 -0.00531578 +0.07496747 -0.00459770 +0.03129284 -0.03226400 -0.08003009 -0.02582371 -0.04079044 -0.06396378 -0.05081512 +0.00851023 +0.04394536 -0.02894990 -0.02703680 -0.05824817 +0.01940822 +0.03836324 -0.00952314 +0.04277732 +0.03642140 +0.10556655 -0.03005331 -0.01520661
+0.03248023 +0.04694829 -0.02714171 +0.06068644 +0.04831125 -0.03430001 +0.14297438 +0.02998867 -0.05436530 +0.05265301 +0.02586431 +0.02510691 +0.02245533 -0.02597447 +0.07437520 +0.01600250 -0.09225493 +0.01463419 -0.04198840 +0.05093868 -0.07544795 -0.00645451 -0.01653107 +0.00349115 +0.00784752 -0.06011717 +0.00896446 +0.12537745 +0.01740768 -0.02153854 +0.05140361 -0.11527176 +0.07015990 -0.10569617 -0.04483079 -0.11324745 +0.05090489 -0.01457373 -0.10735203 +0.04328964 +0.08328057 +0.06114566 -0.01113941 +0.04130724 -0.01957539 +0.10197635 -0.06581588 +0.01079366 -0.03903245 +0.00806352 -0.05796699 +0.14297532 +0.02443488 -0.05714408 -0.00660575 -0.02088679 -0.05978422 +0.00631670 +0.03257414 -0.02906574 -0.02510599 -0.01168783 +0.02721174 +0.02891246 -0.05438127 +0.01979432 +0.01418636 -0.03280582 +0.04668326 -0.06432850 +0.04338723 +0.00550720 -0.04170960 +0.04095091 -0.06441204 +0.01346868 +0.03896062 +0.06334198 -0.01474665 +0.03518974 +0.09773315 -0.03507884 +0.01458410 -0.04556152 +0.05583271 +0.04640622 +0.05930289 -0.04029938 +0.04148375 +0.01969056 +0.04034315 +0.01034641 +0.05463991 +0.02710607 -0.01375632 -0.03000265 -0.04442601 -0.04068789 +0.05763054 -0.03276640 +0.12242109 +0.07488877 -0.04187789 -0.03530205 -0.05220360 +0.04386133 +0.04688792 +0.08582693 +0.04803673 -0.00978965 +0.00582402 +0.02310696 +0.02580686 +0.04902400 -0.02196677 +0.01678276 -0.05038437 +0.01874695 -0.04449683 +0.10037232 -0.03840457 -0.13083605 -0.04292813 +0.13275355 -0.00890120 -0.01614937 +0.00734505 +0.07390331 +0.05393956 -0.04878541 +0.03345538 -0.06618714 +0.01246463 -0.03343105 -0.01733820 +0.10042424 -0.04313467 -0.01480418 -0.01612935 +0.01985701 +0.04924191 +0.02462422 +0.11233527 +0.00457409 -0.04198461 -0.05360055 +0.02383549 +0.06827510 +0.06905633 +0.05534489 -0.08689114 -0.03249481 +0.06385752 -0.10880765 +0.00569694 -0.00636971 -0.00393067 -0.00788976 -0.03931119 +0.00775699 -0.05509400 +0.00812439 +0.04129465 +0.04225466 -0.04421145 -0.02908672 -0.09269639 -0.04195135 -0.05602413 +0.07254992 +0.01192242 +0.05741566 +0.07450674 +0.04220108 -0.04133144 -0.00084470 -0.05890796 -0.03665939 -0.12618452 +0.01459268 -0.01314858 +0.05717693 +0.04286244 +0.14099292 -0.02814132 +0.10163739 -0.00214608 +0.04434882 -0.06894606 +0.05106676 +0.05984105 -0.03346377 +0.06472826 +0.04046053 +0.05770076 +0.01967761 +0.05161003 +0.11419113 +0.09999441 -0.09011601 -0.05833257 +0.02386580 +0.07047593 +0.06598084 +0.01902323 +0.06112777 +0.02976305 -0.03313465 -0.06187908 +0.00655819 -0.06893078 -0.05420021 -0.01129177 -0.06594402 -0.05767838 -0.07851521 +0.01071985 -0.06083668 -0.01168303 -0.02407185 -0.00739909 +0.03090058 -0.03423948 +0.04462630 -0.05039234 +0.12050629 +0.09327643 +0.05187705 -0.03458095 -0.05460927 +0.01364159 +0.06649145 -0.01701662 -0.00628958 -0.04966877 +0.02912696 +0.03960213 +0.01255129 +0.04337848 +0.03775682 +0.00663740 +0.11475965 +0.10198828 +0.01530008 +0.03900085 +0.00358172 -0.05934983 +0.03035956 -0.01200804 +0.01330839 -0.01019167 -0.05176068 +0.01658536 +0.00525162 -0.05431721 +0.03192302
-0.05461797 +0.01519505 +0.00411560 +0.05023210 -0.06307940 +0.00259257 +0.06203089 +0.06570373 -0.02734468 +0.03592863 +0.03815649 -0.04137441 +0.01969083 +0.09338140 +0.01890452 -0.03873099 -0.07881402 -0.02631194 +0.06818375 -0.00294362 +0.05319726 +0.11876152 -0.02593421 -0.07399016 +0.02317875 -0.00753239 -0.01516194 -0.00860325 +0.12674442 +0.08870260 +0.08190932 -0.04491550 -0.00238859 -0.02328421 -0.02530560 +0.06541312 +0.08531914 +0.03775768 -0.02566207 +0.01031696 +0.08038738 -0.05097266 -0.01291594 +0.05773326 +0.13584080 -0.05345093 -0.07406887 +0.00327820 -0.01336766 +0.04456910 +0.00353952 +0.03938358 -0.03924043 -0.05688341 +0.02710133 -0.02051874 +0.11245374 +0.03186787 +0.01759624 +0.03743667 -0.01340584 -0.04751076 +0.02357996 +0.01221975 +0.01539087 -0.01464198 +0.00621410 -0.04831407 +0.01486068 -0.00902982 -0.03558789 +0.01714946 +0.01249828 +0.01335837 +0.02213347 +0.02975644 -0.03587006 -0.01986317 +0.00367742 -0.04004792 -0.06234663 +0.06912702 +0.00504018 +0.07643214 -0.01837626 +0.06266264 +0.05357224 -0.05451981 +0.02510423 -0.01974693 -0.01958838 +0.01149582 +0.09471356 -0.08966511 -0.03922702 +0.05245582 +0.00227169 -0.00778880 +0.05130526 +0.04125232 +0.10629942 -0.07948452 +0.03655518 -0.05374438 -0.03301559 +0.02744740 -0.01749268 -0.04729314 +0.08335460 +0.05720949 -0.04424803 -0.03285636 +0.07223587 +0.00079326 -0.03861826 -0.02559173 +0.01869333 -0.00628754 -0.02006967 -0.03339812 -0.01198429 +0.00566609 -0.06014592 +0.11665285 +0.00982798 -0.05663808 -0.00901354 +0.11853637 +0.12696506 -0.02898726 -0.03533463 -0.08414327 +0.01066599 -0.07647023 +0.02415630 +0.02860611 -0.00015368 -0.02758816 -0.04126844 +0.03632710 +0.02413826 -0.00120123 -0.03879635 +0.07177898 +0.08641074 +0.07966544 +0.07623557 +0.09420100 +0.05091668 +0.00135413 -0.04321769 +0.04497961 +0.07640132 +0.05410981 -0.00674941 -0.02837842 -0.01637693 -0.01699365 +0.09360532 -0.03193774 +0.03619609 -0.05562570 +0.07482307 -0.05043812 +0.03365825 +0.08157573 +0.03182271 +0.04796264 +0.05140654 +0.06934395 +0.03130349 +0.03611718 +0.13095847 +0.02560772 +0.00315489 -0.02329330 -0.02014315 -0.04078620 +0.04400066 +0.06258217 +0.02566271 +0.05034318 -0.00979878 -0.02860738 +0.08303073 -0.04372411 +0.00503220 -0.02937322 -0.01140307 -0.05706580 +0.01868300 -0.04714007 +0.03774138 -0.05808668 +0.03183454 -0.07524927 +0.08144342 +0.16659518 -0.07866287 +0.03448325 +0.04295267 -0.04554740 -0.00207007 +0.04093584 +0.02406492 +0.07127009 -0.07963137 +0.04769792 +0.04732639 +0.01754392 +0.03122169 +0.10133559 -0.01623579 +0.01984177 -0.03272971 +0.03222081 -0.03970050 +0.02435315 -0.07746991 -0.04211673 -0.00379088 -0.00438020 +0.00235208 +0.01430704 +0.01766382 +0.02202647 -0.06097589 +0.02674554 +0.02522689 -0.03281487 -0.03077245 -0.01511450 -0.02075876 +0.06371027 +0.06401881 +0.01449858 -0.03498556 +0.03516404 -0.03966473 +0.01036334 +0.04120843 -0.04965198 +0.04017937 +0.01798683 -0.07122450 -0.02182854 -0.00469554 +0.05413835 +0.04820531 -0.03038589 -0.03225243 -0.05200470 +0.10422729 -0.11104161 -0.04354400 +0.03037646
+0.01622006 -0.03708890 +0.03504014 +0.01544423 -0.09260301 +0.00956372 +0.01791507 -0.08531536 -0.01530131 +0.03264114 -0.02103890 -0.01681037 +0.05442818 -0.04569281 +0.07661422 +0.02387545 +0.01413384 -0.06062328 -0.06353275 +0.04554706 -0.04818203 +0.04436119 +0.04543817 +0.02333062 -0.05138109 -0.04000914 -0.01543861 +0.04964244 -0.09226056 +0.00265799 -0.04634441 -0.02987655 +0.01873322 +0.04247077 -0.07260586 -0.04773718 -0.07806385 -0.05636572 +0.03049879 +0.02604938 +0.01256278 -0.06501476 +0.09628686 -0.03347659 +0.04847293 -0.00277246 +0.05056722 -0.05512981 -0.02329046 +0.08818281 +0.07195635 +0.01424076 +0.00643567 +0.04876958 -0.00834552 +0.00529044 -0.14526871 -0.00208355 -0.09185889 +0.07518432 -0.02452551 +0.04899511 -0.02516028 +0.05345516 -0.05659500 -0.06520047 -0.00030163 +0.07537638 -0.02325859 +0.08712651 +0.11367039 +0.07838598 -0.03281019 +0.00395736 -0.02883179 -0.12093567 -0.01701480 +0.10062612 +0.04598705 -0.03355822 -0.02258179 -0.09629419 +0.04931113 -0.12968999 -0.00138460 -0.07803198 -0.05685375 -0.04053304 +0.04279820 +0.03792001 -0.03909997 -0.03837877 -0.05108211 +0.01442397 +0.06921797 -0.03829649 -0.05282377 -0.03150556 +0.01765616 -0.02959596 +0.03281583 -0.06287375 -0.02416471 -0.04665341 -0.01162396 -0.02299197 -0.09250405 +0.01947357 +0.01260434 +0.01271624 -0.02242082 -0.11250889 -0.01366909 +0.06759433 +0.01446146 +0.00363518 -0.18259002 +0.05168450 -0.08261908 +0.09625652 -0.02326206 -0.08094895 -0.05226002 -0.02808205 +0.07102101 +0.10595104 +0.08230152 -0.08578644 -0.06536505 -0.00532962 -0.00221849 -0.02093204 +0.07322459 +0.00577991 -0.02265945 +0.02310025 +0.07878785 +0.01034344 -0.02258157 +0.10872081 +0.01646846 -0.00716135 +0.02901212 +0.07540432 +0.01645075 +0.15337065 -0.03558730 -0.05669430 -0.00679316 +0.02576341 +0.02441669 -0.03267478 -0.04501716 -0.03878984 +0.05841997 -0.02554360 +0.02766574 -0.07498256 -0.06226094 +0.01863415 +0.06814129 -0.01636107 +0.00710576 +0.03874301 +0.01718192 +0.05701621 -0.02933559 -0.00707422 +0.01984882 +0.03416110 -0.05556721 +0.04089854 -0.06530812 +0.01573639 +0.07444072 +0.10537199 +0.01484221 +0.06603816 +0.04792013 +0.02221380 -0.04053072 -0.01792402 +0.06100874 +0.01540830 +0.05513629 +0.02013731 -0.05996521 +0.04185620 +0.04997351 -0.00498881 -0.03674816 +0.09523719 +0.05084484 +0.10835820 +0.00121301 +0.00041556 -0.00783178 -0.14219476 +0.07924868 -0.04535576 +0.08577448 -0.01735217 -0.01290432 -0.05236521 +0.09053082 +0.04223989 +0.06718415 +0.01753611 +0.04440076 +0.00924998 -0.00782407 -0.03543972 +0.05858362 +0.00676398 +0.07448277 +0.07476918 +0.06205208 +0.09391478 -0.04583533 +0.11335062 +0.00354649 -0.04860032 +0.02835977 -0.01547863 -0.01827983 +0.05190004 +0.08308110 -0.07047199 +0.04845375 -0.03179030 +0.06127765 +0.00391298 -0.06208348 +0.04315361 +0.03120383 +0.05304495 -0.03618474 +0.01086949 +0.07739111 +0.03165024 +0.15521695 +0.04713948 -0.04359248 -0.00846031 -0.00387192 +0.05289744 -0.03105217 +0.04318257 -0.02734893 +0.00457890 -0.01385634 +0.09509235 -0.11410172 -0.00031473 -0.02181742 +0.04730231
+0.03807212 -0.07432943 -0.11652650 -0.04271585 +0.06454013 +0.03812475 +0.00281713 +0.01089134 -0.05542680 +0.01467514 -0.04948798 -0.04751947 -0.06655131 +0.04488521 +0.01536264 -0.09351061 -0.01297673 +0.09435079 +0.02962527 -0.08201691 +0.00387999 -0.11525563 -0.09830234 -0.00949505 -0.02169704 +0.07113126 -0.02787737 -0.02619462 +0.03428306 +0.02135368 +0.04548444 -0.08091141 +0.02720436 -0.09439562 +0.00139081 -0.07073950 +0.05680940 +0.02965657 -0.07060886 -0.00731951 -0.02223295 +0.08571643 -0.03893224 -0.03677953 +0.03639393 +0.12788533 +0.03237347 +0.02227440 +0.01891224 +0.03727005 -0.04772518 -0.04318422 -0.01970163 +0.05140338 +0.07752456 -0.04320745 +0.02243107 -0.02352083 -0.03024667 -0.05277959 -0.05993711 -0.05008416 +0.05604828 -0.00139502 +0.00976741 +0.07856517 +0.02773880 +0.02943360 +0.03630959 +0.02536397 -0.01075940 -0.01036210 -0.09764300 +0.04372722 -0.01607508 -0.00378616 +0.01832229 +0.10412022 -0.06404362 +0.08757865 +0.11110008 -0.00854247 -0.02983356 +0.06821164 -0.04804309 +0.01156018 +0.07494006 -0.04225744 +0.02720113 +0.03171268 +0.01446155 -0.05080386 -0.02607053 +0.05679387 -0.04064050 +0.04133648 +0.07820706 +0.04319074 +0.05882667 +0.02024660 -0.04900764 +0.09880774 -0.09428329 +0.00583775 +0.06964160 +0.03059221 +0.03726202 -0.00921751 +0.00075710 +0.06884875 -0.03410517 -0.06950994 -0.01138387 +0.01460069 +0.09903356 +0.00639908 -0.01019742 -0.10216352 -0.02606019 +0.09372984 +0.00380534 -0.03064356 -0.06132486 -0.04963918 +0.04511860 -0.04715106 -0.02946567 +0.05329831 +0.05391737 -0.01069171 +0.01198856 -0.04659555 -0.07682725 -0.04003400 -0.04389094 -0.04001013 -0.01226177 +0.01433424 +0.04785472 -0.03399403 -0.04084053 +0.05828238 +0.03783317 -0.11928886 -0.03360118 -0.07992229 +0.02961342 -0.08926058 +0.06372000 -0.08272778 +0.02552771 +0.06261387 +0.00601398 -0.03624734 +0.04530611 -0.05824158 +0.03142716 -0.06062415 -0.03431975 -0.05360921 -0.07977884 +0.04880087 +0.01284661 +0.04256426 -0.03075827 -0.03840496 +0.05896549 -0.00894075 +0.03899777 -0.05437044 +0.06707214 +0.01539501 +0.06705250 -0.05712017 -0.11334732 -0.00203924 +0.02667383 -0.01615009 -0.03991706 +0.06867366 -0.00489948 -0.00388074 +0.02898026 +0.00283438 -0.07509340 +0.05500390 +0.03936841 -0.03483233 -0.04403144 +0.04842833 -0.03830237 +0.00602316 -0.02667313 +0.00728518 +0.02752280 +0.07053477 +0.00401746 +0.04782746 +0.10063820 -0.02559262 -0.04534036 -0.00254166 +0.02292686 -0.02827656 -0.02175991 +0.00969350 +0.02063516 +0.03980306 -0.06961095 -0.00036289 +0.04600175 -0.07194743 -0.00493048 -0.00234481 +0.00412528 -0.08297905 -0.06458207 -0.00242012 +0.09076634 -0.08872864 +0.02653870 +0.09256043 +0.00515289 -0.05849710 -0.02127847 +0.01709777 -0.01516921 -0.02281451 -0.05761171 -0.00219441 +0.01914583 +0.05820537 -0.07348267 -0.00933105 +0.02741970 -0.01647255 +0.03611773 -0.07320391 +0.13391495 -0.06145180 -0.07024460 -0.01469688 -0.02155065 +0.06782982 +0.03163746 -0.04075240 -0.08659317 -0.05505541 -0.05911431 +0.06365596 -0.08995332 +0.01558055 +0.05323950 +0.10094008 -0.03877736 +0.04484357
+0.07941875 +0.04740123 +0.08824131 +0.04617870 -0.00722851 -0.05890641 -0.12778807 -0.04200559 -0.02241429 +0.00906305 +0.06967121 +0.03643182 +0.00392887 +0.06705266 +0.01037717 -0.02689587 -0.03014366 -0.01574760 +0.03408875 +0.13185126 +0.05761303 +0.11041319 +0.06934755 -0.05105957 -0.08712848 -0.02934305 -0.08188670 -0.00155348 -0.04330660 +0.10139906 +0.04187075 -0.04993609 -0.08690614 -0.05393067 -0.06598582 -0.03351866 +0.00356602 +0.07825126 +0.03118069 +0.03565149 +0.11539772 +0.10818614 -0.02441791 +0.05031437 +0.07583327 -0.06123428 -0.06722287 -0.03146806 +0.02428854 +0.05781207 -0.04033203 -0.05754156 +0.02594417 -0.10492006 -0.00233705 +0.00361993 +0.00019802 +0.02716890 +0.11512838 +0.05210805 +0.00959206 +0.10427123 -0.01741128 -0.03950345 +0.00044604 -0.00115626 -0.10775620 +0.00598849 +0.00989120 -0.05763307 +0.09060503 +0.01873566 -0.08736002 +0.04788255 -0.03378719 -0.03162213 -0.00055464 -0.09816395 +0.00613173 -0.00699953 -0.06355370 -0.00373985 -0.07026522 -0.06625777 +0.07077266 +0.03755307 -0.02093178 -0.02031250 -0.00530311 +0.06656992 +0.02055073 +0.03467102 +0.03972846 -0.00029906 +0.03133310 +0.00386460 +0.01021260 +0.05064612 +0.00783172 +0.05383772 +0.02061151 -0.07163526 +0.05743102 -0.07369070 +0.04701113 +0.01017710 -0.06239362 +0.06661219 -0.00179826 +0.03369184 +0.03068395 -0.00049461 +0.03314604 +0.06002405 +0.01715848 +0.03724801 -0.07420633 -0.06826766 +0.03045839 -0.02050791 +0.07343454 -0.12628305 +0.02500409 +0.01713359 +0.09550294 -0.04366490 -0.02008812 +0.05305889 +0.00127643 +0.02126006 +0.04823285 -0.09659205 +0.08550863 -0.07355235 -0.00144176 +0.04162270 -0.01828001 -0.06600536 -0.00320279 -0.04320877 +0.13075419 -0.05596098 +0.02285078 +0.07987489 +0.03590843 -0.01389543 +0.05185903 +0.09874451 -0.06604037 +0.09749538 +0.09301104 -0.00112971 +0.04537324 -0.11062478 +0.00481757 +0.04957540 -0.05167553 +0.08092108 -0.01649459 -0.07728637 -0.03149569 -0.04624417 -0.03375795 +0.01505018 -0.04791730 -0.00413358 -0.04168324 +0.06142212 -0.05453130 -0.03881708 -0.05019274 +0.02254697 +0.05109230 +0.08143900 +0.04930878 -0.07473738 +0.05243412 +0.00241176 -0.04269234 +0.02100461 +0.04880226 -0.01484787 +0.04326346 +0.01751219 +0.04677988 +0.02248752 -0.04186342 +0.09089993 +0.08007403 +0.05652193 +0.01178959 +0.05740796 +0.02142460 +0.03328880 +0.03381227 -0.02595393 +0.01356504 +0.06978600 -0.06417080 +0.01424323 +0.08413869 +0.04576745 +0.03012521 -0.07181054 +0.01060802 -0.03276933 -0.10238024 -0.07462749 +0.07474377 -0.02713585 -0.09829199 +0.05543134 -0.00794909 +0.02904086 -0.04436893 -0.02981536 +0.04581012 +0.00616830 -0.10302141 -0.06343644 +0.01379657 -0.00742685 +0.01431210 +0.08199541 +0.02263769 -0.10534232 +0.03749443 +0.01841374 +0.03146169 -0.04127096 +0.00491839 -0.00408109 +0.05532865 -0.02086345 -0.02783271 +0.10504102 -0.06115080 +0.06155590 -0.03865556 +0.00422243 +0.10005312 +0.02424831 -0.03911662 -0.04377754 +0.01855547 +0.02782574 +0.04910941 -0.00260418 +0.05328029 -0.03488653 -0.01405644 -0.04044374 -0.03695692 -0.07138652 -0.09107165 +0.06416205
+0.01435781 -0.01852711 +0.03026148 -0.06572282 +0.03445916 -0.04696704 -0.08067575 +0.03935593 +0.00579489 +0.03475586 -0.04383669 +0.02820440 -0.00143541 -0.04118653 -0.04701408 -0.07266313 +0.02423912 -0.06056478 +0.00061994 +0.08323167 +0.00742227 +0.04941695 +0.03009763 -0.10103492 +0.06376503 +0.00264346 +0.01258202 -0.08945078 +0.01083839 +0.04850341 -0.02706730 -0.03739423 -0.01604908 -0.13082992 -0.05474111 -0.01279146 +0.03750731 -0.02854498 -0.00582094 +0.04052545 +0.08158906 +0.08674208 +0.02768087 -0.06781536 +0.04660640 +0.01805247 +0.08737300 -0.03276007 +0.02411876 -0.02955495 +0.06298278 +0.04534976 -0.00603914 +0.02652084 -0.03971731 -0.04349644 -0.00660481 -0.08050395 +0.03598955 -0.03855086 +0.00016667 +0.13879324 -0.00713259 +0.03547964 -0.08180451 +0.04588927 +0.03535192 +0.07397747 +0.00238692 -0.00614019 +0.01859952 +0.00279436 +0.02493885 -0.03525795 +0.03211610 -0.02221597 -0.06011815 -0.00353136 +0.09835545 +0.05520687 -0.07741100 +0.02636086 -0.02450019 +0.03118605 -0.00724357 -0.07161278 -0.03770470 +0.06329603 +0.01958910 +0.00720725 -0.05390713 +0.04185597 -0.04002022 -0.02756404 -0.00968445 -0.06138876 +0.03689155 +0.01225105 +0.04305168 +0.07933477 -0.04532102 -0.05788238 +0.06628058 -0.06015477 +0.06680862 -0.05853757 +0.02562285 +0.04905006 +0.03223750 +0.06904325 +0.07480095 +0.01283985 +0.06786889 +0.06625529 -0.01723053 -0.00503574 -0.03328024 -0.01325737 -0.01437754 -0.06747124 +0.01369325 -0.00973613 -0.03691731 -0.00375267 -0.02869043 -0.05425606 +0.05396528 -0.04862624 -0.04923761 -0.00703118 +0.05569987 +0.05065179 +0.00997661 +0.02996235 +0.02943473 +0.09610607 -0.03965433 +0.03547875 -0.02415399 +0.02330876 +0.03942924 -0.04350777 -0.06947443 -0.04962846 +0.04131974 +0.04971124 -0.04250589 +0.04569248 +0.05513216 -0.07653952 +0.04557864 +0.02499498 +0.00009300 +0.00312020 +0.03496484 +0.01922162 -0.07382062 +0.04749025 -0.00706280 -0.01786780 -0.00030174 +0.04880055 -0.12214187 -0.00447290 -0.00347918 +0.05420911 +0.09055132 +0.05072999 +0.04207689 -0.06476787 +0.01651645 +0.02556473 -0.03711737 +0.06400834 -0.06410938 -0.11126280 +0.01181259 -0.02288103 -0.05169982 -0.00278862 +0.01397683 -0.04418064 -0.00557641 -0.04166986 +0.06706791 -0.03272605 -0.00402543 -0.08103444 +0.07460377 -0.00142079 +0.04190028 +0.08449463 +0.01257262 -0.03782461 -0.04473895 -0.03284617 +0.04928660 +0.03171869 +0.03728892 +0.04198369 -0.03345294 -0.04893770 -0.01622015 -0.08932331 +0.02448090 +0.02294434 -0.10270551 +0.00787918 +0.05230748 +0.00510993 -0.07546978 +0.10369498 +0.05762542 +0.05376426 +0.01589306 +0.01214909 +0.01929727 -0.00681782 -0.02066270 -0.00949070 +0.04981822 +0.02661913 +0.00719402 -0.00061726 -0.04297068 -0.08613293 -0.05553417 -0.05460484 +0.01419585 +0.07959643 -0.01975426 -0.01320283 -0.01249827 -0.00853830 +0.01072361 +0.04787858 +0.02690628 +0.05229722 +0.03303532 +0.00849142 +0.05213831 -0.07367974 -0.01218055 -0.02727552 -0.02877564 +0.02329150 +0.02972292 +0.05120255 +0.01993977 +0.03732747 -0.03205150 +0.06266572 -0.08068264 +0.03516842 +0.05557342 +0.01122468
+0.08752609 -0.08273192 -0.01955054 -0.03195432 +0.05117450 +0.08057997 -0.04989509 -0.00763558 +0.02825216 +0.04448755 -0.03761812 -0.01983446 -0.03793335 +0.05326389 +0.04305302 +0.06215363 +0.03781164 +0.05972953 -0.00042283 -0.05148690 -0.02802402 +0.00680884 -0.03156273 +0.05742268 -0.03030953 -0.03236321 -0.00481269 +0.06689619 +0.02278812 +0.04213899 +0.04824760 -0.04909660 +0.07153862 -0.00174068 -0.02932910 -0.07890388 -0.00087567 -0.05211968 +0.05573312 -0.07428791 +0.04097233 -0.02039688 -0.05895870 -0.06788569 -0.00148177 +0.08857886 +0.04979283 +0.01723748 -0.09111273 +0.10043498 -0.03045938 +0.04324396 +0.00431683 -0.05182295 +0.04452804 -0.06375854 +0.02168382 -0.02622221 +0.08503140 -0.06525432 +0.01285909 +0.03456168 -0.06692695 -0.00888068 -0.03745454 +0.01225043 +0.02213308 +0.15207085 +0.04402335 +0.01138526 -0.06690127 -0.08730669 +0.01806183 +0.04746909 -0.02455418 +0.10271120 +0.00119477 +0.05400873 +0.03375740 -0.02981514 -0.05705298 +0.02624227 +0.01870482 +0.03508715 -0.01291188 +0.09073308 +0.03188077 +0.07533387 +0.04759735 +0.03830040 +0.03537461 +0.06616686 -0.05149462 +0.06168547 -0.03619448 +0.03126301 -0.03917930 -0.01602528 -0.01850448 +0.08912688 -0.11390991 +0.02186404 -0.02787868 +0.01678126 +0.00362406 +0.00879448 +0.02752714 +0.01208138 -0.03875009 +0.03009229 -0.08830453 +0.05334511 +0.03824375 +0.01163104 +0.05490919 +0.01237390 +0.05966729 -0.04064652 -0.03568202 -0.03734745 +0.02188413 -0.04566732 -0.05934650 -0.05630788 -0.00661933 -0.02991886 +0.07894082 -0.01146425 +0.06212420 -0.03131041 -0.03397445 +0.01627872 -0.03758755 +0.05511178 -0.05667333 -0.04189570 -0.04440669 +0.08511038 -0.05782835 -0.06094292 +0.06617694 -0.03985964 +0.05498305 -0.10606450 +0.03823945 -0.05022316 +0.01168084 -0.05516578 +0.00449481 -0.00433366 -0.03970630 +0.01396304 +0.06577989 -0.04108877 +0.07638906 -0.01996617 -0.03720000 +0.06099081 +0.05105497 -0.00559644 -0.13536245 +0.01865098 +0.10399903 -0.01296268 +0.00545278 +0.02336437 +0.10215646 +0.09951778 -0.06286827 +0.00318946 +0.02066179 +0.04122833 -0.02554931 -0.03391280 +0.09836853 -0.01001907 +0.01414937 -0.04579043 -0.05197572 -0.00987054 -0.07967932 -0.04361793 +0.06391761 -0.03093940 -0.00782580 +0.07330011 +0.01914142 -0.07646917 +0.01187081 -0.01522191 +0.02094169 +0.04192095 -0.10012899 -0.09723117 -0.02548197 -0.02404799 +0.05714802 +0.09423205 +0.00701512 +0.01219683 -0.02211502 +0.03454598 +0.00155148 +0.11176697 +0.02202235 -0.03428667 +0.10092357 -0.01760070 -0.05979731 -0.01404816 -0.02999925 +0.04585081 +0.08358422 +0.06306067 -0.03761828 +0.08510625 +0.01104687 -0.00662227 +0.00486626 +0.10538214 -0.02307017 -0.04850259 +0.02925192 -0.10449325 -0.03310487 +0.02874711 +0.06465715 -0.07941913 -0.05618570 -0.04279272 -0.07959054 +0.07504217 -0.04231744 +0.06758816 +0.02259228 +0.05711641 -0.05997038 +0.07825998 -0.03937266 +0.01385736 +0.03603604 +0.05977889 -0.01897266 -0.01767821 -0.00329065 +0.00902166 +0.02389538 +0.02614239 -0.09586398 -0.03186464 -0.05654886 -0.09822012 +0.01856606 +0.04479097 +0.02430021 +0.04928993
+0.03080612 -0.02351808 +0.02848573 -0.01942143 +0.03394884 -0.03938615 +0.00993195 -0.06137649 +0.04229067 -0.07947835 +0.07127354 +0.00324798 +0.00021882 -0.00335008 +0.00466164 +0.09710722 -0.03372677 -0.02228701 +0.02224683 -0.00203406 +0.03447475 +0.10169049 +0.00151917 -0.04527276 -0.02129024 +0.08538305 -0.00530690 +0.01033030 +0.01717483 -0.09855839 -0.00144580 +0.05595240 +0.04299638 +0.08727837 +0.03987215 +0.07767636 -0.06550690 -0.00288286 -0.02600175 -0.01374847 +0.03220809 -0.07474913 +0.10446254 -0.05502855 +0.02716997 -0.00243955 -0.05220228 -0.00581236 +0.04931826 +0.00141000 -0.01172050 -0.09531073 -0.02900111 +0.02702574 +0.00128947 -0.04119762 -0.05272579 -0.02012840 -0.00983756 -0.02208874 -0.00262859 -0.04089086 +0.03142236 +0.02374535 -0.04083313 -0.13247682 -0.04576061 +0.07047522 +0.01924690 -0.03504874 +0.03953097 +0.02023583 +0.01134093 -0.02729383 -0.05453110 -0.08656281 +0.05558442 +0.09807587 -0.04800369 -0.05672498 -0.04810178 -0.00036162 +0.04336979 -0.03179013 +0.04440822 +0.05934218 -0.03875394 +0.04391513 +0.07255893 -0.02496011 -0.01450820 -0.02111735 -0.00664199 -0.02025196 -0.00628419 -0.00003820 -0.05090629 +0.04013650 +0.00026063 -0.05298809 +0.04279737 -0.01213650 +0.06733661 +0.10309334 +0.00833177 -0.05150069 +0.00084178 +0.02088514 -0.05044556 -0.10471262 +0.03326378 +0.02172723 -0.01465557 +0.01405644 -0.01417968 -0.05690864 -0.11715221 +0.11267154 +0.07690007 -0.01423707 +0.05215279 -0.05167525 +0.00643901 +0.06208936 +0.05742648 +0.09434795 +0.00986116 -0.10099865 +0.00494471 +0.11844136 -0.01514080 +0.00810884 +0.00299331 +0.06374006 -0.00643352 -0.01055442 -0.01956025 -0.01807755 +0.00204217 +0.07565608 +0.03423175 -0.08829476 -0.03921767 +0.05544924 +0.10056829 +0.13114926 +0.05304391 +0.00244912 +0.01113774 -0.03225629 -0.08133407 +0.02139093 +0.03797949 +0.00992632 +0.03766454 +0.00370205 +0.04731921 +0.04716269 +0.04883597 +0.01327853 +0.02677867 -0.03146974 +0.00661255 -0.04763420 -0.03451152 +0.02253118 +0.03035082 +0.01485299 +0.02326903 +0.03554614 -0.00550306 -0.02799962 -0.06971646 -0.01262724 +0.02904384 -0.00073311 +0.02100045 +0.04611156 +0.11334541 +0.02454827 +0.07712503 +0.01567105 +0.10828616 -0.05013877 +0.05196143 -0.02679189 +0.00760551 +0.01261093 +0.02523231 +0.06349944 +0.04048719 -0.04287606 -0.02408714 +0.00477031 -0.00769294 +0.03831355 +0.01675126 -0.03771055 -0.00986727 +0.06403004 +0.00809377 -0.03213298 -0.02566084 +0.02693724 +0.01405806 +0.02904551 +0.05902903 -0.01783654 -0.02183241 -0.09710865 +0.03378205 -0.02144328 +0.00792596 +0.02282859 -0.04490696 +0.12010682 +0.00426450 +0.01273164 +0.00416165 +0.02654255 +0.00584495 -0.04748116 +0.07670923 -0.01298730 -0.02025455 -0.05971229 +0.04149161 -0.09707019 +0.00634458 +0.01027141 +0.05705421 -0.06649849 +0.05059824 +0.11318068 -0.03251775 +0.04398049 -0.02855959 -0.00425963 -0.07433212 +0.01872187 +0.09430932 +0.04773833 -0.00266474 +0.03109600 -0.07341070 +0.01888320 +0.00938340 +0.02727746 -0.03595408 -0.05921324 +0.05178457 -0.03983086 -0.01785723 -0.01525129 +0.08019955 +0.01705505
+0.03011247 +0.01384053 -0.01445034 -0.00432624 -0.02372828 +0.00781852 -0.02583933 +0.04038812 +0.03621187 +0.02735721 -0.01773697 +0.04984927 +0.05415293 +0.02816230 +0.01986590 -0.02687066 +0.03056652 -0.05006649 -0.01460755 -0.05271457 -0.04004416 +0.02892876 +0.00360750 +0.03811388 +0.05448620 +0.05882773 +0.01091240 +0.03771632 -0.01442393 -0.05960199 -0.05962207 -0.05688481 -0.02451571 +0.01067964 -0.04677760 -0.04555473 +0.02392562 +0.00564287 -0.01545214 -0.06262282 -0.04863779 -0.04193713 +0.04541643 +0.05967551 -0.00108277 -0.03274413 -0.04588858 -0.04918775 +0.00292908 -0.02617189 +0.01061207 +0.01926104 -0.03783046 -0.03179563 +0.03687953 +0.04710079 +0.02046061 -0.01469113 +0.00610262 -0.03538546 -0.03090843 -0.04625072 -0.00248296 -0.05342133 +0.04728333 +0.00011158 -0.04062121 +0.03233820 +0.03346859 -0.03750306 +0.03782989 +0.01873103 +0.05679793 -0.00460871 -0.05527360 +0.00373695 -0.06137538 -0.05111353 -0.01976799 -0.00310812 -0.01969627 +0.05296453 +0.01990307 -0.05294715 -0.03558607 -0.00661807 +0.06236015 -0.05260896 +0.04852458 +0.04266042 -0.05219223 +0.06168697 -0.03787437 +0.01560158 +0.05716979 +0.02421988 +0.04869383 -0.01956377 +0.04491475 +0.01796322 -0.02680523 -0.01951187 -0.05448400 -0.04065230 -0.04018647 -0.03998972 -0.03860936 -0.02738267 +0.05819124 +0.01685031 -0.00102354 -0.02712565 +0.00880799 -0.00613812 +0.03849023 +0.01225887 -0.04540306 -0.06331031 -0.02191886 +0.03322254 -0.05069604 -0.01886683 -0.03855959 +0.05085033 -0.01304575 -0.01768523 -0.00826622 -0.04402871 -0.00691555 +0.03994577 -0.05035667 -0.04374070 +0.04545230 +0.05597565 -0.00564086 +0.01431270 +0.05126420 +0.04701287 +0.03164348 -0.04435121 -0.05523237 -0.04590956 -0.02975237 +0.03096352 +0.03527077 -0.04954438 +0.00546067 -0.00499980 -0.01584612 +0.00298114 +0.02456169 -0.05061478 +0.02249530 +0.03365108 -0.04303133 +0.04146103 +0.01439345 +0.02335839 +0.04491375 -0.05921162 -0.03805342 -0.04697426 +0.03503642 -0.04724255 -0.03520049 +0.02532909 -0.01755621 -0.01671379 +0.01223041 -0.01170473 -0.05463071 -0.01468606 -0.00689619 +0.04846407 +0.02547426 +0.00511262 -0.05922833 +0.00759149 +0.03115063 -0.05904232 -0.05878088 -0.03969771 -0.03129803 +0.03848499 -0.03875773 -0.04445474 -0.01640639 -0.03596039 +0.01425893 +0.02961107 -0.01832351 -0.03415703 -0.02094753 -0.01834039 -0.05320618 -0.03810360 -0.03811720 -0.04424025 -0.03497847 +0.06179717 -0.04039607 -0.00552813 -0.03751078 +0.04281084 +0.04127829 -0.04119464 -0.05804618 +0.01102675 -0.00634371 +0.02793713 -0.01559002 +0.05087887 -0.02493889 -0.00367635 +0.01894669 +0.03922882 +0.00983353 +0.03460414 +0.00595322 +0.01608367 +0.05497671 +0.01221651 +0.03188378 -0.00955962 -0.05361152 +0.04346227 -0.04476359 +0.03542808 -0.06004191 +0.03455357 +0.03429204 -0.01070773 -0.03003248 -0.03753641 -0.01822525 +0.02573698 +0.04605352 -0.01886140 -0.03988291 +0.03275346 -0.03292591 -0.02527551 -0.05253822 -0.00108746 +0.03097619 -0.03515137 +0.02098548 -0.02587735 -0.04044731 -0.01581925 -0.02665072 +0.00438676 -0.06031457 -0.00096119 +0.02949299 -0.03752254
-0.04011434 +0.01363294 -0.00753487 -0.06409679 -0.04597515 +0.07118697 +0.09055163 +0.05635243 +0.03800548 -0.04921506 +0.01357210 +0.04560335 +0.05560119 -0.07071338 -0.03558570 -0.01722615 -0.02258377 +0.04228326 -0.02310483 -0.00104545 -0.02036809 +0.00049776 +0.04182429 +0.07245632 -0.02367844 +0.07117106 +0.03762147 +0.08035126 -0.06319176 -0.01188827 +0.02688348 +0.01375781 -0.01343991 +0.00136479 -0.03723087 +0.06566777 -0.07143890 -0.05996695 -0.00611103 +0.08626926 -0.03167587 -0.04016107 +0.08383318 +0.07676199 +0.01003795 -0.03684380 -0.02379957 -0.04192426 +0.05801941 -0.02221141 +0.03817205 -0.01330146 +0.04906262 +0.07933288 -0.06388948 -0.05265633 +0.06394796 +0.05405577 +0.03361311 +0.05352215 +0.04327590 +0.08538178 -0.00820660 +0.03977996 +0.02226042 +0.04467438 +0.10717507 -0.06645043 +0.03044229 -0.03343252 +0.05568069 +0.01179953 -0.01743370 -0.02785934 +0.01544127 +0.01870848 -0.00594473 +0.09020652 -0.07128692 -0.01450199 +0.03197583 -0.00941037 -0.00046224 +0.03499849 +0.09140206 +0.00463844 -0.00441145 +0.01958740 +0.02695405 +0.02551959 +0.01427436 +0.03244105 -0.06375109 -0.05123642 -0.06112560 -0.03052546 +0.04127909 -0.01614522 -0.09701113 -0.01537678 -0.00742909 +0.08049256 +0.06084982 +0.07399096 +0.01488109 +0.03097625 +0.03116159 +0.01935487 +0.01289016 +0.05805147 +0.06902131 +0.05637943 +0.08793312 -0.04391548 +0.07874239 +0.00772549 -0.04408551 +0.03538902 +0.01784359 -0.01171449 +0.05280817 +0.03200259 +0.02746452 -0.04780561 -0.00891266 +0.05855299 -0.03446118 -0.01091541 +0.00805925 -0.01514798 +0.08159725 +0.05667819 -0.02956951 -0.02417398 +0.09244393 -0.05919333 +0.06951299 -0.00967733 +0.01791466 +0.01369599 -0.04476349 -0.00560537 -0.09120012 -0.04599518 -0.04097883 -0.05967574 -0.02724386 -0.05005904 -0.00224895 -0.05853245 -0.01207825 -0.04182871 -0.06258453 +0.00339443 -0.01860104 -0.04696459 -0.02778169 -0.04491390 +0.03545871 +0.00410424 +0.00012125 +0.03322341 -0.05863348 +0.01940775 -0.03204835 +0.04985252 +0.00081007 -0.02087430 -0.05000333 +0.02120008 +0.06798978 -0.06940286 +0.05727143 -0.02644854 -0.07030563 -0.01279997 -0.01395082 -0.05934498 +0.00044994 +0.01296422 +0.05673304 -0.06738403 +0.00995966 -0.06965462 +0.06803218 +0.00177864 -0.05053386 +0.09481440 -0.00072621 -0.02748767 -0.02604799 +0.00147685 +0.09264962 +0.02207524 -0.02241973 -0.04167850 -0.05078720 -0.03047723 -0.00786652 -0.03616387 +0.03835097 +0.03618168 -0.01869443 -0.07369559 +0.02490545 +0.02323216 +0.01834553 +0.03494178 -0.07134365 -0.00082006 -0.01213562 -0.07153478 +0.04340827 -0.05160950 +0.01169021 +0.01134475 +0.04908119 -0.03057921 -0.04212261 +0.04424778 +0.00705181 -0.00957918 +0.02860791 -0.02158083 +0.02306810 +0.02270169 -0.04028318 -0.01102784 +0.01580478 +0.05546290 +0.02888007 -0.03603995 +0.06320535 -0.06801127 -0.02523439 -0.03084095 +0.00116103 +0.03724814 +0.00874770 -0.03060595 +0.07127749 -0.01742975 -0.03262848 +0.01015388 +0.05985795 +0.03255796 -0.04327523 -0.02228029 +0.04043381 -0.00481090 +0.02285484 +0.00786735 -0.03267770 +0.05004262 -0.03169670 +0.02339038
-0.04212284 +0.03884544 +0.04022673 +0.01502262 +0.07765526 +0.00334434 -0.00257957 +0.00258022 -0.05065297 -0.02133108 +0.01890662 +0.05942921 -0.05183066 -0.03419660 +0.03317120 -0.04773489 +0.03315428 -0.05922239 +0.01587513 +0.00779176 +0.01608702 +0.06508904 +0.05916259 -0.07883141 +0.02233021 +0.01708841 -0.00685452 -0.06152523 -0.04526319 +0.05738402 -0.07352798 +0.01485727 -0.04410061 +0.02537462 +0.01543327 -0.09872007 +0.11415718 +0.01001292 +0.03027452 -0.03108660 +0.05077930 -0.00729454 +0.04662954 +0.00635473 +0.03136535 +0.05099253 +0.07556881 -0.01504815 -0.06651497 +0.04720740 -0.04139937 +0.09973859 +0.03771244 +0.05082399 +0.02893953 +0.02265498 -0.06371230 +0.10512102 -0.10894873 -0.00065002 +0.02500887 +0.01129218 +0.00562456 -0.03402784 -0.01023521 +0.06339821 -0.06167930 -0.00246632 +0.02580791 +0.06112444 +0.00289937 +0.06171029 -0.04821404 +0.04613499 +0.06096652 -0.01722727 -0.04079213 +0.01795616 +0.11053679 -0.02127650 -0.01793670 -0.01184921 +0.06637201 +0.01282510 -0.07456551 -0.04627920 +0.03162487 +0.03306358 -0.06648172 +0.05424674 -0.04922703 +0.00425467 +0.04780995 +0.00285331 -0.05564139 -0.02154376 -0.04303315 -0.01288000 +0.03681837 -0.03893585 -0.07808137 -0.02715649 +0.05361114 -0.01509914 +0.01104830 -0.05151656 -0.06513929 +0.03549162 +0.04398977 +0.00733601 +0.02483476 -0.03198180 -0.00930921 +0.04389381 +0.02051613 -0.04415492 -0.07430591 +0.00710334 -0.00557177 +0.03513223 -0.07822455 -0.03667382 -0.06414662 -0.10338377 +0.04371940 +0.04135758 +0.08014236 -0.02539861 +0.03630087 +0.04048237 +0.01783132 +0.04224881 -0.00025713 +0.00399261 -0.06562320 +0.10375403 -0.06662138 +0.01240473 -0.04872158 +0.02711263 +0.01042584 -0.00431866 +0.04867362 -0.05432013 -0.05543660 +0.04892333 -0.02238164 +0.01175315 +0.05900965 +0.03718080 +0.00370694 -0.05298125 -0.01959926 +0.08576488 +0.01302960 -0.00814264 +0.00662004 -0.05876787 +0.03310137 +0.02478811 -0.04466979 -0.03354304 -0.04982392 +0.00117706 -0.03892434 -0.01019474 +0.06135304 -0.05463122 +0.03109968 -0.01066738 +0.02434358 +0.05592225 +0.01651560 -0.02499608 +0.05102165 -0.05546430 +0.03221175 -0.00655608 +0.04359408 +0.03123803 -0.07894839 +0.04426414 -0.06307106 +0.01342509 +0.01368338 +0.02124136 -0.00832060 -0.12915227 +0.02660181 -0.08456951 +0.13373064 +0.03876894 -0.02820548 -0.01861531 -0.05353726 +0.01352045 -0.00388242 -0.03853836 +0.03339933 -0.00156537 +0.02615471 -0.02960775 +0.07444196 -0.03156010 -0.05829299 +0.02362920 +0.04731874 +0.05142556 -0.00513130 +0.04050636 -0.02538406 +0.07209598 +0.05205544 +0.08159495 +0.03539088 +0.04139833 +0.02270552 +0.02635128 +0.02150103 +0.08674322 -0.02462383 -0.01250131 -0.02817905 -0.02335234 -0.09071830 +0.02745250 +0.08370961 +0.01718172 +0.02446966 -0.03297810 -0.01036290 -0.01288518 -0.09426476 +0.01497639 -0.03846383 -0.05007812 +0.01049598 +0.09234665 -0.01261965 +0.00702511 +0.07447942 -0.02087887 -0.03297358 +0.00611279 +0.05765968 -0.06410435 +0.00998180 +0.04541235 -0.01965756 +0.03362929 +0.04142522 +0.05920569 -0.00060923 +0.05943203 +0.05440973 +0.02896324
+0.05028424 +0.06504369 +0.05622222 +0.02557840 +0.04034673 -0.00576249 -0.09234649 -0.05188191 -0.01383894 -0.01273050 +0.00972688 +0.02430555 -0.00973759 +0.00468168 +0.00895614 +0.13309452 +0.05889689 +0.03858316 +0.04886800 +0.13811626 -0.01249146 +0.11119870 +0.01340763 -0.11960857 +0.07158837 +0.06838156 -0.03829240 -0.00835095 +0.04964880 -0.02718290 +0.08524546 +0.04520168 +0.01341972 +0.06259283 -0.05338346 +0.03315169 -0.04724063 +0.06778144 +0.08679447 -0.07735483 +0.00133034 +0.03452186 +0.04052291 -0.01499415 -0.01860428 +0.02264222 -0.06564235 +0.07891777 -0.03729111 +0.03688509 -0.02069009 -0.08889540 +0.03118848 -0.04132789 -0.04073429 +0.03368508 -0.02200288 -0.06058328 +0.00389741 -0.04313966 -0.03485456 +0.04698677 -0.05347535 +0.00946639 -0.07915052 -0.03763115 -0.09185160 +0.14495492 -0.04995914 -0.10609936 -0.09457135 -0.03545120 -0.05846745 -0.02961088 +0.07538470 +0.03989051 -0.02802712 -0.00744143 +0.08826389 -0.02114619 -0.07241200 +0.07517555 -0.04815893 +0.06211783 +0.01503147 +0.04094357 +0.06398331 +0.02140142 +0.02144012 -0.02965786 -0.00749780 -0.06442864 -0.04451947 +0.14417693 -0.03123561 +0.03452999 +0.01985398 +0.01644472 +0.05056842 -0.03963314 -0.04210113 +0.00246119 +0.03003078 -0.07685865 -0.00974704 -0.05629036 -0.07840815 +0.06937140 -0.04576378 +0.03268302 +0.07387224 +0.02189428 -0.02010714 +0.00575445 +0.03297456 +0.01288482 -0.05423808 +0.04845937 -0.06023254 -0.10059767 -0.02126190 +0.03009658 +0.05687488 -0.04467281 +0.02107240 -0.07161817 +0.00765932 +0.04132309 +0.00333317 +0.04643331 -0.01630074 +0.00725829 +0.11611020 +0.11648686 -0.10294273 -0.03846984 +0.04187072 -0.04841000 -0.01431922 +0.03991679 +0.01720761 -0.09700751 +0.04122008 -0.01102142 +0.05992733 +0.08449078 -0.05303605 +0.07375501 -0.00125007 +0.09488910 +0.00123841 -0.06439922 +0.01274664 +0.06053646 +0.10015773 -0.02481525 -0.02121877 +0.06929991 -0.01331960 -0.08941472 -0.07032880 +0.10792060 +0.13470718 -0.04056180 -0.05886503 +0.03038456 +0.07531518 +0.02219756 -0.04970388 -0.00625278 +0.00849991 -0.02897711 -0.04036818 -0.00214291 +0.11886676 -0.03547550 -0.01713189 +0.07871456 +0.08651054 -0.11772069 -0.05395819 +0.01693572 +0.10307528 +0.00382030 -0.06564841 +0.06507595 +0.05941471 -0.05859350 +0.04442933 +0.09661391 +0.09705550 +0.03559923 -0.09208894 +0.05768067 +0.00189443 -0.00708441 +0.05585635 -0.02872502 -0.10278972 +0.00271976 +0.05039507 +0.03618784 -0.00162768 +0.13542598 -0.02166084 -0.09581108 +0.12078463 -0.01219699 +0.03050227 +0.00693827 +0.03831549 +0.01272601 +0.10353231 -0.05978322 +0.05291959 +0.07399985 -0.00879905 -0.03360593 -0.00723502 +0.12603275 +0.04722970 -0.03343738 +0.06853553 -0.03430551 -0.02181283 -0.08655772 +0.02370422 +0.01819164 -0.01574171 +0.02404921 +0.07344405 -0.02243176 -0.01000385 +0.15413871 +0.05162994 +0.05638639 -0.06072354 +0.07895093 +0.04470181 +0.01019974 -0.03662108 +0.04628202 -0.06084280 -0.07413437 +0.01148363 +0.03896076 +0.03191976 -0.01932001 -0.01613716 +0.01885206 +0.10354453 -0.02874534 +0.04252829 +0.05552027 +0.03710929 +0.02517124
+0.07933817 -0.01936200 -0.07108444 -0.03372129 -0.05233488 +0.02977584 +0.01986163 +0.00955231 -0.02825015 +0.06020317 +0.05042649 -0.01680648 -0.03850242 +0.08402570 +0.03175861 +0.00809482 -0.00571328 +0.06534229 +0.04788188 +0.08932033 -0.03661489 +0.07546915 -0.08219383 +0.06001294 +0.01574921 +0.03768282 -0.08032356 -0.05669136 +0.06877188 -0.03925500 -0.02571297 -0.04223787 -0.07663229 -0.01262718 +0.00001652 +0.03107781 +0.03545981 -0.01131740 -0.05779152 +0.01970970 +0.03658381 +0.03805355 -0.02024286 +0.05008200 +0.05112358 +0.05067559 -0.04464933 -0.02485604 +0.04263878 -0.07765400 -0.03191164 +0.05680677 -0.02323102 -0.00760219 -0.03693200 -0.04363311 +0.01799226 -0.06922448 +0.05313671 +0.08513740 +0.06651961 -0.00056983 +0.04933462 -0.00172553 -0.02864288 +0.05036094 -0.05796409 +0.06867518 +0.04951377 -0.08905330 +0.02489030 -0.00473112 -0.08069759 -0.04607143 +0.02276873 +0.03605741 +0.00331145 -0.00983206 +0.03177436 +0.00289329 +0.01265386 +0.07243203 -0.02893705 -0.02992812 -0.03412314 +0.05102205 +0.03744884 +0.04779626 -0.01089176 -0.04164702 +0.07049833 +0.04981455 +0.10342349 -0.00290570 -0.01398114 -0.03298666 -0.02715503 +0.06172628 -0.05716278 -0.01870459 +0.05327342 -0.04698453 +0.09726187 -0.03144265 +0.02293320 -0.02066067 +0.03081209 -0.03451597 -0.00323408 -0.03846950 +0.02636751 -0.01563032 +0.03656441 -0.02735755 -0.04656800 -0.03660857 +0.06078171 -0.05695622 +0.04400018 -0.08768684 +0.00783960 -0.09987707 +0.05449883 +0.08218737 +0.02234997 +0.00430402 -0.01975312 +0.08236156 +0.06441793 +0.05112885 -0.01933306 -0.11062466 +0.04300259 +0.02920140 +0.05878705 -0.07992924 -0.00923941 -0.02455400 -0.03532921 -0.01275082 -0.04421150 -0.08470324 -0.04467650 +0.03906765 +0.04176739 -0.12019281 +0.02829535 -0.04088729 +0.02412621 -0.00641513 -0.01429580 +0.07511044 +0.04528464 -0.04574810 -0.04606315 -0.01794613 +0.04159975 +0.01012555 +0.04363625 -0.06409485 -0.01815219 -0.03554270 -0.06555189 +0.00551951 -0.07487868 +0.05683293 -0.06076556 +0.00442932 +0.06080749 +0.04656640 +0.04377145 -0.07254429 -0.05293870 -0.01956186 +0.05152734 -0.08901845 -0.04617509 -0.06933886 -0.01322142 +0.03011603 -0.04755260 +0.02394369 -0.07725035 -0.00157397 +0.09534025 -0.03562897 +0.07869683 +0.12585314 -0.03052545 -0.04026141 +0.03699253 -0.02971253 +0.02628703 +0.05173346 +0.02637370 -0.06866538 -0.00854462 +0.02912775 -0.01770999 +0.00082294 +0.03765021 -0.02481753 +0.04798410 +0.00627949 +0.03275669 -0.03624328 -0.07610798 +0.06000871 +0.05915916 -0.00213187 -0.08186843 -0.01951274 -0.01099341 -0.07783215 -0.03013033 +0.06374127 +0.01764040 +0.00290064 -0.04638155 -0.09282930 -0.06919185 -0.08506236 +0.06338106 +0.07693375 -0.01074324 -0.03799398 -0.06389986 +0.07448851 -0.05260524 +0.01661519 -0.03200837 +0.05505593 -0.01585383 -0.03644476 -0.02638456 -0.09051044 +0.00305748 -0.00602824 +0.04517033 -0.00100307 +0.03960096 -0.02079295 -0.00373410 -0.01509058 -0.07408898 -0.00014405 +0.05579624 -0.03078329 -0.05150862 -0.05315582 +0.03291081 -0.00475314 +0.09801567 +0.03534858 -0.04735698 +0.02922002
+0.03788458 +0.03229013 +0.04414800 -0.04253818 +0.02432130 -0.02355780 +0.04186622 -0.01079012 -0.06068704 +0.04843710 +0.02048188 +0.07547199 -0.06874221 +0.02913023 -0.03671440 -0.07906252 -0.05707883 -0.02349939 -0.07701673 +0.07192115 -0.06123813 -0.00612726 +0.00149698 +0.00793654 -0.01135606 -0.04902925 +0.04753245 -0.03798068 -0.10306127 -0.00386960 +0.02827441 -0.06138453 +0.03741274 -0.06776847 +0.04696665 -0.01791844 -0.08920265 -0.01940987 -0.02802677 +0.01159648 +0.06732119 +0.11244357 +0.00783906 +0.07223129 -0.01758115 +0.10447343 +0.06485189 -0.04265463 +0.08029595 -0.01745006 -0.04635702 -0.10798093 +0.05519915 +0.06982721 -0.04331149 +0.03105345 -0.04217474 -0.02260900 +0.08324644 -0.02147177 +0.03734004 +0.08335434 +0.03627990 +0.13670316 -0.04220754 +0.11053681 -0.03846805 -0.01291570 +0.03447010 -0.04646008 +0.02660335 -0.10551840 -0.02482981 -0.02178387 +0.00687734 +0.08672954 +0.03513644 +0.06536391 -0.07816525 +0.09790026 +0.01466990 -0.02073923 -0.11473344 -0.08011407 -0.04951766 -0.08421849 +0.03984002 +0.07494930 -0.00671024 +0.09212797 +0.02216716 +0.01559928 -0.00680920 -0.01353748 -0.00777949 +0.02766569 -0.00571816 +0.05648491 -0.00992217 +0.08509296 +0.08829726 +0.05698523 -0.05661457 +0.02047383 +0.03994136 -0.00429885 +0.01400903 +0.11270522 +0.01180107 +0.03695444 +0.04077359 -0.07275523 +0.11654307 -0.04923148 +0.03908726 -0.04396029 -0.01067067 -0.02784998 +0.09357730 -0.01888368 +0.02624742 +0.01397098 +0.02421599 +0.06545755 +0.00455917 -0.03314236 +0.00272619 +0.04478184 -0.07348898 +0.01623517 -0.00350333 +0.04038787 -0.01372236 +0.02080718 -0.01909871 +0.02804128 +0.04444607 +0.05779668 +0.10470983 +0.04037346 +0.01388203 -0.01396353 +0.07460716 -0.04165260 -0.03698585 -0.11527633 +0.10375499 +0.01367513 +0.03697154 -0.01549649 +0.07992708 +0.03914661 +0.02581721 -0.09093668 -0.00098235 -0.04408610 +0.04902188 +0.01216009 -0.02666956 -0.01248788 -0.06738928 +0.02316072 -0.08402085 -0.01493794 -0.07526261 -0.02465710 -0.02111289 -0.03935929 -0.01872725 +0.02438158 -0.05041115 -0.07476103 -0.02897633 -0.02820085 -0.06393154 +0.04057569 -0.01927376 -0.03919725 -0.03329879 -0.01085296 -0.02636838 +0.04913087 -0.09475167 -0.06359974 -0.00915857 +0.01535712 -0.00002611 -0.00492990 +0.03873316 +0.10706860 +0.02250793 -0.02044195 +0.09926807 -0.07214299 +0.00787058 +0.00035187 +0.04460438 -0.01107516 +0.10149343 -0.06412874 +0.06441683 +0.02547161 -0.04798597 +0.01819621 -0.06288187 -0.02320515 +0.02559415 +0.10038519 +0.01680621 +0.05176383 -0.06462047 +0.01057845 -0.04353951 -0.03169513 -0.00867480 +0.00869653 -0.00189869 +0.03222475 -0.04748552 -0.10032216 -0.06175448 -0.00714690 -0.02616962 -0.01218532 -0.08272791 +0.02089006 +0.06849948 -0.01604833 -0.05912696 -0.02454525 +0.03936255 +0.06113635 -0.07342190 -0.12889536 +0.01623708 +0.02510626 -0.02165185 -0.07056731 -0.10121360 -0.02004308 -0.01361977 +0.07497615 +0.09560259 +0.06961302 -0.05535407 -0.04758605 -0.00429170 +0.06230166 -0.05717776 -0.06258451 -0.03429208 -0.02628731 -0.00494383 +0.06223680 -0.05779728 -0.00800619
-0.01497464 -0.03686231 +0.04686435 +0.01599913 +0.06578229 -0.03349496 -0.04535640 -0.02610952 +0.00543666 -0.04013455 -0.02056188 -0.00653876 -0.03149409 -0.04033654 +0.04720572 +0.06071518 +0.02188929 +0.02996863 -0.01256776 +0.00951746 +0.06468593 +0.05341016 -0.04520867 +0.04287381 +0.02881059 -0.07078258 +0.02105173 -0.02125337 +0.02576671 +0.04441296 -0.06615814 +0.00603219 -0.03435064 +0.00151948 +0.00546362 +0.00246704 +0.02244502 -0.04600995 -0.02262868 -0.02709273 -0.01340758 +0.02674909 -0.02167935 -0.02653159 -0.00298007 -0.03786691 +0.01691556 -0.02374626 +0.03295910 +0.06632152 +0.01690093 +0.05525867 +0.03145729 -0.07266138 -0.00759299 +0.00498894 +0.04014017 +0.09567536 -0.06611680 -0.06362883 +0.00191503 -0.01653446 -0.03758359 -0.02275592 -0.00007437 -0.06533401 +0.06896184 -0.05337640 -0.05853691 +0.00387600 -0.02357989 +0.09063912 -0.03313293 -0.00205256 +0.05598916 +0.03154647 +0.03058951 -0.00986392 -0.00509057 -0.06121206 -0.04553476 -0.04720795 +0.00452966 +0.07116916 +0.04086747 -0.02443745 -0.03118351 +0.01903546 +0.04638065 +0.01109285 -0.03553592 -0.00234287 -0.04728806 -0.02433075 +0.01428628 +0.02521224 -0.00898203 +0.04220209 -0.00516476 -0.06645143 +0.02566186 -0.03581734 -0.03254130 -0.06018485 -0.05928337 -0.02374492 +0.02996727 +0.04642246 -0.04752182 +0.03778493 -0.03384683 -0.05774133 -0.03998708 -0.00830946 -0.06505309 -0.04858939 +0.00549909 +0.01628761 +0.03754342 -0.05571518 -0.03706382 -0.03651010 +0.02188421 -0.01669192 -0.01168438 -0.00691894 +0.03321254 -0.04015179 +0.01487147 +0.00583411 +0.05639470 +0.01058725 -0.00282946 -0.05033773 -0.01611774 -0.02253076 -0.05542035 +0.02530419 +0.03599647 -0.02706115 -0.00218911 +0.06245160 -0.03647143 -0.04137541 -0.04207554 +0.05068474 +0.00213835 -0.05529209 +0.04132207 -0.03984515 -0.01429142 -0.02883257 -0.03637951 +0.00565632 +0.02150860 -0.02009115 +0.05808406 -0.00690036 +0.00026554 -0.03485191 -0.02291039 +0.05379180 -0.02650966 -0.01285341 +0.02525191 -0.01418476 -0.05209494 -0.04090886 +0.06493798 +0.05072378 -0.00941797 -0.01706486 -0.02267475 -0.03926518 +0.04307320 +0.06587643 +0.05154957 +0.00067831 -0.00950509 -0.05722325 -0.03306710 +0.00421208 +0.04230055 +0.06916077 -0.00263518 -0.02765045 -0.05863185 +0.07632223 -0.04376683 -0.04537370 +0.02808955 +0.03259612 +0.00500323 +0.03089706 +0.02111900 +0.01722988 +0.04291160 -0.02268169 +0.04741343 +0.02271185 +0.03099722 -0.03720506 +0.04582250 +0.02350232 +0.01013444 +0.00741502 -0.06256236 +0.04889474 +0.03573723 -0.01095918 -0.02183093 +0.02480467 -0.03026313 -0.04025087 +0.04508732 -0.02952049 +0.01954509 -0.02452750 -0.03198067 +0.03702256 +0.03164139 -0.05645955 -0.02410648 -0.04459955 +0.03292331 -0.00239487 +0.02670461 +0.00042768 +0.03959253 +0.05713212 +0.01983104 +0.03333502 -0.01175483 -0.01951536 +0.04327589 +0.02935820 +0.01363135 -0.01703999 -0.06209778 -0.04239271 +0.06850408 +0.02619432 -0.03240003 +0.00678903 -0.02167566 -0.04520383 -0.02994320 -0.02682542 -0.05567581 -0.04974261 +0.01213569 +0.02238060 -0.05893992 +0.00925384 -0.05978493 +0.08030276
-0.05753770 -0.02983804 +0.08083843 -0.05014692 +0.05171474 -0.00771054 -0.03021473 -0.03096950 -0.00871039 -0.05094245 -0.05377535 +0.00049665 -0.00039201 -0.05385944 -0.02055891 +0.07087930 +0.02770487 -0.02093328 +0.07415418 -0.01113804 +0.06653464 -0.04753149 +0.02751291 +0.01592283 +0.10824302 +0.03103171 +0.00047885 +0.01773898 +0.07426242 -0.08816381 +0.00154859 +0.06217480 -0.03082763 +0.11808615 +0.02532895 +0.08265591 -0.05422025 -0.02726316 +0.01708056 -0.03632138 +0.03556760 -0.07640146 -0.01124971 +0.01368724 -0.06538250 -0.02333655 +0.02891574 +0.01775486 -0.04262856 +0.06269286 -0.03869523 -0.00548834 +0.01845602 +0.05779468 +0.04425183 +0.06692803 +0.00832263 +0.00617172 +0.04550044 -0.08180448 -0.04629618 +0.02967531 -0.04056323 +0.03105900 +0.01072675 -0.02812608 +0.04730551 +0.01267598 +0.04662689 -0.03535225 -0.07936416 +0.09056432 +0.08506063 +0.03587676 +0.00047568 -0.00798755 -0.03018569 -0.07561126 +0.04650901 -0.00583224 -0.01811434 +0.01157646 +0.00526996 +0.10765541 -0.07841752 +0.04874403 +0.06304439 +0.13483238 -0.03267274 +0.01923678 -0.01399787 -0.05390953 -0.02790165 +0.05203589 -0.01740591 +0.00591419 -0.00830475 -0.03794089 +0.10418434 -0.11084783 -0.03835153 -0.05390431 +0.05262306 +0.04046373 -0.04413768 -0.03093535 +0.02412884 +0.03702009 -0.01959396 +0.02543022 -0.05289892 +0.02956688 +0.02231971 -0.06538925 -0.10821836 +0.04404300 +0.06330600 -0.01039733 +0.09848505 -0.04394304 -0.04121375 +0.16292217 -0.01215549 -0.00886732 +0.00680626 +0.00089603 +0.03309034 +0.11503498 +0.03494063 +0.04040029 -0.06741595 +0.08355279 +0.06810205 +0.12939246 +0.01999805 -0.02275548 +0.03808283 +0.01140070 -0.02079253 -0.04839753 +0.01884717 -0.05840894 +0.00905405 -0.06445675 +0.05930617 +0.00286771 +0.04472219 +0.03562438 -0.03844697 +0.02396173 -0.07380831 -0.07411730 +0.02116069 +0.09601481 -0.05521923 -0.03888244 -0.04552252 -0.04322193 -0.02245914 -0.02361274 -0.02664485 +0.09887127 +0.11177357 -0.00751092 +0.09340537 -0.04471409 -0.04746082 -0.07576344 +0.02807162 -0.01159067 +0.06505572 +0.04977591 -0.07683108 -0.06977747 +0.02307872 +0.05016169 -0.02520727 +0.06814335 -0.00809368 -0.03231945 -0.04944718 -0.00345943 -0.01081127 -0.04825072 -0.03125576 +0.03907055 +0.00239879 -0.04633881 -0.00709162 +0.01051327 +0.01135429 +0.06406759 -0.07054232 +0.00569038 -0.06684016 +0.05950604 +0.09412418 -0.07651614 -0.03831891 +0.00061001 -0.06991643 +0.06203340 -0.05813407 +0.02333388 -0.05912150 -0.05535000 +0.12076754 -0.00335724 +0.04838798 -0.04952803 +0.02958522 +0.05524323 -0.01027616 +0.02285679 +0.03792892 -0.04737058 -0.02199524 -0.06064999 -0.02722977 +0.04599536 -0.05388776 +0.01833743 -0.05620035 -0.08983947 +0.02221880 -0.04445210 -0.04506547 -0.03408813 -0.04565192 +0.05981201 -0.06010476 -0.04094446 -0.04169056 +0.15699393 +0.03960824 +0.04418102 -0.00677759 +0.07025868 +0.03325270 -0.01069342 -0.00905567 +0.02087374 -0.07333165 +0.00560573 +0.03054555 +0.05010721 +0.04783636 +0.00124977 -0.01735593 -0.04705869 +0.02486091 -0.07180042 +0.02520196 +0.06368204 +0.08149587 -0.03539679
+0.06699304 +0.01119035 +0.08372971 +0.03755342 +0.02208435 -0.04030004 -0.05174612 -0.02044398 +0.05501368 -0.01939649 +0.08872940 +0.01077531 +0.02392528 +0.01936148 +0.01302271 +0.07780769 -0.01915718 -0.02065350 +0.08865903 +0.00543838 +0.06220760 +0.04064078 -0.02327904 -0.05362507 +0.08085261 +0.10159958 -0.00306918 -0.00160288 -0.00035579 +0.00904755 +0.00753699 +0.02955874 +0.02974932 +0.06596932 +0.06642924 +0.05635767 -0.03243976 +0.02570751 +0.03275363 -0.00672576 +0.05762463 -0.10261986 -0.00801556 -0.05010740 +0.10014497 +0.03308761 -0.05831019 -0.02441959 +0.02650694 -0.00457302 +0.06244822 +0.01897775 -0.02513547 +0.02804780 -0.03695181 +0.04979978 +0.01425289 -0.03709184 +0.02319199 -0.02646840 +0.06711552 -0.04648419 +0.04052982 -0.00515799 -0.04531549 -0.02070252 +0.07724169 +0.08009595 +0.03084090 -0.05125439 -0.04723736 +0.00453464 +0.10897510 +0.05376048 +0.00669049 -0.00143362 -0.07716317 +0.07641857 +0.13821174 -0.05507579 -0.09527026 +0.05215086 +0.08531936 +0.08734553 -0.03501083 +0.00234355 -0.03879858 +0.04002369 +0.00050652 -0.02171833 -0.04713301 +0.03364208 +0.06405785 +0.07884829 +0.04873977 +0.02170778 +0.00136893 -0.02095190 +0.08707241 -0.06920282 -0.06289063 -0.06342242 +0.09836718 -0.03058543 -0.08428094 -0.04959815 -0.08926935 -0.00799315 +0.06094563 -0.08564826 -0.04145280 -0.03834522 -0.00275480 +0.04843985 -0.09324276 +0.02337513 -0.04682993 +0.08430646 +0.09679487 -0.11855235 +0.00816878 +0.07233033 +0.03294024 +0.04769650 -0.01052567 -0.00419143 +0.06006839 -0.07333772 +0.02486447 +0.04397582 -0.04449912 +0.06225703 +0.01830114 +0.08313146 -0.03768373 +0.03962930 -0.04368598 +0.04253163 +0.03979348 +0.05302108 +0.06146736 +0.01168545 -0.08210845 +0.03918275 +0.08881162 +0.14682904 +0.00689100 +0.04375475 +0.02189348 +0.07782058 -0.04721948 -0.02897210 +0.00897497 +0.11685379 -0.00271143 -0.00858785 +0.02025699 +0.09032828 -0.01065597 +0.01756583 +0.03767747 +0.09721010 +0.04096339 -0.06715210 +0.02578884 +0.03457385 +0.00248762 -0.02071428 +0.01587453 +0.08720030 -0.05223342 -0.04870023 -0.04580489 +0.03941821 +0.06690755 -0.01335865 +0.06427810 +0.01804945 +0.07500243 +0.00579397 +0.04630577 +0.05084581 +0.00089920 -0.01653400 +0.00213935 +0.05097017 +0.04416565 -0.15172070 +0.07052466 -0.01258047 +0.11724630 -0.02310999 -0.06319423 +0.00246335 +0.05076221 -0.04789982 +0.07354348 -0.03829124 -0.01258941 +0.11039892 +0.04389873 +0.02977218 -0.02621482 +0.10082072 -0.09163401 -0.02138253 -0.01118580 -0.03356249 +0.04994669 -0.03730447 +0.01227973 +0.10488529 -0.02593015 -0.02408063 -0.03706383 +0.07420484 +0.03638808 -0.01635576 +0.03940104 +0.02179126 -0.04049484 -0.00307500 +0.03678104 +0.03944679 -0.08346310 +0.01032663 -0.03801329 -0.00828100 -0.03838132 -0.00208299 -0.04730621 -0.09450286 -0.01749617 +0.08531445 +0.00177176 -0.02421868 +0.01113330 +0.09402023 +0.06561036 -0.01587998 -0.04422786 +0.00164639 -0.07925659 -0.02707925 -0.02900217 -0.00699624 +0.05280149 -0.06317206 +0.00408995 -0.06051682 +0.10560624 -0.06521977 -0.03198669 +0.09862858 +0.12948342 -0.02722759
+0.04297943 +0.00612088 -0.03534986 -0.05455862 -0.01796685 +0.01201220 -0.03659472 +0.00728813 -0.01531263 +0.03517628 +0.04207965 +0.00056639 -0.05717159 +0.06021295 +0.04360750 +0.00876911 -0.06517883 +0.04805486 +0.05784217 +0.05527333 -0.01008359 +0.06634387 -0.06706566 -0.06954046 +0.00465198 +0.01510029 +0.02907091 -0.04561560 +0.06578601 -0.01652626 -0.01512840 +0.00610226 -0.01945169 +0.09834287 -0.02946344 +0.01212573 -0.02041681 -0.00037313 -0.04212512 -0.02411755 +0.04177309 +0.03542405 +0.07293036 -0.06630216 -0.07814072 -0.01964528 +0.00870293 +0.01350773 +0.00328211 -0.06058006 -0.01244837 +0.06330335 -0.02482537 -0.07258681 +0.04407452 -0.01943241 +0.04058732 -0.08889710 -0.04517195 +0.02160540 -0.02421110 -0.03405909 +0.05220683 +0.05172231 +0.01288028 -0.00812075 +0.03551485 +0.00205669 +0.00353938 -0.07358834 +0.04629828 +0.01389396 -0.02535383 -0.04851551 +0.02046021 +0.09175675 +0.05395211 +0.01620504 +0.02422486 -0.07538264 -0.04991027 -0.03926414 +0.02545560 -0.03531535 -0.04401008 -0.02950007 -0.02050843 -0.00415499 -0.01414423 -0.01040764 -0.06258696 +0.02750567 -0.02250378 +0.06098774 +0.06996586 +0.00728672 -0.00094789 +0.00955445 -0.00885876 -0.03857097 +0.03039656 -0.02719283 +0.02240123 +0.00004200 +0.03743803 +0.05410095 +0.01685872 -0.01365100 -0.04437710 +0.01207387 +0.05992474 -0.03212634 -0.01887071 +0.02425436 +0.04848938 +0.02072001 +0.06492600 +0.08395509 +0.03768690 -0.06387533 -0.01636223 +0.07074212 -0.04295876 +0.00441424 -0.00190906 -0.01249516 -0.04685684 +0.05093913 +0.01356833 -0.05082456 -0.00378340 -0.04282764 +0.06132257 +0.05440754 -0.07414864 -0.05958550 -0.05157884 -0.06211407 +0.05422436 -0.00964124 +0.04389255 -0.04147028 +0.04706873 +0.06643226 -0.00598563 -0.04080046 -0.03069534 +0.01969201 +0.02891020 +0.01735901 -0.07653833 +0.01639834 -0.03081540 -0.00938110 +0.03955186 +0.00785258 +0.03443869 +0.05613513 +0.07462898 -0.05497503 +0.00557699 -0.01168471 +0.03987189 -0.01601290 +0.04969100 -0.04155944 -0.06558144 -0.06294953 -0.03069349 +0.00176772 -0.03810873 +0.01107608 -0.02161993 -0.02253185 -0.01634722 -0.00258196 +0.01958275 -0.05832929 +0.06077143 +0.01977308 +0.00741052 -0.00251492 -0.02494151 +0.02193068 +0.00696823 -0.04019448 +0.06846974 +0.09045903 -0.04278855 +0.01982956 +0.01813129 +0.03210152 -0.09843811 -0.03803865 +0.03627558 -0.07394782 -0.03351361 +0.00391694 -0.08162062 -0.03332005 -0.07702857 +0.06791849 +0.02615817 -0.00074654 +0.08455100 +0.01481732 -0.01292748 -0.03495305 +0.01156665 -0.00678441 +0.00175232 +0.00909323 -0.02676782 +0.02638953 +0.05073211 -0.02832095 +0.01443802 -0.03348709 -0.03636463 +0.03125364 -0.03105162 -0.01436263 -0.04256472 +0.04324179 -0.01717444 -0.00542787 -0.05940596 +0.06816495 -0.07564456 -0.03835319 +0.05778900 +0.00416913 +0.06159402 -0.00665632 +0.03396589 +0.02390398 +0.07665570 -0.00202840 +0.04272186 +0.03928291 -0.03741788 -0.05690014 -0.01140176 -0.00591695 -0.02994448 -0.02100829 +0.01778615 -0.05559464 +0.00034995 +0.01126085 +0.03352442 +0.03659253 +0.07753541 -0.05368688 +0.00178780 -0.04249723
-0.00539722 +0.01451108 +0.08324529 +0.01134726 -0.00219779 +0.06115901 -0.16093004 -0.01651399 +0.09311789 +0.04379627 +0.06051515 -0.08332852 +0.07243749 +0.03352650 +0.04663873 +0.11235631 +0.05242473 +0.00397603 +0.04696509 +0.13198477 +0.06940710 +0.08856655 -0.06803228 -0.12035315 -0.04460042 +0.07978634 -0.05583330 -0.00681131 +0.05847462 -0.03947505 +0.02762343 +0.03224745 -0.05376711 -0.02155825 +0.02671372 +0.03572809 -0.02797584 +0.02526955 +0.05253516 +0.08514452 -0.00888088 -0.05763490 +0.12142214 -0.09309792 -0.02121196 -0.06808768 -0.00020945 -0.07454996 +0.05379771 +0.00973419 +0.00873573 -0.04814586 -0.01262717 -0.01251608 +0.03857628 -0.04115351 +0.08346841 -0.10812969 +0.00192744 +0.01669028 +0.10476880 -0.03528066 +0.02456770 +0.04535254 -0.06823378 -0.13322422 +0.00170243 +0.10613985 -0.01370452 -0.02354391 +0.01299352 -0.12350303 -0.03680657 +0.03592006 -0.05448633 -0.04871024 -0.04064832 +0.06245565 +0.06954700 -0.03122156 -0.03594391 +0.01361893 +0.06116088 +0.01096985 +0.00085052 +0.04985333 +0.03841411 +0.00291730 +0.00482613 +0.08225962 +0.03746044 +0.04114865 +0.02499129 -0.00877812 +0.05357229 +0.04659612 -0.06009213 +0.05398616 -0.05468157 +0.02481239 -0.03313170 -0.09402381 +0.07059969 +0.01704490 -0.02534217 +0.02708523 -0.07102830 +0.05120313 -0.04692348 -0.04781133 +0.07505794 +0.03672293 -0.00855283 +0.09278218 +0.05891348 +0.03031483 -0.07946404 +0.10718513 +0.05990819 -0.05486612 +0.07728246 -0.07317966 +0.00279202 +0.07898095 +0.01922175 +0.06034580 +0.04760623 -0.06063317 -0.05568173 +0.12111838 -0.02534308 -0.06503064 +0.12688649 +0.01072432 +0.02012770 +0.03020647 +0.01825656 -0.02386557 -0.04565233 +0.06522545 +0.06716268 -0.09055438 -0.10813769 +0.13994266 +0.11245097 -0.00795620 -0.06608607 -0.05937992 -0.00484701 +0.03768595 +0.07007159 -0.02627092 +0.08055104 +0.00821836 +0.02381724 +0.04105322 +0.10885857 +0.04380251 +0.05432096 -0.01192740 +0.03517647 +0.05933094 +0.01073208 -0.05119130 +0.01059430 +0.04961148 +0.06958367 +0.04223093 -0.04003038 +0.09450942 -0.05934960 +0.01226746 -0.00112046 +0.01641631 +0.08347490 -0.00660816 +0.02820883 -0.05384238 -0.02604111 +0.00470986 -0.00474547 -0.05030321 +0.05227457 -0.12747955 +0.11958281 -0.10545971 -0.05521465 -0.05340301 -0.02686996 -0.05408324 +0.01849077 +0.05613122 -0.00244855 -0.00969808 +0.05024914 -0.01661146 +0.03261955 +0.00700206 -0.14154914 +0.01774003 +0.01276131 +0.06218608 -0.02091898 -0.05345623 +0.02808086 -0.02777301 -0.10211688 -0.09277588 -0.02762945 -0.07373817 -0.05710984 +0.06185227 +0.06173517 -0.01375136 +0.03007378 +0.09810391 +0.01058184 +0.03172911 -0.04109273 +0.01766014 +0.04314129 -0.09882189 -0.01878715 +0.04548405 +0.03287347 -0.05130637 -0.06160485 -0.08487081 +0.05665220 -0.01532523 +0.05537602 +0.01056878 +0.03100342 +0.00965566 +0.03677262 +0.03947349 +0.07145248 +0.10078765 -0.01228561 -0.04617931 +0.07855396 +0.00756579 -0.01867774 -0.02383133 -0.02588258 +0.07571741 +0.07584516 -0.04366582 +0.01623208 -0.00459205 +0.05878703 +0.03078155 -0.02048342 +0.02205701 +0.03458100 +0.00961954
+0.04238939 -0.04104378 -0.00834885 +0.03561059 -0.02189043 +0.05405162 +0.04879589 +0.04792723 -0.00056507 +0.02832728 +0.03674039 -0.03636950 +0.00203342 -0.01603420 -0.04317208 +0.01853719 -0.02443986 +0.00393584 +0.03920833 +0.04087787 +0.00226524 +0.01625572 +0.00136187 +0.01720303 -0.01319833 +0.02854980 -0.02800531 -0.00473120 +0.05446500 +0.03502100 +0.00012750 -0.05092963 -0.00657162 -0.06091666 -0.03326964 -0.01258921 +0.04705660 +0.02961496 +0.06247003 +0.03163153 +0.01712059 +0.02411870 -0.05542853 +0.00093495 +0.00697248 +0.01584644 -0.02964706 +0.04767436 +0.01612764 +0.06869546 +0.00560364 +0.01648138 -0.01850864 -0.03493993 +0.00170157 +0.05943448 -0.05418840 +0.03213082 -0.00976659 -0.00459205 -0.04131899 -0.01015667 -0.01227965 +0.04044058 -0.06156350 -0.03477547 -0.03600786 -0.00633348 -0.02622784 -0.03899778 +0.00423978 -0.05346367 +0.02401993 +0.05519597 -0.01039565 +0.05367673 +0.02961498 +0.00918488 +0.02215865 +0.06097437 +0.01021022 +0.01899344 +0.05444448 -0.04700362 -0.04019736 +0.04709109 -0.04066016 -0.06538524 -0.03940206 -0.03162457 -0.05884207 -0.02517743 -0.00896227 -0.03431430 -0.03902240 -0.01541019 +0.03041306 +0.01721882 +0.00325843 -0.00769674 +0.02468144 -0.00201378 -0.01487026 +0.04990577 +0.01788667 -0.02499830 -0.06200453 -0.03714778 -0.02222371 -0.00144975 +0.00787899 +0.00408685 +0.02995286 -0.05054161 -0.00323038 +0.00079605 +0.03718005 -0.03848830 +0.03824466 +0.05521611 -0.00653456 -0.04623380 +0.05258383 +0.01283384 -0.01108216 +0.01343095 -0.01678731 -0.05240184 -0.01630432 +0.06380139 +0.05351215 -0.02347929 +0.02810706 +0.02613382 -0.01680454 -0.06118650 -0.01813856 -0.04627216 -0.05535115 -0.01037296 -0.01913833 +0.04064813 -0.05719621 -0.05506456 +0.03706976 +0.05650118 -0.02391688 +0.04681073 +0.02655744 +0.00817858 +0.01704413 +0.01783967 -0.00289656 -0.05024394 +0.05267890 -0.03322975 -0.05688854 +0.01923034 -0.02523732 +0.06022717 +0.02451139 +0.02861495 -0.03467511 -0.03637776 +0.00878266 -0.03988722 +0.03282166 +0.04022807 -0.05579647 +0.02785939 -0.03950376 +0.00384811 +0.05368964 -0.05122746 -0.04366194 -0.03023592 +0.01922486 -0.00136025 -0.02284200 +0.03511070 -0.00893202 +0.00672428 +0.03691135 -0.04966059 -0.00100133 -0.05078293 -0.04670569 -0.04784301 +0.04611314 -0.05524155 -0.02909402 +0.00198322 +0.06837729 -0.01682872 -0.01465187 -0.01107462 -0.02160317 +0.01004359 +0.04084426 +0.04701366 -0.03589502 -0.01760298 -0.05970632 -0.03289964 -0.05203995 +0.00443931 -0.03704610 -0.04466093 -0.03823648 -0.05665785 +0.02667885 -0.05740552 -0.03144167 +0.04169682 +0.02683416 -0.02266560 -0.04560931 +0.00249594 +0.04778833 -0.04082082 +0.04562190 -0.03068151 -0.03487949 -0.04464677 +0.00749284 -0.02113514 -0.02732925 +0.03641469 +0.01450737 -0.02264084 -0.04998270 +0.00883244 +0.05109249 -0.00477711 -0.05273353 +0.05080649 -0.06120781 +0.03056948 +0.03010407 +0.00136941 +0.01791939 +0.03662388 +0.00905213 -0.05182805 +0.01374017 +0.03521584 +0.01046345 -0.03541200 +0.00329786 -0.04263970 +0.01122346 -0.04701973 -0.05662596 -0.00026551 -0.01210379 +0.01143098
-0.03571875 +0.01906670 +0.02407431 +0.01500697 -0.06460243 +0.08030719 +0.00004994 -0.03349759 +0.07143573 -0.06309167 +0.00957605 -0.07632008 +0.00987763 -0.03121087 +0.05947812 +0.09663992 -0.00602637 -0.06615908 -0.01126704 +0.00794396 -0.02055768 -0.02992884 -0.09006228 -0.03851311 -0.03662317 +0.07545278 +0.02524396 +0.06874240 -0.00768269 -0.07031383 +0.03384953 -0.02210984 +0.03677884 -0.02388008 +0.04423764 -0.02744395 +0.03591070 -0.09545843 +0.04884950 +0.05571334 -0.01230775 -0.11760315 +0.02285109 -0.11584371 +0.01795665 -0.01486725 -0.03531421 +0.01548819 +0.02575413 -0.01809137 -0.02378671 -0.04088649 +0.01140085 +0.03009897 +0.03030475 -0.00780070 -0.01580654 +0.04230944 -0.03846469 +0.03221325 -0.00902701 -0.08908255 +0.03522355 -0.00011423 -0.01705237 -0.02296120 +0.00334777 +0.07320069 +0.03890930 +0.01695126 +0.09653588 -0.06685547 -0.00609451 -0.05706176 +0.02488687 -0.05087989 +0.00681884 -0.00116609 +0.00860526 -0.07315569 -0.04876169 +0.03084415 +0.07386938 -0.02546718 -0.01089739 +0.07221378 -0.04267644 +0.04028750 -0.03646503 -0.06558809 -0.01581604 -0.06779850 -0.10905804 -0.02507169 -0.02719387 -0.01713935 +0.03812850 +0.01808317 -0.04764320 +0.03210186 +0.01036807 +0.02242780 +0.01146641 +0.03860722 +0.04911958 -0.01276558 -0.04988919 -0.08219804 +0.01686194 -0.07432877 -0.05573423 +0.03340102 +0.03574984 +0.04316508 -0.03112064 -0.07921156 +0.02646153 +0.03753846 -0.01579528 +0.01130432 +0.04388839 +0.03896289 -0.00065999 +0.06359571 +0.00940801 -0.01010843 -0.02377211 +0.03947602 -0.05800961 +0.02759169 +0.02980231 -0.03856831 +0.02836438 +0.02383568 +0.02425237 -0.05158113 -0.03684648 -0.00454581 +0.04044390 -0.02820752 -0.02877547 +0.02491927 +0.04855017 +0.05700796 +0.02423696 +0.04387532 +0.03922201 +0.02673975 +0.02662062 -0.02645877 -0.05440268 -0.06726433 +0.03799687 -0.07469945 -0.02617436 -0.05291492 +0.05752638 -0.04018985 -0.02347596 -0.02434457 -0.04037414 +0.04019903 +0.03439324 +0.07473634 +0.04955303 +0.07781260 -0.00712795 +0.01743141 -0.05882429 +0.00940868 -0.04500601 -0.05715671 -0.04526541 -0.04428790 +0.03981587 -0.00566544 +0.01628965 +0.05555850 -0.01594675 +0.01013622 -0.05669298 -0.00800982 -0.01692148 +0.06232386 +0.03053256 +0.03073249 -0.03007827 +0.02746530 -0.05435057 +0.10770686 -0.00613291 +0.05799478 -0.00249925 -0.00902600 +0.00370122 -0.01709615 -0.00937490 +0.00802554 -0.07283708 +0.05202280 +0.02441546 -0.02049835 +0.03960434 +0.05413001 -0.02732806 +0.04194422 +0.06129206 -0.05047104 -0.02208987 -0.00844737 +0.05365960 -0.00652980 +0.06520954 +0.02835871 +0.02234201 +0.07169754 -0.03787126 +0.00088887 +0.04332510 +0.05644938 -0.02817388 +0.02413786 -0.02579158 -0.02523951 +0.01645074 +0.00310785 +0.00416083 +0.03030976 +0.01799889 +0.02155481 -0.02703579 +0.08296062 -0.01981400 +0.00424383 +0.01612725 -0.03188173 +0.00281237 -0.08079866 +0.01675439 -0.01923344 -0.03854362 -0.03220920 +0.05340089 -0.02412819 -0.02101982 +0.04792335 -0.00813028 -0.02028334 +0.02220830 -0.04154561 +0.02013937 -0.01749499 -0.04225220 -0.08123560 +0.00788889 -0.08090360
-0.04564530 -0.06168188 -0.03531017 +0.03385200 +0.04280386 +0.02960876 +0.06129983 +0.01990279 +0.04416475 +0.00026708 -0.09891253 -0.05428895 -0.05987339 -0.04520224 -0.08201957 -0.08544860 +0.08766683 +0.07117785 -0.00558838 -0.02578783 -0.01092651 -0.07247386 +0.02928543 +0.10550401 +0.04307689 +0.09745126 +0.06054327 -0.01248533 +0.04433873 +0.07844517 -0.02561114 -0.11574201 +0.03114398 +0.03129729 +0.11039647 +0.05922507 -0.02570632 -0.05789167 -0.03775526 +0.04761118 -0.01641096 -0.00911773 -0.00715471 -0.00912381 +0.03555242 +0.00417833 -0.00730167 -0.05122684 +0.06464979 -0.06739087 +0.06361564 +0.04601114 -0.01334464 +0.02161852 -0.02047478 -0.11450829 +0.06311541 -0.03162948 -0.06552190 -0.06332779 +0.05788491 +0.03509801 -0.03571943 -0.05285646 +0.08904573 -0.00161091 +0.09229193 -0.03947856 +0.01369380 +0.08092727 -0.05436264 -0.05797195 -0.04328421 -0.05763753 +0.02034729 -0.02607455 -0.06783681 +0.10423759 -0.00059974 +0.03084523 +0.01143584 -0.00652823 +0.07468966 +0.09813274 +0.04176991 -0.00478087 -0.03672345 +0.10203776 +0.01687703 -0.02699184 +0.02936934 -0.01692658 -0.00813717 -0.00890287 +0.02351458 -0.04615715 +0.01008654 -0.00958640 -0.02615343 +0.04114834 -0.00443570 -0.00220675 -0.02807110 +0.02467947 -0.07707285 +0.11781747 +0.06619795 +0.07532351 +0.02559487 +0.06065088 +0.04387835 +0.06188545 -0.00385721 +0.02423283 +0.09947728 +0.00326513 +0.07845002 -0.03514469 +0.08440488 +0.04439332 +0.00459293 +0.04811767 -0.04515205 +0.02221769 -0.03936152 -0.00396652 -0.01349801 +0.04003892 -0.02155125 -0.01256732 +0.03982813 +0.02988277 -0.10982892 +0.01943596 +0.04019706 -0.00991450 -0.01642077 -0.02945144 +0.08673865 -0.02611810 +0.01315287 +0.07340129 +0.03115788 +0.01280289 -0.01224937 +0.04916221 +0.08017581 -0.06134229 +0.03143607 -0.06582762 -0.05188472 -0.03531069 +0.04887365 -0.01120946 -0.09391120 +0.04359969 +0.00503470 -0.01916413 -0.05903515 +0.01930633 -0.04549698 -0.03245280 -0.09214488 -0.08007787 +0.05571827 +0.03088449 +0.00683479 -0.03737034 +0.04042814 -0.01823282 +0.06069471 -0.04382996 +0.07463691 -0.03262232 -0.04349908 +0.03086622 +0.04484883 +0.03464084 +0.01091987 +0.05783845 -0.05451022 -0.03547035 -0.00999967 -0.03086260 +0.03532661 +0.00609540 -0.01241708 -0.05234992 -0.06900506 -0.05268344 -0.00879002 -0.05715468 +0.01769401 -0.06947074 +0.02905433 -0.01733583 -0.02858793 -0.03192826 +0.01782609 -0.03741178 -0.04443324 +0.03049609 -0.01038252 -0.02948786 +0.02308408 +0.03280113 +0.00308655 +0.02788003 +0.01438301 +0.03051519 +0.00380200 -0.01624838 -0.03159435 +0.08196286 +0.00779832 +0.02439168 +0.00499003 +0.02682766 +0.04833709 +0.02508582 -0.04433810 +0.08747222 +0.06562978 -0.07919957 +0.04426735 +0.09509817 -0.06504875 +0.04929846 +0.07075896 +0.04129683 -0.07134870 +0.00726288 +0.04873299 -0.02525171 +0.04327563 -0.08949208 +0.00378233 -0.03240727 -0.05998953 +0.06381693 +0.02652667 -0.02262521 -0.06857699 +0.01431252 +0.07257957 -0.01261954 -0.02702762 +0.00822738 +0.03945763 +0.07145041 -0.02934026 -0.05753043 +0.05692297 +0.04680485 +0.10193941 +0.02568274
+0.02502638 +0.00194074 -0.05482363 -0.03119834 +0.02722442 +0.02790900 -0.03197835 +0.04738109 -0.01399998 -0.01573427 -0.02351845 -0.00557298 +0.01121002 -0.04011880 +0.06088562 -0.00592674 -0.05194910 +0.05646888 -0.00757754 -0.02667320 +0.02030400 -0.00494615 +0.03850955 +0.00224607 +0.04152317 -0.00193061 -0.06107008 -0.00074472 -0.03981287 +0.00454385 +0.00865945 +0.05835335 +0.04183683 -0.04029499 -0.01143702 +0.06035492 +0.02188085 -0.03683942 +0.01904862 +0.04393279 -0.04293178 -0.03824302 -0.01615399 -0.01114123 -0.05251811 +0.01509979 +0.00445789 +0.01092393 -0.05000484 +0.01625853 -0.04716468 -0.04257092 -0.01090121 -0.00023119 +0.00616615 -0.02191990 +0.03994109 -0.03008137 +0.00857332 -0.06017108 -0.03421820 -0.02043365 -0.01243709 -0.04640158 +0.06448653 +0.00765146 +0.06254619 -0.04496056 +0.01242115 -0.03262538 -0.03889845 +0.01327770 +0.06184792 -0.01292763 +0.02659079 +0.01198913 +0.00754063 -0.00588176 -0.04945980 +0.05369172 +0.02871431 -0.03683949 +0.01891067 +0.00526412 -0.05534682 +0.03052357 +0.02843031 +0.03499560 +0.05361862 +0.05958943 -0.05073523 -0.02802874 -0.05041861 -0.02756657 +0.04415026 +0.03280241 -0.04667014 -0.03736945 +0.04762137 -0.05165840 +0.00034228 +0.05885205 +0.02258094 -0.05806498 -0.02215925 -0.04238278 -0.06024407 +0.03983717 -0.01211237 +0.02184746 +0.02213160 -0.01401383 -0.03785346 -0.02737075 -0.04284970 +0.00815017 +0.00803624 -0.01589019 -0.04497376 -0.02660389 +0.03784652 -0.01825613 -0.05948300 -0.01753920 -0.02693812 +0.00802024 -0.00578666 +0.01407618 +0.05686877 +0.05010812 +0.02810270 -0.00605827 +0.00014273 -0.01642463 -0.02324888 -0.00834898 -0.04794626 -0.05388670 +0.03570797 -0.04473914 -0.01470596 -0.00482803 +0.00712782 +0.00867061 -0.00027362 +0.04305395 -0.04410614 -0.03332798 -0.04773806 +0.00670840 +0.04249903 -0.03693505 -0.02655204 -0.02411539 -0.01013141 -0.05671716 +0.00151962 +0.06398860 -0.00863946 -0.01126624 +0.01309866 -0.03326958 +0.05147298 -0.04591054 -0.02918289 -0.04959028 -0.02758852 +0.01533975 -0.00826699 -0.00107180 -0.03655696 -0.04451905 +0.05698379 -0.05627553 -0.00976306 -0.01577938 -0.05391759 +0.02570032 +0.01342155 -0.03801138 +0.01025766 +0.03478766 -0.04035218 -0.01757728 +0.03229341 -0.06356298 -0.04630729 +0.00991951 +0.01229564 -0.03927231 -0.04855598 +0.01705681 -0.02619222 +0.06243153 -0.01414653 -0.03349764 +0.01982041 -0.02838663 +0.02912032 -0.00177781 +0.02023618 -0.00470242 -0.05172154 +0.04947453 -0.00261124 +0.00662849 +0.01732067 +0.03884734 +0.00209180 +0.01104888 -0.03866028 -0.03519586 +0.02366419 +0.03795316 +0.05053208 -0.03152290 +0.00465274 -0.00578232 +0.03346292 -0.04718199 -0.01594622 -0.00027012 +0.01030182 +0.04138303 +0.00984752 +0.03212459 +0.00214631 +0.01930571 +0.04973521 +0.02133210 +0.01316920 -0.04829902 -0.05749562 +0.00805544 -0.02467982 +0.05453178 +0.01758381 +0.01884712 -0.00931623 -0.04314189 +0.05093921 +0.04505936 +0.05754423 -0.04012993 -0.04549524 +0.02891471 -0.00106926 -0.01114060 -0.02014268 +0.02877787 -0.06404987 -0.00474628 +0.07024799 +0.02750827 -0.00606501 +0.04423171

